Date,Open,High,Low,Close,Adj Close,Volume
1980-01-02,15.057360649108887,15.41586971282959,14.937858581542969,14.937858581542969,4.220117092132568,1723808
1980-01-03,14.937858581542969,15.176863670349121,14.639101028442383,15.176863670349121,4.287637233734131,2553495
1980-01-04,15.176863670349121,15.236616134643555,15.057360649108887,15.146988868713379,4.279201984405518,1978195
1980-01-07,15.146988868713379,15.146988868713379,14.967734336853027,15.087237358093262,4.262320041656494,1480718
1980-01-08,15.087237358093262,16.13288688659668,14.967734336853027,16.103010177612305,4.549286365509033,2968130
1980-01-09,16.103010177612305,16.252389907836914,15.625,15.625,4.414242744445801,3380672
1980-01-10,15.774378776550293,16.192638397216797,15.774378776550293,16.13288688659668,4.557727813720703,2219194
1980-01-11,16.13288688659668,16.31214141845703,15.6847505569458,16.013383865356445,4.523967266082764,2280280
1980-01-14,16.013383865356445,16.073135375976562,15.83413028717041,15.983509063720703,4.51552677154541,1663977
1980-01-15,15.983509063720703,16.79015350341797,15.893880844116211,16.760276794433594,4.734970569610596,3922500
1980-01-16,16.760276794433594,16.939531326293945,16.670650482177734,16.73040199279785,4.726532936096191,6284368
1980-01-17,16.73040199279785,16.82002830505371,16.5511474609375,16.5511474609375,4.675891876220703,2564792
1980-01-18,16.5511474609375,16.670650482177734,16.401769638061523,16.64077377319336,4.701210975646973,2732570
1980-01-21,16.64077377319336,16.700525283813477,16.491395950317383,16.491395950317383,4.659008026123047,1557285
1980-01-22,16.491395950317383,16.700525283813477,16.491395950317383,16.491395950317383,4.659008026123047,1766066
1980-01-23,16.491395950317383,17.029159545898438,16.491395950317383,17.029159545898438,4.8109331130981445,2218357
1980-01-24,17.029159545898438,17.088909149169922,16.760276794433594,16.879779815673828,4.768733501434326,2291158
1980-01-25,16.879779815673828,16.909656524658203,16.700525283813477,16.760276794433594,4.734970569610596,1405406
1980-01-28,16.760276794433594,17.208412170410156,16.760276794433594,16.969406127929688,4.794055938720703,1522976
1980-01-29,16.969406127929688,17.05903434753418,16.581022262573242,16.82002830505371,4.751852989196777,1496617
1980-01-30,16.82002830505371,16.879779815673828,16.64077377319336,16.82002830505371,4.751852989196777,1452266
1980-01-31,16.82002830505371,16.999282836914062,16.31214141845703,16.401769638061523,4.633689880371094,2451824
1980-02-01,16.401769638061523,16.610898971557617,16.342016220092773,16.581022262573242,4.684329509735107,1513353
1980-02-04,16.581022262573242,16.64077377319336,16.401769638061523,16.521272659301758,4.667449474334717,1205829
1980-02-05,16.521272659301758,16.64077377319336,16.431644439697266,16.64077377319336,4.701210975646973,1595778
1980-02-06,16.491395950317383,16.491395950317383,16.192638397216797,16.342016220092773,4.6745452880859375,2133003
1980-02-07,16.31214141845703,16.31214141845703,16.04326057434082,16.04326057434082,4.5890889167785645,2145555
1980-02-08,16.04326057434082,16.162763595581055,15.83413028717041,16.073135375976562,4.597635269165039,2631318
1980-02-11,16.073135375976562,16.13288688659668,15.893880844116211,15.953633308410645,4.563454627990723,1663140
1980-02-12,15.953633308410645,16.461519241333008,15.864006042480469,16.461519241333008,4.7087321281433105,1619626
1980-02-13,16.5511474609375,16.849903106689453,16.5511474609375,16.581022262573242,4.74291467666626,3376488
1980-02-14,16.581022262573242,16.79015350341797,16.28226661682129,16.28226661682129,4.6574554443359375,2008320
1980-02-15,16.252389907836914,16.252389907836914,16.04326057434082,16.162763595581055,4.623274803161621,2438435
1980-02-19,16.162763595581055,16.192638397216797,15.864006042480469,16.013383865356445,4.580545425415039,1878616
1980-02-20,16.04326057434082,16.192638397216797,16.04326057434082,16.073135375976562,4.597635269165039,1112944
1980-02-21,16.04326057434082,16.04326057434082,15.744503021240234,15.83413028717041,4.529266834259033,1502056
1980-02-22,15.83413028717041,15.83413028717041,15.654875755310059,15.774378776550293,4.512177467346191,1910833
1980-02-25,15.744503021240234,15.744503021240234,15.505496978759766,15.5652494430542,4.452356815338135,2273167
1980-02-26,15.5652494430542,15.625,15.445746421813965,15.535372734069824,4.44381046295166,2209152
1980-02-27,15.535372734069824,15.5652494430542,14.818355560302734,14.818355560302734,4.238710880279541,2881521
1980-02-28,14.848231315612793,15.296366691589355,14.848231315612793,15.146988868713379,4.332718372344971,2885705
1980-02-29,15.146988868713379,15.236616134643555,15.057360649108887,15.176863670349121,4.341261863708496,2729223
1980-03-03,15.176863670349121,15.176863670349121,14.967734336853027,14.997610092163086,4.289987564086914,1424652
1980-03-04,14.997610092163086,15.146988868713379,14.878107070922852,15.11711311340332,4.324169635772705,1873177
1980-03-05,15.087237358093262,15.087237358093262,14.758604049682617,14.818355560302734,4.238710880279541,1917946
1980-03-06,14.818355560302734,14.878107070922852,14.489723205566406,14.60922622680664,4.17888879776001,2876082
1980-03-07,14.60922622680664,14.788479804992676,14.549473762512207,14.579350471496582,4.170347690582275,2616255
1980-03-10,14.60922622680664,14.878107070922852,14.60922622680664,14.728728294372559,4.213074207305908,2055599
1980-03-11,14.728728294372559,14.878107070922852,14.6988525390625,14.878107070922852,4.255804061889648,2101623
1980-03-12,14.848231315612793,14.848231315612793,14.549473762512207,14.668976783752441,4.195981025695801,2073590
1980-03-13,14.639101028442383,14.639101028442383,14.310467720031738,14.370220184326172,4.110522747039795,2347224
1980-03-14,14.370220184326172,14.519598007202148,14.250717163085938,14.310467720031738,4.0934343338012695,2033006
1980-03-17,14.310467720031738,14.429970741271973,14.131214141845703,14.131214141845703,4.042159080505371,1735105
1980-03-18,14.131214141845703,14.40009593963623,14.011711120605469,14.250717163085938,4.076343059539795,2065222
1980-03-19,14.250717163085938,14.280592918395996,14.041586875915527,14.071462631225586,4.025067329406738,1541804
1980-03-20,14.071462631225586,14.161089897155762,13.862333297729492,13.922083854675293,3.9823389053344727,2005391
1980-03-21,13.892208099365234,13.892208099365234,13.444072723388672,13.563575744628906,3.879786729812622,6192320
1980-03-24,13.473947525024414,13.473947525024414,12.906310081481934,12.936184883117676,3.7003283500671387,3011643
1980-03-25,12.936184883117676,13.175190925598145,12.906310081481934,13.085563659667969,3.743054151535034,3138837
1980-03-26,13.085563659667969,13.354446411132812,12.54780101776123,12.667304039001465,3.62341570854187,3266030
1980-03-27,12.667304039001465,13.742830276489258,12.27892017364502,13.742830276489258,3.9310615062713623,3578575
1980-03-28,13.473947525024414,13.473947525024414,12.936184883117676,13.354446411132812,3.8199687004089355,2420026
1980-03-31,13.354446411132812,13.354446411132812,13.05568790435791,13.324569702148438,3.811422824859619,1627576
1980-04-01,13.324569702148438,13.324569702148438,13.025813102722168,13.115440368652344,3.7516021728515625,2257268
1980-04-02,13.115440368652344,13.384321212768555,13.05568790435791,13.26481819152832,3.79433012008667,15629332
1980-04-03,13.26481819152832,13.354446411132812,13.05568790435791,13.115440368652344,3.7516021728515625,1417539
1980-04-07,13.115440368652344,13.115440368652344,12.75693130493164,12.75693130493164,3.649052619934082,2294087
1980-04-08,12.75693130493164,13.324569702148438,12.667304039001465,12.7868070602417,3.6575980186462402,2184048
1980-04-09,12.7868070602417,13.085563659667969,12.75693130493164,13.05568790435791,3.734510898590088,2145974
1980-04-10,13.05568790435791,13.205066680908203,12.906310081481934,12.966060638427734,3.708876132965088,2112502
1980-04-11,12.966060638427734,13.145315170288086,12.7868070602417,12.7868070602417,3.6575980186462402,2726713
1980-04-14,12.7868070602417,12.8465576171875,12.607552528381348,12.667304039001465,3.62341570854187,1397874
1980-04-15,12.667304039001465,12.7868070602417,12.398423194885254,12.428297996520996,3.555046796798706,2426302
1980-04-16,12.428297996520996,12.637428283691406,12.189292907714844,12.219167709350586,3.4952266216278076,2812903
1980-04-17,12.219167709350586,12.33867073059082,12.03991413116455,12.249044418334961,3.503775119781494,1886984
1980-04-18,12.249044418334961,12.368547439575195,12.159417152404785,12.249044418334961,3.503775119781494,1723390
1980-04-21,12.249044418334961,12.33867073059082,12.06978988647461,12.249044418334961,3.503775119781494,2777339
1980-04-22,12.428297996520996,13.025813102722168,12.428297996520996,12.876434326171875,3.6832361221313477,3438411
1980-04-23,12.876434326171875,12.99593734741211,12.727054595947266,12.7868070602417,3.6575980186462402,3185698
1980-04-24,12.7868070602417,12.966060638427734,12.727054595947266,12.8465576171875,3.6746912002563477,1556448
1980-04-25,12.8465576171875,13.234943389892578,12.637428283691406,13.234943389892578,3.7857866287231445,1706235
1980-04-28,13.234943389892578,13.234943389892578,12.99593734741211,13.025813102722168,3.725966453552246,1941376
1980-04-29,13.025813102722168,13.175190925598145,12.936184883117676,13.115440368652344,3.7516021728515625,1250598
1980-04-30,13.115440368652344,13.175190925598145,12.816682815551758,13.115440368652344,3.7516021728515625,1467747
1980-05-01,13.115440368652344,13.115440368652344,12.8465576171875,12.99593734741211,3.717419385910034,1221310
1980-05-02,12.99593734741211,12.99593734741211,12.876434326171875,12.906310081481934,3.6917812824249268,1020059
1980-05-05,12.906310081481934,13.324569702148438,12.8465576171875,13.234943389892578,3.7857866287231445,1442643
1980-05-06,13.234943389892578,13.324569702148438,13.085563659667969,13.115440368652344,3.7516021728515625,1483646
1980-05-07,13.115440368652344,13.324569702148438,13.085563659667969,13.175190925598145,3.7686941623687744,1735523
1980-05-08,12.99593734741211,12.99593734741211,12.7868070602417,12.876434326171875,3.7416064739227295,1624647
1980-05-09,12.8465576171875,12.8465576171875,12.428297996520996,12.458173751831055,3.6200711727142334,4372280
1980-05-12,12.458173751831055,12.667304039001465,12.458173751831055,12.48805046081543,3.628753423690796,1298714
1980-05-13,12.517925262451172,12.727054595947266,12.517925262451172,12.727054595947266,3.6982033252716064,1839705
1980-05-14,12.727054595947266,12.7868070602417,12.667304039001465,12.667304039001465,3.680840015411377,1796191
1980-05-15,12.667304039001465,12.727054595947266,12.54780101776123,12.54780101776123,3.646113872528076,1780292
1980-05-16,12.54780101776123,12.667304039001465,12.54780101776123,12.667304039001465,3.680840015411377,1276120
1980-05-19,12.667304039001465,12.8465576171875,12.637428283691406,12.75693130493164,3.706883430480957,2090745
1980-05-20,12.75693130493164,12.7868070602417,12.577676773071289,12.607552528381348,3.663475751876831,2584457
1980-05-21,12.607552528381348,12.637428283691406,12.458173751831055,12.637428283691406,3.6721580028533936,1360218
1980-05-22,12.637428283691406,12.936184883117676,12.607552528381348,12.8465576171875,3.732924699783325,2388227
1980-05-23,12.876434326171875,13.145315170288086,12.876434326171875,13.085563659667969,3.8023757934570312,3353476
1980-05-27,13.115440368652344,13.294693946838379,13.115440368652344,13.205066680908203,3.8371007442474365,2743867
1980-05-28,13.205066680908203,13.533699989318848,13.175190925598145,13.473947525024414,3.9152328968048096,2643451
1980-05-29,13.414196968078613,13.414196968078613,12.99593734741211,12.99593734741211,3.776332139968872,1934263
1980-05-30,12.99593734741211,13.26481819152832,12.936184883117676,13.234943389892578,3.8457841873168945,1844307
1980-06-02,13.234943389892578,13.712953567504883,13.205066680908203,13.384321212768555,3.889190196990967,2853070
1980-06-03,13.384321212768555,13.653203010559082,13.384321212768555,13.473947525024414,3.9152328968048096,2738846
1980-06-04,13.503824234008789,13.892208099365234,13.503824234008789,13.892208099365234,4.036768913269043,3790286
1980-06-05,13.892208099365234,13.951959609985352,13.593450546264648,13.623327255249023,3.9586381912231445,2735081
1980-06-06,13.653203010559082,13.832456588745117,13.653203010559082,13.653203010559082,3.9673216342926025,1353106
1980-06-09,13.653203010559082,13.742830276489258,13.533699989318848,13.563575744628906,3.9412741661071777,1330094
1980-06-10,13.563575744628906,13.802580833435059,13.533699989318848,13.742830276489258,3.9933652877807617,1548080
1980-06-11,13.742830276489258,13.951959609985352,13.683077812194824,13.862333297729492,4.02808952331543,2138861
1980-06-12,13.862333297729492,13.951959609985352,13.683077812194824,13.862333297729492,4.02808952331543,2190742
1980-06-13,13.862333297729492,14.131214141845703,13.832456588745117,14.071462631225586,4.088857173919678,1888239
1980-06-16,14.071462631225586,14.429970741271973,14.041586875915527,14.429970741271973,4.193031311035156,3388622
1980-06-17,14.429970741271973,14.429970741271973,14.071462631225586,14.071462631225586,4.088857173919678,2247226
1980-06-18,14.071462631225586,14.280592918395996,14.071462631225586,14.250717163085938,4.140944480895996,2068988
1980-06-19,14.250717163085938,14.280592918395996,13.772706031799316,13.832456588745117,4.019406318664551,1402477
1980-06-20,13.832456588745117,13.951959609985352,13.802580833435059,13.832456588745117,4.019406318664551,1231351
1980-06-23,13.832456588745117,14.161089897155762,13.832456588745117,14.071462631225586,4.088857173919678,2290740
1980-06-24,14.071462631225586,14.19096565246582,13.981836318969727,14.19096565246582,4.12358283996582,1860625
1980-06-25,14.19096565246582,14.40009593963623,14.101338386535645,14.280592918395996,4.149625778198242,2393666
1980-06-26,14.280592918395996,14.40009593963623,14.131214141845703,14.161089897155762,4.114902496337891,2038445
1980-06-27,14.161089897155762,14.340344429016113,14.041586875915527,14.280592918395996,4.149625778198242,1427162
1980-06-30,14.220841407775879,14.220841407775879,13.951959609985352,14.041586875915527,4.080176830291748,1268170
1980-07-01,14.041586875915527,14.250717163085938,13.951959609985352,14.220841407775879,4.132262706756592,1702888
1980-07-02,14.220841407775879,14.579350471496582,14.19096565246582,14.489723205566406,4.210395336151123,2673994
1980-07-03,14.489723205566406,14.6988525390625,14.489723205566406,14.60922622680664,4.245119571685791,1948907
1980-07-07,14.60922622680664,14.878107070922852,14.579350471496582,14.818355560302734,4.305888652801514,2462284
1980-07-08,14.818355560302734,14.878107070922852,14.639101028442383,14.758604049682617,4.288523197174072,2104552
1980-07-09,14.758604049682617,15.027485847473145,14.639101028442383,14.6988525390625,4.2711615562438965,1999115
1980-07-10,14.6988525390625,14.90798282623291,14.639101028442383,14.728728294372559,4.279843807220459,1472350
1980-07-11,14.728728294372559,15.027485847473145,14.728728294372559,14.997610092163086,4.357975959777832,1804559
1980-07-14,14.997610092163086,15.535372734069824,14.997610092163086,15.535372734069824,4.5142388343811035,2112083
1980-07-15,15.535372734069824,15.595124244689941,15.236616134643555,15.236616134643555,4.427424907684326,2315007
1980-07-16,15.236616134643555,15.445746421813965,15.206740379333496,15.356119155883789,4.462150573730469,2210407
1980-07-17,15.356119155883789,15.6847505569458,15.296366691589355,15.6847505569458,4.55764102935791,1276120
1980-07-18,15.6847505569458,15.714627265930176,15.505496978759766,15.5652494430542,4.5229172706604,1833010
1980-07-21,15.5652494430542,15.774378776550293,15.356119155883789,15.774378776550293,4.583690166473389,1829245
1980-07-22,15.774378776550293,15.804253578186035,15.475621223449707,15.5652494430542,4.5229172706604,2313752
1980-07-23,15.5652494430542,15.625,15.385993957519531,15.505496978759766,4.505553245544434,1878616
1980-07-24,15.505496978759766,15.535372734069824,15.356119155883789,15.475621223449707,4.4968743324279785,1662722
1980-07-25,15.445746421813965,15.445746421813965,15.266490936279297,15.385993957519531,4.470828533172607,1572347
1980-07-28,15.385993957519531,15.595124244689941,15.296366691589355,15.535372734069824,4.5142388343811035,1133027
1980-07-29,15.535372734069824,15.654875755310059,15.385993957519531,15.5652494430542,4.5229172706604,1717950
1980-07-30,15.5652494430542,15.774378776550293,15.5652494430542,15.654875755310059,4.548961639404297,2325049
1980-07-31,15.625,15.625,15.385993957519531,15.595124244689941,4.531601428985596,2694914
1980-08-01,15.595124244689941,15.625,15.385993957519531,15.5652494430542,4.5229172706604,1885729
1980-08-04,15.535372734069824,15.535372734069824,15.41586971282959,15.475621223449707,4.4968743324279785,1563142
1980-08-05,15.475621223449707,15.625,15.32624340057373,15.356119155883789,4.462150573730469,1321307
1980-08-06,15.356119155883789,15.6847505569458,15.296366691589355,15.6847505569458,4.55764102935791,1676947
1980-08-07,15.6847505569458,15.714627265930176,15.475621223449707,15.714627265930176,4.626954555511475,2139698
1980-08-08,15.714627265930176,15.83413028717041,15.595124244689941,15.595124244689941,4.591774940490723,3118335
1980-08-11,15.595124244689941,15.953633308410645,15.5652494430542,15.953633308410645,4.697330951690674,1775690
1980-08-12,15.953633308410645,16.252389907836914,15.864006042480469,15.953633308410645,4.697330951690674,2940934
1980-08-13,15.953633308410645,16.13288688659668,15.893880844116211,15.953633308410645,4.697330951690674,1892005
1980-08-14,15.953633308410645,16.521272659301758,15.953633308410645,16.461519241333008,4.846872806549072,1977777
1980-08-15,16.461519241333008,16.521272659301758,16.31214141845703,16.431644439697266,4.838075160980225,2163128
1980-08-18,16.252389907836914,16.252389907836914,15.864006042480469,15.864006042480469,4.6709418296813965,2304966
1980-08-19,15.864006042480469,16.013383865356445,15.744503021240234,15.774378776550293,4.64455509185791,1891168
1980-08-20,15.774378776550293,16.22251319885254,15.744503021240234,15.983509063720703,4.7061262130737305,1421723
1980-08-21,15.983509063720703,16.192638397216797,15.92375659942627,16.13288688659668,4.75010871887207,1144742
1980-08-22,16.13288688659668,16.461519241333008,16.103010177612305,16.103010177612305,4.74131441116333,1713766
1980-08-25,16.103010177612305,16.13288688659668,15.92375659942627,16.04326057434082,4.723718643188477,1028846
1980-08-26,16.04326057434082,16.192638397216797,15.92375659942627,15.953633308410645,4.697330951690674,1979869
1980-08-27,15.953633308410645,16.013383865356445,15.744503021240234,15.744503021240234,4.635754585266113,2476510
1980-08-28,15.744503021240234,15.774378776550293,15.505496978759766,15.535372734069824,4.574182510375977,1765230
1980-08-29,15.535372734069824,15.6847505569458,15.475621223449707,15.654875755310059,4.609367847442627,1582389
1980-09-02,15.654875755310059,15.893880844116211,15.625,15.804253578186035,4.65334939956665,1222565
1980-09-03,15.804253578186035,16.13288688659668,15.804253578186035,16.13288688659668,4.75010871887207,1492851
1980-09-04,16.13288688659668,16.28226661682129,15.83413028717041,15.92375659942627,4.688535213470459,2295761
1980-09-05,15.92375659942627,16.073135375976562,15.804253578186035,15.893880844116211,4.679738521575928,1002905
1980-09-08,15.893880844116211,15.92375659942627,15.356119155883789,15.356119155883789,4.521405220031738,1057297
1980-09-09,15.356119155883789,15.83413028717041,15.32624340057373,15.804253578186035,4.65334939956665,1726318
1980-09-10,15.804253578186035,15.83413028717041,15.595124244689941,15.714627265930176,4.626954555511475,1575276
1980-09-11,15.714627265930176,15.864006042480469,15.714627265930176,15.864006042480469,4.6709418296813965,1782384
1980-09-12,15.864006042480469,15.893880844116211,15.714627265930176,15.744503021240234,4.635754585266113,1809162
1980-09-15,15.744503021240234,15.83413028717041,15.535372734069824,15.804253578186035,4.65334939956665,1363566
1980-09-16,15.804253578186035,15.864006042480469,15.595124244689941,15.6847505569458,4.618163585662842,1791589
1980-09-17,15.6847505569458,16.22251319885254,15.6847505569458,16.073135375976562,4.732519149780273,3470628
1980-09-18,16.073135375976562,16.103010177612305,15.83413028717041,15.893880844116211,4.679738521575928,4292784
1980-09-19,15.893880844116211,16.13288688659668,15.83413028717041,16.013383865356445,4.714925289154053,2296179
1980-09-22,16.013383865356445,16.342016220092773,15.893880844116211,16.28226661682129,4.794095039367676,2380278
1980-09-23,16.28226661682129,16.491395950317383,15.6847505569458,15.983509063720703,4.7061262130737305,3844678
1980-09-24,15.983509063720703,16.252389907836914,15.953633308410645,16.13288688659668,4.75010871887207,2291577
1980-09-25,16.13288688659668,16.22251319885254,15.804253578186035,15.804253578186035,4.65334939956665,2678597
1980-09-26,15.744503021240234,15.744503021240234,15.356119155883789,15.445746421813965,4.547793388366699,2896583
1980-09-29,15.356119155883789,15.356119155883789,15.146988868713379,15.236616134643555,4.486215591430664,2788218
1980-09-30,15.266490936279297,15.41586971282959,15.266490936279297,15.32624340057373,4.512609004974365,2167312
1980-10-01,15.32624340057373,15.6847505569458,15.206740379333496,15.445746421813965,4.547793388366699,2531738
1980-10-02,15.445746421813965,15.625,15.32624340057373,15.625,4.600570201873779,2000370
1980-10-03,15.654875755310059,16.013383865356445,15.654875755310059,15.83413028717041,4.662143230438232,2080285
1980-10-06,15.893880844116211,16.31214141845703,15.893880844116211,16.252389907836914,4.785297870635986,3090302
1980-10-07,16.252389907836914,16.31214141845703,16.04326057434082,16.192638397216797,4.76770544052124,2920432
1980-10-08,16.252389907836914,16.82002830505371,16.252389907836914,16.73040199279785,4.926043510437012,4895280
1980-10-09,16.73040199279785,16.939531326293945,16.670650482177734,16.760276794433594,4.934838771820068,4958040
1980-10-10,16.760276794433594,17.088909149169922,16.521272659301758,16.5511474609375,4.873261451721191,4619136
1980-10-13,16.5511474609375,16.909656524658203,16.5511474609375,16.849903106689453,4.961226940155029,1546406
1980-10-14,16.849903106689453,16.939531326293945,16.610898971557617,16.670650482177734,4.908445835113525,3005367
1980-10-15,16.64077377319336,16.82002830505371,16.64077377319336,16.82002830505371,4.952432155609131,1458961
1980-10-16,16.82002830505371,16.999282836914062,16.37189292907715,16.401769638061523,4.829281330108643,3888191
1980-10-17,16.401769638061523,16.581022262573242,16.192638397216797,16.252389907836914,4.785297870635986,2333835
1980-10-20,16.252389907836914,16.37189292907715,15.893880844116211,16.37189292907715,4.820483684539795,1976103
1980-10-21,16.37189292907715,16.461519241333008,16.13288688659668,16.252389907836914,4.785297870635986,2632573
1980-10-22,16.252389907836914,16.28226661682129,16.13288688659668,16.192638397216797,4.76770544052124,1837613
1980-10-23,16.192638397216797,16.192638397216797,15.6847505569458,15.744503021240234,4.635754585266113,1890331
1980-10-24,15.744503021240234,15.92375659942627,15.654875755310059,15.92375659942627,4.688535213470459,1941794
1980-10-27,15.893880844116211,15.893880844116211,15.714627265930176,15.804253578186035,4.65334939956665,1020059
1980-10-28,15.804253578186035,15.953633308410645,15.744503021240234,15.92375659942627,4.688535213470459,2037190
1980-10-29,15.92375659942627,16.04326057434082,15.654875755310059,15.654875755310059,4.609367847442627,1607074
1980-10-30,15.654875755310059,15.83413028717041,15.5652494430542,15.5652494430542,4.582978248596191,1648914
1980-10-31,15.595124244689941,16.073135375976562,15.595124244689941,15.92375659942627,4.688535213470459,2258523
1980-11-03,15.953633308410645,16.162763595581055,15.953633308410645,16.13288688659668,4.75010871887207,1588246
1980-11-05,16.252389907836914,16.79015350341797,16.252389907836914,16.37189292907715,4.882692337036133,4631688
1980-11-06,16.28226661682129,16.28226661682129,15.83413028717041,15.893880844116211,4.7401323318481445,2505798
1980-11-07,15.893880844116211,16.04326057434082,15.893880844116211,16.04326057434082,4.7846808433532715,1829663
1980-11-10,16.04326057434082,16.073135375976562,15.893880844116211,16.073135375976562,4.7935919761657715,1474442
1980-11-11,16.073135375976562,16.192638397216797,15.983509063720703,16.04326057434082,4.7846808433532715,1301642
1980-11-12,16.073135375976562,16.999282836914062,16.073135375976562,16.939531326293945,5.051980972290039,4493616
1980-11-13,16.939531326293945,17.118785858154297,16.79015350341797,17.029159545898438,5.078710556030273,5518696
1980-11-14,17.029159545898438,17.268163681030273,16.82002830505371,17.118785858154297,5.105441093444824,3778570
1980-11-17,17.118785858154297,17.148662567138672,16.879779815673828,17.118785858154297,5.105441093444824,3184024
1980-11-18,17.118785858154297,17.357791900634766,17.118785858154297,17.208412170410156,5.132171154022217,3575646
1980-11-19,17.208412170410156,17.387666702270508,17.029159545898438,17.05903434753418,5.0876240730285645,2695751
1980-11-20,17.05903434753418,17.268163681030273,16.879779815673828,17.208412170410156,5.132171154022217,2020035
1980-11-21,17.118785858154297,17.118785858154297,16.760276794433594,16.82002830505371,5.01634407043457,1580715
1980-11-24,16.82002830505371,16.82002830505371,16.610898971557617,16.82002830505371,5.01634407043457,2153923
1980-11-25,16.82002830505371,16.879779815673828,16.610898971557617,16.610898971557617,4.953970909118652,1968572
1980-11-26,16.610898971557617,16.670650482177734,16.401769638061523,16.431644439697266,4.900512218475342,2207897
1980-11-28,16.431644439697266,16.461519241333008,16.162763595581055,16.28226661682129,4.85596227645874,1687407
1980-12-01,16.252389907836914,16.252389907836914,15.893880844116211,15.893880844116211,4.7401323318481445,2096184
1980-12-02,15.893880844116211,16.252389907836914,15.83413028717041,16.22251319885254,4.838141918182373,2581946
1980-12-03,16.22251319885254,16.491395950317383,16.13288688659668,16.252389907836914,4.847051620483398,2343040
1980-12-04,16.252389907836914,16.610898971557617,16.13288688659668,16.342016220092773,4.873779773712158,2337601
1980-12-05,16.342016220092773,16.461519241333008,16.13288688659668,16.13288688659668,4.811413764953613,2008320
1980-12-08,16.073135375976562,16.073135375976562,15.774378776550293,15.864006042480469,4.731219291687012,2956833
1980-12-09,15.864006042480469,15.953633308410645,15.6847505569458,15.804253578186035,4.7133989334106445,3663092
1980-12-10,15.804253578186035,15.893880844116211,15.236616134643555,15.236616134643555,4.544113636016846,2040118
1980-12-11,15.236616134643555,15.41586971282959,15.11711311340332,15.41586971282959,4.597570896148682,3030471
1980-12-12,15.41586971282959,15.774378776550293,15.385993957519531,15.714627265930176,4.68666934967041,2546801
1980-12-15,15.714627265930176,15.864006042480469,15.41586971282959,15.41586971282959,4.597570896148682,1408334
1980-12-16,15.41586971282959,15.83413028717041,15.385993957519531,15.83413028717041,4.722311496734619,1914598
1980-12-17,15.774378776550293,15.774378776550293,15.475621223449707,15.595124244689941,4.651032447814941,2135514
1980-12-18,15.595124244689941,15.6847505569458,15.206740379333496,15.206740379333496,4.5352020263671875,2739683
1980-12-19,15.236616134643555,15.505496978759766,15.236616134643555,15.445746421813965,4.606482982635498,4230024
1980-12-22,15.445746421813965,16.073135375976562,15.41586971282959,16.04326057434082,4.7846808433532715,2281535
1980-12-23,16.04326057434082,16.28226661682129,15.983509063720703,16.073135375976562,4.7935919761657715,2452242
1980-12-24,16.073135375976562,16.431644439697266,16.013383865356445,16.37189292907715,4.882692337036133,1214615
1980-12-26,16.37189292907715,16.491395950317383,16.342016220092773,16.491395950317383,4.918332099914551,716719
1980-12-29,16.491395950317383,16.610898971557617,16.192638397216797,16.252389907836914,4.847051620483398,1448082
1980-12-30,16.252389907836914,16.5511474609375,16.22251319885254,16.401769638061523,4.891603946685791,1559795
1980-12-31,16.401769638061523,16.521272659301758,16.13288688659668,16.22251319885254,4.838141918182373,1569837
1981-01-02,16.22251319885254,16.5511474609375,16.162763595581055,16.521272659301758,4.927244663238525,1224238
1981-01-05,16.610898971557617,16.909656524658203,16.610898971557617,16.79015350341797,5.0074286460876465,3257244
1981-01-06,16.79015350341797,17.088909149169922,16.64077377319336,17.088909149169922,5.096532821655273,4075216
1981-01-07,16.760276794433594,16.760276794433594,16.521272659301758,16.610898971557617,4.953970909118652,4987328
1981-01-08,16.610898971557617,16.670650482177734,16.103010177612305,16.162763595581055,4.820321559906006,2656003
1981-01-09,16.162763595581055,16.252389907836914,15.953633308410645,16.103010177612305,4.802501201629639,1604564
1981-01-12,16.103010177612305,16.252389907836914,15.83413028717041,15.953633308410645,4.757950305938721,2458937
1981-01-13,15.953633308410645,15.953633308410645,15.595124244689941,15.893880844116211,4.7401323318481445,2893654
1981-01-14,15.893880844116211,16.13288688659668,15.864006042480469,15.953633308410645,4.757950305938721,1879453
1981-01-15,15.953633308410645,15.953633308410645,15.6847505569458,15.714627265930176,4.68666934967041,1906649
1981-01-16,15.714627265930176,16.013383865356445,15.714627265930176,15.983509063720703,4.766861915588379,3525857
1981-01-19,15.983509063720703,16.073135375976562,15.864006042480469,15.92375659942627,4.74904203414917,2325886
1981-01-20,15.92375659942627,16.04326057434082,15.475621223449707,15.535372734069824,4.633211612701416,2495338
1981-01-21,15.535372734069824,15.6847505569458,15.445746421813965,15.5652494430542,4.642119407653809,1786150
1981-01-22,15.5652494430542,15.625,15.41586971282959,15.595124244689941,4.651032447814941,1463145
1981-01-23,15.595124244689941,15.6847505569458,15.505496978759766,15.535372734069824,4.633211612701416,1145161
1981-01-26,15.535372734069824,15.654875755310059,15.445746421813965,15.535372734069824,4.633211612701416,1280722
1981-01-27,15.535372734069824,15.744503021240234,15.535372734069824,15.654875755310059,4.66885232925415,1339717
1981-01-28,15.654875755310059,15.6847505569458,15.41586971282959,15.445746421813965,4.606482982635498,1153110
1981-01-29,15.445746421813965,15.654875755310059,15.41586971282959,15.505496978759766,4.624301910400391,1536783
1981-01-30,15.505496978759766,15.654875755310059,15.296366691589355,15.385993957519531,4.588662624359131,1498290
1981-02-02,15.385993957519531,15.385993957519531,15.057360649108887,15.146988868713379,4.5173797607421875,1596614
1981-02-03,15.146988868713379,15.356119155883789,15.146988868713379,15.356119155883789,4.579750061035156,1463982
1981-02-04,15.356119155883789,15.475621223449707,15.206740379333496,15.41586971282959,4.597570896148682,1786568
1981-02-05,15.41586971282959,15.41586971282959,15.266490936279297,15.296366691589355,4.6235785484313965,1215870
1981-02-06,15.296366691589355,15.475621223449707,15.296366691589355,15.356119155883789,4.641641139984131,1909578
1981-02-09,15.356119155883789,15.385993957519531,15.11711311340332,15.176863670349121,4.587456226348877,1194114
1981-02-10,15.176863670349121,15.206740379333496,14.997610092163086,15.057360649108887,4.551335334777832,1642638
1981-02-11,15.057360649108887,15.11711311340332,14.90798282623291,14.967734336853027,4.5242462158203125,1500801
1981-02-12,14.967734336853027,14.997610092163086,14.758604049682617,14.758604049682617,4.461030006408691,1335114
1981-02-13,14.758604049682617,14.848231315612793,14.639101028442383,14.758604049682617,4.461030006408691,1566908
1981-02-17,14.758604049682617,14.937858581542969,14.728728294372559,14.818355560302734,4.479092597961426,1635526
1981-02-18,14.818355560302734,14.90798282623291,14.728728294372559,14.818355560302734,4.479092597961426,1670671
1981-02-19,14.818355560302734,14.878107070922852,14.60922622680664,14.639101028442383,4.42490816116333,1833847
1981-02-20,14.639101028442383,14.728728294372559,14.40009593963623,14.459847450256348,4.370728969573975,1429673
1981-02-23,14.459847450256348,14.90798282623291,14.459847450256348,14.818355560302734,4.479092597961426,2453498
1981-02-24,14.818355560302734,14.967734336853027,14.788479804992676,14.848231315612793,4.488121509552002,2188232
1981-02-25,14.848231315612793,15.356119155883789,14.788479804992676,15.356119155883789,4.641641139984131,2098276
1981-02-26,15.356119155883789,15.505496978759766,15.146988868713379,15.475621223449707,4.677762985229492,2679015
1981-02-27,15.41586971282959,15.41586971282959,15.236616134643555,15.356119155883789,4.641641139984131,1956020
1981-03-02,15.356119155883789,15.356119155883789,15.146988868713379,15.206740379333496,4.5964884757995605,1210013
1981-03-03,15.206740379333496,15.236616134643555,14.937858581542969,14.937858581542969,4.5152130126953125,1443898
1981-03-04,14.937858581542969,15.027485847473145,14.728728294372559,14.788479804992676,4.470061779022217,1315031
1981-03-05,14.788479804992676,14.90798282623291,14.788479804992676,14.818355560302734,4.479092597961426,1284070
1981-03-06,14.818355560302734,14.90798282623291,14.6988525390625,14.788479804992676,4.470061779022217,1335114
1981-03-09,14.758604049682617,15.11711311340332,14.758604049682617,15.057360649108887,4.551335334777832,1738452
1981-03-10,15.057360649108887,15.146988868713379,14.878107070922852,14.937858581542969,4.5152130126953125,2027985
1981-03-11,14.937858581542969,14.997610092163086,14.758604049682617,14.878107070922852,4.497154235839844,1665232
1981-03-12,14.90798282623291,15.32624340057373,14.90798282623291,15.296366691589355,4.6235785484313965,1668579
1981-03-13,15.296366691589355,15.445746421813965,15.11711311340332,15.11711311340332,4.569396018981934,1682386
1981-03-16,15.11711311340332,15.475621223449707,15.027485847473145,15.445746421813965,4.66873025894165,2173170
1981-03-17,15.445746421813965,15.595124244689941,15.32624340057373,15.356119155883789,4.641641139984131,2966038
1981-03-18,15.356119155883789,15.595124244689941,15.356119155883789,15.475621223449707,4.677762985229492,1836358
1981-03-19,15.475621223449707,15.475621223449707,15.11711311340332,15.236616134643555,4.605515956878662,2142208
1981-03-20,15.236616134643555,15.32624340057373,14.997610092163086,15.087237358093262,4.560368061065674,2719182
1981-03-23,15.087237358093262,15.146988868713379,14.967734336853027,15.027485847473145,4.54230260848999,2576507
1981-03-24,15.027485847473145,15.11711311340332,14.848231315612793,14.878107070922852,4.497154235839844,2727131
1981-03-25,14.878107070922852,15.32624340057373,14.848231315612793,15.266490936279297,4.614549160003662,1781547
1981-03-26,15.266490936279297,15.356119155883789,14.967734336853027,15.087237358093262,4.560368061065674,4840888
1981-03-27,15.087237358093262,15.146988868713379,14.728728294372559,14.758604049682617,4.461030006408691,2403708
1981-03-30,14.758604049682617,14.848231315612793,14.668976783752441,14.6988525390625,4.442968845367432,1516700
1981-03-31,14.788479804992676,14.967734336853027,14.788479804992676,14.90798282623291,4.506183624267578,1979869
1981-04-01,14.90798282623291,15.146988868713379,14.818355560302734,15.057360649108887,4.551335334777832,3732546
1981-04-02,14.997610092163086,14.997610092163086,14.788479804992676,14.848231315612793,4.488121509552002,2021290
1981-04-03,14.848231315612793,14.90798282623291,14.519598007202148,14.60922622680664,4.415882587432861,2597846
1981-04-06,14.579350471496582,14.579350471496582,14.310467720031738,14.429970741271973,4.361695766448975,2412076
1981-04-07,14.429970741271973,14.489723205566406,14.340344429016113,14.340344429016113,4.334604740142822,2526299
1981-04-08,14.340344429016113,14.459847450256348,14.310467720031738,14.340344429016113,4.334604740142822,2791983
1981-04-09,14.340344429016113,14.758604049682617,14.280592918395996,14.758604049682617,4.461030006408691,3589454
1981-04-10,14.758604049682617,15.11711311340332,14.459847450256348,14.519598007202148,4.388787269592285,5305312
1981-04-13,14.519598007202148,14.519598007202148,14.370220184326172,14.370220184326172,4.343637466430664,3992373
1981-04-14,14.340344429016113,14.340344429016113,14.131214141845703,14.131214141845703,4.271390438079834,4326256
1981-04-15,14.131214141845703,14.310467720031738,14.101338386535645,14.250717163085938,4.307513236999512,4183582
1981-04-16,14.280592918395996,14.40009593963623,14.280592918395996,14.340344429016113,4.334604740142822,3131724
1981-04-20,14.340344429016113,14.758604049682617,14.280592918395996,14.728728294372559,4.452000617980957,3528786
1981-04-21,14.668976783752441,14.668976783752441,14.429970741271973,14.459847450256348,4.370728969573975,3074822
1981-04-22,14.459847450256348,14.579350471496582,14.370220184326172,14.429970741271973,4.361695766448975,3000765
1981-04-23,14.429970741271973,14.668976783752441,14.40009593963623,14.429970741271973,4.361695766448975,2906206
1981-04-24,14.429970741271973,14.60922622680664,14.280592918395996,14.489723205566406,4.379757404327393,2696170
1981-04-27,14.489723205566406,14.668976783752441,14.489723205566406,14.60922622680664,4.415882587432861,3592801
1981-04-28,14.60922622680664,14.639101028442383,14.310467720031738,14.429970741271973,4.361695766448975,2791146
1981-04-29,14.40009593963623,14.40009593963623,14.220841407775879,14.250717163085938,4.307513236999512,2931729
1981-04-30,14.250717163085938,14.280592918395996,14.011711120605469,14.011711120605469,4.235272407531738,2314589
1981-05-01,14.011711120605469,14.19096565246582,13.981836318969727,14.131214141845703,4.271390438079834,2379022
1981-05-04,13.951959609985352,13.951959609985352,13.892208099365234,13.951959609985352,4.217206954956055,2045976
1981-05-05,13.922083854675293,13.922083854675293,13.712953567504883,13.802580833435059,4.172057628631592,4899464
1981-05-06,13.802580833435059,13.892208099365234,13.772706031799316,13.832456588745117,4.181089401245117,2519605
1981-05-07,13.772706031799316,13.772706031799316,13.623327255249023,13.712953567504883,4.207489013671875,1840960
1981-05-08,13.712953567504883,13.832456588745117,13.623327255249023,13.832456588745117,4.244156837463379,2045139
1981-05-11,13.772706031799316,13.772706031799316,13.384321212768555,13.384321212768555,4.106656074523926,2894910
1981-05-12,13.414196968078613,13.593450546264648,13.414196968078613,13.563575744628906,4.161654949188232,2509563
1981-05-13,13.563575744628906,13.683077812194824,13.503824234008789,13.563575744628906,4.161654949188232,1484902
1981-05-14,13.563575744628906,13.653203010559082,13.473947525024414,13.533699989318848,4.152487754821777,2384043
1981-05-15,13.533699989318848,13.593450546264648,13.384321212768555,13.473947525024414,4.134154796600342,2714998
1981-05-18,13.473947525024414,13.593450546264648,13.444072723388672,13.563575744628906,4.161654949188232,2060620
1981-05-19,13.533699989318848,13.533699989318848,13.324569702148438,13.533699989318848,4.152487754821777,2578181
1981-05-20,13.533699989318848,13.533699989318848,13.414196968078613,13.473947525024414,4.134154796600342,1456032
1981-05-21,13.473947525024414,13.473947525024414,13.26481819152832,13.294693946838379,4.079156875610352,1932171
1981-05-22,13.294693946838379,13.354446411132812,13.205066680908203,13.26481819152832,4.0699896812438965,1834266
1981-05-26,13.26481819152832,13.473947525024414,13.175190925598145,13.414196968078613,4.115821361541748,2154342
1981-05-27,13.414196968078613,13.892208099365234,13.354446411132812,13.832456588745117,4.244156837463379,2819598
1981-05-28,13.832456588745117,13.981836318969727,13.683077812194824,13.862333297729492,4.253319263458252,2929637
1981-05-29,13.862333297729492,14.131214141845703,13.832456588745117,14.041586875915527,4.308323383331299,3334230
1981-06-01,14.280592918395996,14.519598007202148,14.280592918395996,14.40009593963623,4.418320178985596,4556376
1981-06-02,14.40009593963623,14.459847450256348,14.310467720031738,14.310467720031738,4.390819072723389,3127958
1981-06-03,14.280592918395996,14.280592918395996,13.981836318969727,14.131214141845703,4.335819721221924,2547638
1981-06-04,14.131214141845703,14.131214141845703,13.772706031799316,13.862333297729492,4.253319263458252,1967735
1981-06-05,13.862333297729492,13.981836318969727,13.862333297729492,13.951959609985352,4.280817985534668,2048068
1981-06-08,13.951959609985352,14.071462631225586,13.922083854675293,13.922083854675293,4.271652698516846,1481136
1981-06-09,13.892208099365234,13.892208099365234,13.653203010559082,13.712953567504883,4.207489013671875,1358545
1981-06-10,13.712953567504883,13.922083854675293,13.712953567504883,13.832456588745117,4.244156837463379,2304129
1981-06-11,13.832456588745117,14.220841407775879,13.832456588745117,14.101338386535645,4.326650142669678,2225051
1981-06-12,14.101338386535645,14.250717163085938,14.041586875915527,14.19096565246582,4.35415506362915,3459331
1981-06-15,14.250717163085938,14.429970741271973,14.250717163085938,14.310467720031738,4.390819072723389,2170659
1981-06-16,14.280592918395996,14.280592918395996,14.041586875915527,14.071462631225586,4.317488193511963,3110804
1981-06-17,14.071462631225586,14.071462631225586,13.862333297729492,13.981836318969727,4.289989471435547,2279862
1981-06-18,13.981836318969727,13.981836318969727,13.683077812194824,13.772706031799316,4.225821018218994,1344738
1981-06-19,13.772706031799316,13.862333297729492,13.712953567504883,13.742830276489258,4.216655731201172,1374026
1981-06-22,13.772706031799316,13.922083854675293,13.772706031799316,13.892208099365234,4.262487888336182,1501638
1981-06-23,13.892208099365234,14.250717163085938,13.892208099365234,14.19096565246582,4.35415506362915,2439272
1981-06-24,14.19096565246582,14.220841407775879,14.011711120605469,14.220841407775879,4.363322734832764,1751422
1981-06-25,14.220841407775879,14.370220184326172,14.041586875915527,14.101338386535645,4.326650142669678,1799538
1981-06-26,14.101338386535645,14.250717163085938,14.011711120605469,14.041586875915527,4.308323383331299,1692428
1981-06-29,14.041586875915527,14.131214141845703,13.772706031799316,13.832456588745117,4.244156837463379,1248506
1981-06-30,13.832456588745117,13.862333297729492,13.683077812194824,13.832456588745117,4.244156837463379,1159386
1981-07-01,13.832456588745117,13.832456588745117,13.563575744628906,13.593450546264648,4.17081880569458,1653935
1981-07-02,13.593450546264648,13.683077812194824,13.473947525024414,13.593450546264648,4.17081880569458,1819203
1981-07-06,13.593450546264648,13.653203010559082,13.473947525024414,13.623327255249023,4.179987907409668,1408334
1981-07-07,13.623327255249023,13.712953567504883,13.473947525024414,13.623327255249023,4.179987907409668,2551403
1981-07-08,13.623327255249023,13.653203010559082,13.473947525024414,13.533699989318848,4.152487754821777,1422560
1981-07-09,13.533699989318848,13.593450546264648,13.473947525024414,13.533699989318848,4.152487754821777,1347248
1981-07-10,13.503824234008789,13.503824234008789,13.444072723388672,13.473947525024414,4.134154796600342,1572347
1981-07-13,13.444072723388672,13.444072723388672,13.324569702148438,13.354446411132812,4.0974884033203125,1948070
1981-07-14,13.354446411132812,13.593450546264648,13.294693946838379,13.593450546264648,4.17081880569458,2238022
1981-07-15,13.593450546264648,13.593450546264648,13.473947525024414,13.533699989318848,4.152487754821777,2121288
1981-07-16,13.533699989318848,13.593450546264648,13.414196968078613,13.533699989318848,4.152487754821777,1404569
1981-07-17,13.533699989318848,13.533699989318848,13.414196968078613,13.414196968078613,4.115821361541748,1126333
1981-07-20,13.354446411132812,13.354446411132812,13.205066680908203,13.234943389892578,4.060821056365967,1871922
1981-07-21,13.234943389892578,13.294693946838379,13.175190925598145,13.26481819152832,4.0699896812438965,1614187
1981-07-22,13.26481819152832,13.354446411132812,13.175190925598145,13.175190925598145,4.042489051818848,1455195
1981-07-23,13.175190925598145,13.205066680908203,13.085563659667969,13.115440368652344,4.0241570472717285,1822969
1981-07-24,13.115440368652344,13.175190925598145,13.05568790435791,13.145315170288086,4.033320903778076,1294530
1981-07-27,13.145315170288086,13.294693946838379,13.115440368652344,13.294693946838379,4.079156875610352,1388251
1981-07-28,13.26481819152832,13.26481819152832,13.145315170288086,13.234943389892578,4.060821056365967,1042234
1981-07-29,13.234943389892578,13.324569702148438,13.205066680908203,13.234943389892578,4.060821056365967,979056
1981-07-30,13.234943389892578,13.533699989318848,13.205066680908203,13.473947525024414,4.134154796600342,1592012
1981-07-31,13.473947525024414,13.533699989318848,13.384321212768555,13.414196968078613,4.115821361541748,1125496
1981-08-03,13.414196968078613,13.563575744628906,13.414196968078613,13.503824234008789,4.1433210372924805,1216289
1981-08-04,13.503824234008789,13.922083854675293,13.444072723388672,13.922083854675293,4.271652698516846,2072754
1981-08-05,13.922083854675293,14.041586875915527,13.862333297729492,13.951959609985352,4.280817985534668,2335090
1981-08-06,13.742830276489258,13.742830276489258,13.593450546264648,13.593450546264648,4.233182430267334,1272773
1981-08-07,13.593450546264648,13.683077812194824,13.563575744628906,13.623327255249023,4.242488861083984,1416284
1981-08-10,13.623327255249023,13.892208099365234,13.563575744628906,13.832456588745117,4.307615756988525,1761882
1981-08-11,13.832456588745117,14.071462631225586,13.832456588745117,14.041586875915527,4.372742176055908,2286556
1981-08-12,14.041586875915527,14.041586875915527,13.832456588745117,13.832456588745117,4.307615756988525,1643894
1981-08-13,13.892208099365234,14.011711120605469,13.892208099365234,13.922083854675293,4.335524559020996,1407916
1981-08-14,13.922083854675293,14.041586875915527,13.862333297729492,13.862333297729492,4.316919803619385,1473186
1981-08-17,13.862333297729492,13.922083854675293,13.563575744628906,13.563575744628906,4.223882675170898,951860
1981-08-18,13.563575744628906,13.653203010559082,13.444072723388672,13.533699989318848,4.214578628540039,2017943
1981-08-19,13.533699989318848,13.683077812194824,13.533699989318848,13.623327255249023,4.242488861083984,1469839
1981-08-20,13.623327255249023,13.742830276489258,13.623327255249023,13.683077812194824,4.261098384857178,1791589
1981-08-21,13.683077812194824,13.712953567504883,13.563575744628906,13.593450546264648,4.233182430267334,851862
1981-08-24,13.533699989318848,13.533699989318848,13.294693946838379,13.354446411132812,4.158756256103516,1732594
1981-08-25,13.354446411132812,13.533699989318848,13.175190925598145,13.354446411132812,4.158756256103516,2282790
1981-08-26,13.354446411132812,13.414196968078613,13.234943389892578,13.26481819152832,4.130845546722412,1356453
1981-08-27,13.26481819152832,13.473947525024414,13.145315170288086,13.205066680908203,4.112237453460693,1910833
1981-08-28,13.234943389892578,13.414196968078613,13.234943389892578,13.354446411132812,4.158756256103516,2006228
1981-08-31,13.354446411132812,13.473947525024414,13.145315170288086,13.175190925598145,4.10293436050415,1580297
1981-09-01,13.175190925598145,13.414196968078613,13.145315170288086,13.384321212768555,4.168062210083008,2328814
1981-09-02,13.384321212768555,13.444072723388672,13.294693946838379,13.324569702148438,4.149450778961182,1620045
1981-09-03,13.324569702148438,13.414196968078613,13.025813102722168,13.05568790435791,4.065718650817871,1831755
1981-09-04,13.05568790435791,13.115440368652344,12.906310081481934,12.906310081481934,4.019201755523682,2000789
1981-09-08,12.906310081481934,12.936184883117676,12.75693130493164,12.906310081481934,4.019201755523682,2326304
1981-09-09,12.906310081481934,13.025813102722168,12.816682815551758,12.936184883117676,4.028505802154541,1631342
1981-09-10,12.936184883117676,13.145315170288086,12.936184883117676,13.085563659667969,4.075024127960205,1836776
1981-09-11,13.085563659667969,13.414196968078613,13.085563659667969,13.324569702148438,4.149450778961182,2292832
1981-09-14,13.324569702148438,13.563575744628906,13.145315170288086,13.354446411132812,4.158756256103516,1620463
1981-09-15,13.354446411132812,13.503824234008789,13.26481819152832,13.26481819152832,4.130845546722412,1659374
1981-09-16,13.234943389892578,13.234943389892578,13.025813102722168,13.115440368652344,4.0843281745910645,1558540
1981-09-17,13.115440368652344,13.175190925598145,12.7868070602417,12.936184883117676,4.028505802154541,2307894
1981-09-18,12.936184883117676,13.025813102722168,12.876434326171875,12.906310081481934,4.019201755523682,1448082
1981-09-21,12.906310081481934,13.175190925598145,12.8465576171875,13.115440368652344,4.0843281745910645,2018780
1981-09-22,13.115440368652344,13.145315170288086,12.936184883117676,12.99593734741211,4.047110557556152,1787823
1981-09-23,12.99593734741211,13.05568790435791,12.75693130493164,13.025813102722168,4.056415557861328,1630923
1981-09-24,13.025813102722168,13.205066680908203,12.966060638427734,13.05568790435791,4.065718650817871,2081958
1981-09-25,12.966060638427734,12.966060638427734,12.727054595947266,12.816682815551758,3.991290807723999,2193253
1981-09-28,12.816682815551758,13.145315170288086,12.48805046081543,13.115440368652344,4.0843281745910645,3430880
1981-09-29,13.115440368652344,13.115440368652344,12.697179794311523,12.727054595947266,3.963381290435791,2230490
1981-09-30,12.727054595947266,13.025813102722168,12.697179794311523,12.936184883117676,4.028505802154541,2217102
1981-10-01,12.936184883117676,12.99593734741211,12.8465576171875,12.906310081481934,4.019201755523682,1932590
1981-10-02,12.966060638427734,13.175190925598145,12.966060638427734,13.145315170288086,4.093629837036133,2636757
1981-10-05,13.145315170288086,13.26481819152832,13.085563659667969,13.175190925598145,4.10293436050415,2446385
1981-10-06,13.175190925598145,13.175190925598145,12.966060638427734,12.966060638427734,4.037808895111084,1684897
1981-10-07,12.966060638427734,13.145315170288086,12.936184883117676,13.145315170288086,4.093629837036133,1653098
1981-10-08,13.145315170288086,13.26481819152832,13.025813102722168,13.26481819152832,4.130845546722412,2169822
1981-10-09,13.26481819152832,13.444072723388672,13.175190925598145,13.354446411132812,4.158756256103516,4099483
1981-10-12,13.354446411132812,13.384321212768555,13.175190925598145,13.26481819152832,4.130845546722412,2243042
1981-10-13,13.175190925598145,13.175190925598145,12.7868070602417,12.8465576171875,4.000594139099121,3409123
1981-10-14,12.75693130493164,12.75693130493164,12.48805046081543,12.54780101776123,3.90755558013916,3834218
1981-10-15,12.54780101776123,12.637428283691406,12.458173751831055,12.48805046081543,3.8889498710632324,2107062
1981-10-16,12.48805046081543,12.517925262451172,12.189292907714844,12.249044418334961,3.8145203590393066,2445966
1981-10-19,12.249044418334961,12.33867073059082,12.099664688110352,12.249044418334961,3.8145203590393066,3055994
1981-10-20,12.308794975280762,12.398423194885254,12.308794975280762,12.33867073059082,3.8424313068389893,1854767
1981-10-21,12.33867073059082,12.48805046081543,12.219167709350586,12.27892017364502,3.8238234519958496,2000370
1981-10-22,12.27892017364502,12.33867073059082,12.159417152404785,12.219167709350586,3.8052148818969727,1084911
1981-10-23,12.219167709350586,12.219167709350586,12.129541397094727,12.189292907714844,3.795914888381958,1777363
1981-10-26,12.159417152404785,12.159417152404785,12.03991413116455,12.099664688110352,3.7679998874664307,1507495
1981-10-27,12.129541397094727,12.249044418334961,12.129541397094727,12.129541397094727,3.7773046493530273,1869411
1981-10-28,12.129541397094727,12.159417152404785,11.83078384399414,11.83078384399414,3.6842660903930664,3351384
1981-10-29,11.83078384399414,11.890535354614258,11.561902046203613,11.711280822753906,3.6470537185668945,3968524
1981-10-30,11.741156578063965,12.368547439575195,11.741156578063965,12.308794975280762,3.8331241607666016,3666858
1981-11-02,12.428297996520996,12.697179794311523,12.428297996520996,12.667304039001465,3.9447693824768066,3816226
1981-11-03,12.667304039001465,12.667304039001465,12.48805046081543,12.667304039001465,3.9447693824768066,2961854
1981-11-04,12.517925262451172,12.517925262451172,12.368547439575195,12.517925262451172,3.962549924850464,1687407
1981-11-05,12.517925262451172,12.607552528381348,12.308794975280762,12.308794975280762,3.8963520526885986,1951418
1981-11-06,12.308794975280762,12.368547439575195,12.129541397094727,12.159417152404785,3.8490679264068604,2652238
1981-11-09,12.159417152404785,12.368547439575195,12.159417152404785,12.33867073059082,3.9058051109313965,2176098
1981-11-10,12.428297996520996,12.667304039001465,12.428297996520996,12.48805046081543,3.953094005584717,3287369
1981-11-11,12.48805046081543,12.577676773071289,12.249044418334961,12.54780101776123,3.9720077514648438,1552682
1981-11-12,12.54780101776123,12.697179794311523,12.48805046081543,12.607552528381348,3.990922451019287,2158944
1981-11-13,12.577676773071289,12.577676773071289,12.308794975280762,12.33867073059082,3.9058051109313965,1749330
1981-11-16,12.249044418334961,12.249044418334961,12.06978988647461,12.189292907714844,3.8585221767425537,1578623
1981-11-17,12.189292907714844,12.27892017364502,12.099664688110352,12.189292907714844,3.8585221767425537,1976940
1981-11-18,12.189292907714844,12.219167709350586,12.010038375854492,12.03991413116455,3.8112356662750244,2269402
1981-11-19,12.03991413116455,12.03991413116455,11.920411109924316,12.03991413116455,3.8112356662750244,2068151
1981-11-20,12.03991413116455,12.159417152404785,12.010038375854492,12.099664688110352,3.8301496505737305,1515026
1981-11-23,12.099664688110352,12.159417152404785,12.06978988647461,12.06978988647461,3.8206934928894043,1851002
1981-11-24,12.06978988647461,12.517925262451172,12.06978988647461,12.48805046081543,3.953094005584717,2791983
1981-11-25,12.54780101776123,12.697179794311523,12.54780101776123,12.577676773071289,3.981464147567749,3648030
1981-11-27,12.637428283691406,13.025813102722168,12.637428283691406,13.025813102722168,4.123322486877441,2482367
1981-11-30,13.025813102722168,13.025813102722168,12.8465576171875,13.025813102722168,4.123322486877441,2649727
1981-12-01,13.025813102722168,13.05568790435791,12.876434326171875,12.936184883117676,4.094951152801514,2204550
1981-12-02,12.8465576171875,12.8465576171875,12.667304039001465,12.667304039001465,4.0098371505737305,1564398
1981-12-03,12.667304039001465,12.906310081481934,12.667304039001465,12.906310081481934,4.085493564605713,2080703
1981-12-04,12.906310081481934,13.175190925598145,12.906310081481934,13.05568790435791,4.132780075073242,4025426
1981-12-07,13.05568790435791,13.234943389892578,12.75693130493164,12.7868070602417,4.047663688659668,1721298
1981-12-08,12.7868070602417,12.8465576171875,12.667304039001465,12.727054595947266,4.028751373291016,2097021
1981-12-09,12.75693130493164,12.906310081481934,12.75693130493164,12.876434326171875,4.0760369300842285,1783221
1981-12-10,12.876434326171875,13.085563659667969,12.8465576171875,13.05568790435791,4.132780075073242,3150134
1981-12-11,13.05568790435791,13.085563659667969,12.75693130493164,12.99593734741211,4.113865375518799,2427975
1981-12-14,12.876434326171875,12.876434326171875,12.727054595947266,12.75693130493164,4.038208961486816,2379022
1981-12-15,12.75693130493164,12.876434326171875,12.667304039001465,12.816682815551758,4.057121753692627,2553914
1981-12-16,12.816682815551758,13.025813102722168,12.697179794311523,12.936184883117676,4.094951152801514,2738010
1981-12-17,12.936184883117676,13.324569702148438,12.936184883117676,13.324569702148438,4.217896938323975,3896559
1981-12-18,13.324569702148438,13.623327255249023,13.26481819152832,13.563575744628906,4.293551445007324,573626
1981-12-21,13.563575744628906,13.593450546264648,13.414196968078613,13.473947525024414,4.265178203582764,2472744
1981-12-22,13.533699989318848,13.683077812194824,13.533699989318848,13.593450546264648,4.303008079528809,2874408
1981-12-23,13.593450546264648,13.593450546264648,13.384321212768555,13.414196968078613,4.2462663650512695,1907486
1981-12-24,13.444072723388672,13.623327255249023,13.444072723388672,13.623327255249023,4.312465667724609,1210431
1981-12-28,13.623327255249023,13.712953567504883,13.444072723388672,13.503824234008789,4.274639129638672,1706235
1981-12-29,13.503824234008789,13.623327255249023,13.324569702148438,13.384321212768555,4.236806392669678,1655609
1981-12-30,13.384321212768555,13.772706031799316,13.384321212768555,13.683077812194824,4.331380367279053,3322096
1981-12-31,13.623327255249023,13.712953567504883,13.533699989318848,13.593450546264648,4.303008079528809,1663558
1982-01-04,13.772706031799316,13.951959609985352,13.593450546264648,13.922083854675293,4.407035827636719,3045115
1982-01-05,13.712953567504883,13.832456588745117,13.563575744628906,13.623327255249023,4.312465667724609,4105341
1982-01-06,13.503824234008789,13.623327255249023,13.384321212768555,13.563575744628906,4.293551445007324,2834660
1982-01-07,13.503824234008789,13.683077812194824,13.294693946838379,13.563575744628906,4.293551445007324,3169798
1982-01-08,13.563575744628906,13.563575744628906,13.563575744628906,13.563575744628906,4.293551445007324,0
1982-01-11,13.802580833435059,14.041586875915527,13.563575744628906,13.563575744628906,4.293551445007324,7615298
1982-01-12,13.772706031799316,13.951959609985352,13.563575744628906,13.742830276489258,4.350294589996338,5175190
1982-01-13,13.772706031799316,13.922083854675293,13.623327255249023,13.712953567504883,4.340837001800537,3825850
1982-01-14,13.892208099365234,14.071462631225586,13.712953567504883,14.071462631225586,4.4543232917785645,3599077
1982-01-15,14.19096565246582,14.370220184326172,13.981836318969727,14.280592918395996,4.520524978637695,6397754
1982-01-18,14.519598007202148,14.848231315612793,14.19096565246582,14.788479804992676,4.6812944412231445,5794003
1982-01-19,14.6988525390625,14.848231315612793,14.519598007202148,14.579350471496582,4.615094184875488,4356381
1982-01-20,14.668976783752441,14.818355560302734,14.519598007202148,14.6988525390625,4.6529221534729,4891933
1982-01-21,14.90798282623291,15.057360649108887,14.728728294372559,14.937858581542969,4.728581428527832,4099902
1982-01-22,14.818355560302734,14.967734336853027,14.668976783752441,14.728728294372559,4.662380695343018,3180677
1982-01-25,14.728728294372559,14.878107070922852,14.579350471496582,14.818355560302734,4.69075345993042,2934239
1982-01-26,14.848231315612793,14.937858581542969,14.728728294372559,14.758604049682617,4.671838283538818,2745959
1982-01-27,14.848231315612793,14.997610092163086,14.6988525390625,14.967734336853027,4.738038063049316,2304547
1982-01-28,15.236616134643555,15.41586971282959,15.057360649108887,15.385993957519531,4.8704400062561035,4809508
1982-01-29,15.356119155883789,15.475621223449707,15.206740379333496,15.206740379333496,4.813696384429932,2938842
1982-02-01,15.057360649108887,15.146988868713379,14.937858581542969,14.967734336853027,4.738038063049316,2865622
1982-02-02,15.057360649108887,15.176863670349121,14.90798282623291,15.057360649108887,4.766408443450928,2585712
1982-02-03,14.90798282623291,15.11711311340332,14.6988525390625,14.997610092163086,4.747492790222168,3257662
1982-02-04,14.967734336853027,15.176863670349121,14.728728294372559,15.11711311340332,4.851820468902588,3117080
1982-02-05,15.176863670349121,15.296366691589355,15.027485847473145,15.11711311340332,4.851820468902588,3230466
1982-02-08,14.878107070922852,15.057360649108887,14.668976783752441,14.6988525390625,4.717575550079346,2094929
1982-02-09,14.668976783752441,14.758604049682617,14.579350471496582,14.668976783752441,4.7079901695251465,3530459
1982-02-10,14.818355560302734,14.90798282623291,14.728728294372559,14.788479804992676,4.746345043182373,3484435
1982-02-11,14.6988525390625,14.818355560302734,14.549473762512207,14.639101028442383,4.698400974273682,1784058
1982-02-12,14.668976783752441,14.758604049682617,14.579350471496582,14.579350471496582,4.679224014282227,1240974
1982-02-16,14.639101028442383,14.90798282623291,14.370220184326172,14.878107070922852,4.775108814239502,3240090
1982-02-17,14.967734336853027,15.11711311340332,14.818355560302734,14.878107070922852,4.775108814239502,2944699
1982-02-18,14.997610092163086,15.057360649108887,14.937858581542969,14.997610092163086,4.8134636878967285,2670647
1982-02-19,14.90798282623291,15.057360649108887,14.728728294372559,14.90798282623291,4.7846999168396,2486551
1982-02-22,14.6988525390625,15.027485847473145,14.370220184326172,14.429970741271973,4.631282806396484,4911179
1982-02-23,14.489723205566406,14.668976783752441,14.280592918395996,14.549473762512207,4.669635772705078,2833823
1982-02-24,14.60922622680664,14.848231315612793,14.370220184326172,14.818355560302734,4.755931377410889,2945954
1982-02-25,14.818355560302734,14.937858581542969,14.6988525390625,14.728728294372559,4.727168560028076,2635920
1982-02-26,14.6988525390625,14.788479804992676,14.60922622680664,14.788479804992676,4.746345043182373,1945142
1982-03-01,14.848231315612793,14.997610092163086,14.6988525390625,14.848231315612793,4.765522003173828,2793657
1982-03-02,14.728728294372559,14.90798282623291,14.549473762512207,14.579350471496582,4.679224014282227,2699098
1982-03-03,14.40009593963623,14.549473762512207,14.250717163085938,14.310467720031738,4.59292459487915,4430438
1982-03-04,14.161089897155762,14.340344429016113,13.981836318969727,14.131214141845703,4.53539514541626,3712882
1982-03-05,14.041586875915527,14.19096565246582,13.892208099365234,13.981836318969727,4.487453937530518,4473114
1982-03-08,13.951959609985352,14.161089897155762,13.712953567504883,13.742830276489258,4.4107465744018555,3053483
1982-03-09,13.951959609985352,14.220841407775879,13.653203010559082,14.011711120605469,4.497041702270508,5092346
1982-03-10,14.131214141845703,14.250717163085938,14.011711120605469,14.101338386535645,4.525805950164795,2457682
1982-03-11,14.101338386535645,14.19096565246582,13.892208099365234,13.922083854675293,4.468274116516113,3508702
1982-03-12,13.802580833435059,13.892208099365234,13.712953567504883,13.832456588745117,4.439509391784668,3412470
1982-03-15,13.892208099365234,14.071462631225586,13.712953567504883,14.071462631225586,4.516217231750488,2597009
1982-03-16,13.892208099365234,14.071462631225586,13.683077812194824,13.712953567504883,4.4011549949646,2632573
1982-03-17,13.802580833435059,13.892208099365234,13.712953567504883,13.712953567504883,4.4011549949646,3076914
1982-03-18,13.862333297729492,13.951959609985352,13.772706031799316,13.832456588745117,4.439509391784668,3228374
1982-03-19,13.832456588745117,13.862333297729492,13.683077812194824,13.772706031799316,4.420332908630371,2491572
1982-03-22,14.041586875915527,14.220841407775879,13.832456588745117,14.131214141845703,4.53539514541626,3086537
1982-03-23,14.161089897155762,14.250717163085938,14.041586875915527,14.220841407775879,4.564160346984863,3273980
1982-03-24,14.131214141845703,14.19096565246582,14.071462631225586,14.131214141845703,4.53539514541626,2328396
1982-03-25,14.250717163085938,14.370220184326172,14.131214141845703,14.280592918395996,4.583341121673584,2347642
1982-03-26,14.19096565246582,14.280592918395996,14.101338386535645,14.101338386535645,4.525805950164795,2581110
1982-03-29,14.220841407775879,14.40009593963623,14.041586875915527,14.310467720031738,4.59292459487915,2007902
1982-03-30,14.370220184326172,14.459847450256348,14.250717163085938,14.429970741271973,4.631282806396484,2821271
1982-03-31,14.370220184326172,14.489723205566406,14.250717163085938,14.280592918395996,4.583341121673584,2781105
1982-04-01,14.459847450256348,14.60922622680664,14.310467720031738,14.579350471496582,4.679224014282227,2720855
1982-04-02,14.6988525390625,14.788479804992676,14.579350471496582,14.6988525390625,4.717575550079346,3512050
1982-04-05,14.6988525390625,14.758604049682617,14.60922622680664,14.6988525390625,4.717575550079346,1975685
1982-04-06,14.6988525390625,14.788479804992676,14.579350471496582,14.758604049682617,4.736755847930908,2047650
1982-04-07,14.788479804992676,14.848231315612793,14.6988525390625,14.758604049682617,4.736755847930908,2467305
1982-04-08,14.848231315612793,14.937858581542969,14.728728294372559,14.878107070922852,4.775108814239502,2736336
1982-04-12,14.878107070922852,14.937858581542969,14.818355560302734,14.848231315612793,4.765522003173828,1624229
1982-04-13,14.90798282623291,14.997610092163086,14.788479804992676,14.818355560302734,4.755931377410889,1771924
1982-04-14,14.967734336853027,15.296366691589355,14.639101028442383,15.206740379333496,4.8805832862854,5344642
1982-04-15,15.296366691589355,15.445746421813965,15.146988868713379,15.445746421813965,4.957293510437012,4430019
1982-04-16,15.445746421813965,15.505496978759766,15.356119155883789,15.41586971282959,4.94770622253418,2884450
1982-04-19,15.385993957519531,15.5652494430542,15.206740379333496,15.236616134643555,4.890172481536865,4772270
1982-04-20,15.176863670349121,15.266490936279297,15.057360649108887,15.11711311340332,4.851820468902588,3735475
1982-04-21,15.206740379333496,15.266490936279297,15.11711311340332,15.266490936279297,4.899759292602539,2143045
1982-04-22,15.385993957519531,15.475621223449707,15.296366691589355,15.385993957519531,4.938117027282715,2702027
1982-04-23,15.5652494430542,15.714627265930176,15.41586971282959,15.714627265930176,5.0435895919799805,5079794
1982-04-26,15.6847505569458,15.804253578186035,15.535372734069824,15.774378776550293,5.06276798248291,3814553
1982-04-27,15.595124244689941,15.714627265930176,15.445746421813965,15.5652494430542,4.9956464767456055,2755582
1982-04-28,15.505496978759766,15.595124244689941,15.41586971282959,15.505496978759766,4.97646951675415,3000765
1982-04-29,15.385993957519531,15.445746421813965,15.32624340057373,15.32624340057373,4.918938636779785,2056854
1982-04-30,15.385993957519531,15.475621223449707,15.296366691589355,15.356119155883789,4.928529262542725,3176493
1982-05-03,15.385993957519531,15.475621223449707,15.296366691589355,15.41586971282959,4.94770622253418,1609166
1982-05-04,15.505496978759766,15.595124244689941,15.41586971282959,15.475621223449707,4.966882705688477,2081540
1982-05-05,15.535372734069824,15.595124244689941,15.475621223449707,15.5652494430542,4.9956464767456055,3579830
1982-05-06,15.535372734069824,15.5652494430542,15.475621223449707,15.505496978759766,5.043064117431641,3251805
1982-05-07,15.535372734069824,15.5652494430542,15.475621223449707,15.475621223449707,5.033349514007568,2041374
1982-05-10,15.385993957519531,15.505496978759766,15.266490936279297,15.266490936279297,4.965327262878418,2384043
1982-05-11,15.385993957519531,15.475621223449707,15.296366691589355,15.385993957519531,5.004199981689453,1558122
1982-05-12,15.32624340057373,15.445746421813965,15.176863670349121,15.266490936279297,4.965327262878418,2186558
1982-05-13,15.296366691589355,15.356119155883789,15.206740379333496,15.206740379333496,4.945895195007324,1539712
1982-05-14,15.266490936279297,15.296366691589355,15.206740379333496,15.206740379333496,4.945895195007324,1944305
1982-05-17,15.11711311340332,15.236616134643555,14.997610092163086,15.027485847473145,4.887596130371094,2514584
1982-05-18,15.057360649108887,15.11711311340332,14.997610092163086,14.997610092163086,4.877878189086914,1869830
1982-05-19,15.027485847473145,15.11711311340332,14.90798282623291,14.937858581542969,4.858445167541504,1997442
1982-05-20,14.937858581542969,15.057360649108887,14.818355560302734,15.057360649108887,4.897312164306641,2256013
1982-05-21,14.997610092163086,15.057360649108887,14.90798282623291,14.967734336853027,4.868159770965576,3449708
1982-05-24,14.90798282623291,14.967734336853027,14.818355560302734,14.878107070922852,4.839010238647461,1710001
1982-05-25,14.878107070922852,14.967734336853027,14.788479804992676,14.788479804992676,4.809860706329346,1935937
1982-05-26,14.818355560302734,14.90798282623291,14.728728294372559,14.818355560302734,4.819578170776367,2097021
1982-05-27,14.848231315612793,14.90798282623291,14.758604049682617,14.818355560302734,4.819578170776367,1781547
1982-05-28,14.758604049682617,14.848231315612793,14.639101028442383,14.6988525390625,4.780707359313965,2456845
1982-06-01,14.728728294372559,14.788479804992676,14.668976783752441,14.758604049682617,4.800140857696533,1726737
1982-06-02,14.788479804992676,14.848231315612793,14.6988525390625,14.818355560302734,4.819578170776367,2581528
1982-06-03,14.758604049682617,14.848231315612793,14.639101028442383,14.6988525390625,4.780707359313965,1886147
1982-06-04,14.549473762512207,14.728728294372559,14.370220184326172,14.40009593963623,4.683545112609863,1684060
1982-06-07,14.370220184326172,14.489723205566406,14.220841407775879,14.340344429016113,4.664107322692871,3448871
1982-06-08,14.101338386535645,14.310467720031738,13.892208099365234,13.922083854675293,4.528071403503418,8513603
1982-06-09,13.892208099365234,14.011711120605469,13.742830276489258,13.892208099365234,4.518355846405029,4488595
1982-06-10,13.981836318969727,14.101338386535645,13.862333297729492,14.041586875915527,4.566938877105713,2862693
1982-06-11,14.250717163085938,14.370220184326172,14.131214141845703,14.250717163085938,4.634957313537598,4483156
1982-06-14,14.19096565246582,14.220841407775879,14.131214141845703,14.131214141845703,4.59608793258667,1658956
1982-06-15,14.19096565246582,14.280592918395996,14.071462631225586,14.280592918395996,4.644675254821777,2228398
1982-06-16,14.250717163085938,14.340344429016113,14.161089897155762,14.220841407775879,4.625236511230469,1948070
1982-06-17,14.071462631225586,14.161089897155762,13.951959609985352,13.981836318969727,4.547505855560303,3631712
1982-06-18,13.981836318969727,14.011711120605469,13.951959609985352,13.951959609985352,4.537783622741699,1394527
1982-06-21,14.101338386535645,14.250717163085938,13.922083854675293,14.011711120605469,4.557221412658691,2915411
1982-06-22,14.19096565246582,14.310467720031738,14.041586875915527,14.310467720031738,4.654387474060059,2472744
1982-06-23,14.489723205566406,14.6988525390625,14.250717163085938,14.60922622680664,4.751560211181641,3488619
1982-06-24,14.549473762512207,14.639101028442383,14.429970741271973,14.459847450256348,4.702978134155273,2889470
1982-06-25,14.429970741271973,14.489723205566406,14.370220184326172,14.40009593963623,4.683545112609863,1876942
1982-06-28,14.549473762512207,14.6988525390625,14.370220184326172,14.60922622680664,4.751560211181641,1902046
1982-06-29,14.579350471496582,14.668976783752441,14.489723205566406,14.60922622680664,4.751560211181641,1444735
1982-06-30,14.60922622680664,14.6988525390625,14.489723205566406,14.489723205566406,4.712692737579346,3017919
1982-07-01,14.489723205566406,14.549473762512207,14.40009593963623,14.489723205566406,4.712692737579346,1640128
1982-07-02,14.429970741271973,14.489723205566406,14.340344429016113,14.340344429016113,4.664107322692871,1213778
1982-07-06,14.370220184326172,14.519598007202148,14.19096565246582,14.429970741271973,4.693259239196777,1501219
1982-07-07,14.549473762512207,14.639101028442383,14.429970741271973,14.579350471496582,4.741841793060303,2670647
1982-07-08,14.519598007202148,14.728728294372559,14.280592918395996,14.6988525390625,4.780707359313965,4032958
1982-07-09,14.818355560302734,14.937858581542969,14.668976783752441,14.937858581542969,4.858445167541504,5217866
1982-07-12,15.744503021240234,15.983509063720703,15.475621223449707,15.983509063720703,5.198537349700928,7063010
1982-07-13,15.385993957519531,15.535372734069824,15.087237358093262,15.41586971282959,5.013915538787842,6511559
1982-07-14,15.535372734069824,15.983509063720703,15.475621223449707,15.983509063720703,5.198537349700928,7063010
1982-07-15,16.013383865356445,16.13288688659668,15.864006042480469,15.953633308410645,5.188820838928223,6605281
1982-07-16,16.04326057434082,16.192638397216797,15.893880844116211,15.953633308410645,5.188820838928223,6077678
1982-07-19,15.804253578186035,15.92375659942627,15.6847505569458,15.744503021240234,5.120800495147705,4174377
1982-07-20,15.953633308410645,16.162763595581055,15.744503021240234,16.103010177612305,5.2374043464660645,5468070
1982-07-21,16.252389907836914,16.401769638061523,16.073135375976562,16.13288688659668,5.247120380401611,5332508
1982-07-22,16.013383865356445,16.103010177612305,15.893880844116211,15.92375659942627,5.17910099029541,4335461
1982-07-23,15.953633308410645,16.013383865356445,15.864006042480469,15.893880844116211,5.1693854331970215,1690336
1982-07-26,15.83413028717041,15.92375659942627,15.714627265930176,15.744503021240234,5.120800495147705,1642638
1982-07-27,15.744503021240234,15.83413028717041,15.654875755310059,15.654875755310059,5.091650485992432,1646404
1982-07-28,15.535372734069824,15.774378776550293,15.505496978759766,15.505496978759766,5.043064117431641,2825455
1982-07-29,15.535372734069824,15.6847505569458,15.385993957519531,15.654875755310059,5.091650485992432,2402034
1982-07-30,15.744503021240234,15.83413028717041,15.654875755310059,15.6847505569458,5.10136604309082,2054762
1982-08-02,15.92375659942627,16.04326057434082,15.804253578186035,15.953633308410645,5.188820838928223,2622531
1982-08-03,15.92375659942627,16.073135375976562,15.774378776550293,15.774378776550293,5.130518436431885,2723784
1982-08-04,15.744503021240234,15.804253578186035,15.654875755310059,15.6847505569458,5.10136604309082,3555982
1982-08-05,15.356119155883789,15.475621223449707,15.236616134643555,15.266490936279297,5.031261920928955,2881521
1982-08-06,15.206740379333496,15.356119155883789,15.057360649108887,15.087237358093262,4.9721879959106445,1415866
1982-08-09,15.027485847473145,15.11711311340332,14.90798282623291,15.11711311340332,4.9820356369018555,2818342
1982-08-10,15.146988868713379,15.236616134643555,15.057360649108887,15.057360649108887,4.962341785430908,4537548
1982-08-11,14.997610092163086,15.087237358093262,14.90798282623291,14.90798282623291,4.913113594055176,3109549
1982-08-12,14.937858581542969,15.027485847473145,14.848231315612793,14.878107070922852,4.903266906738281,2322538
1982-08-13,14.967734336853027,15.057360649108887,14.878107070922852,15.027485847473145,4.9524970054626465,2434670
1982-08-16,15.11711311340332,15.206740379333496,14.997610092163086,15.027485847473145,4.9524970054626465,2236348
1982-08-17,15.445746421813965,15.804253578186035,15.057360649108887,15.774378776550293,5.1986470222473145,4946325
1982-08-18,15.953633308410645,16.162763595581055,15.714627265930176,15.714627265930176,5.178953647613525,7142088
1982-08-19,15.774378776550293,15.953633308410645,15.595124244689941,15.774378776550293,5.1986470222473145,5694842
1982-08-20,16.103010177612305,16.401769638061523,15.774378776550293,16.31214141845703,5.375870227813721,5674341
1982-08-23,16.401769638061523,16.610898971557617,16.192638397216797,16.581022262573242,5.464481830596924,6465954
1982-08-24,16.431644439697266,16.5511474609375,16.28226661682129,16.342016220092773,5.38571834564209,6238344
1982-08-25,16.5511474609375,16.760276794433594,16.342016220092773,16.521272659301758,5.444794654846191,5972242
1982-08-26,16.670650482177734,16.849903106689453,16.491395950317383,16.521272659301758,5.444794654846191,6193575
1982-08-27,16.461519241333008,16.5511474609375,16.342016220092773,16.491395950317383,5.434946060180664,2884868
1982-08-30,16.5511474609375,16.73040199279785,16.342016220092773,16.700525283813477,5.503869533538818,3269378
1982-08-31,16.82002830505371,16.969406127929688,16.64077377319336,16.849903106689453,5.553097248077393,5167240
1982-09-01,16.79015350341797,16.969406127929688,16.610898971557617,16.670650482177734,5.494021415710449,4675202
1982-09-02,16.909656524658203,17.208412170410156,16.581022262573242,17.05903434753418,5.622019290924072,3973545
1982-09-03,17.417543411254883,17.686424255371094,17.118785858154297,17.23828887939453,5.681093692779541,6957155
1982-09-07,17.268163681030273,17.387666702270508,17.148662567138672,17.32791519165039,5.710630893707275,4691519
1982-09-08,17.417543411254883,17.596797943115234,17.23828887939453,17.32791519165039,5.710630893707275,5982702
1982-09-09,17.32791519165039,17.507169723510742,17.148662567138672,17.178537368774414,5.661401748657227,3268122
1982-09-10,17.088909149169922,17.23828887939453,16.909656524658203,17.05903434753418,5.622019290924072,3960993
1982-09-13,17.23828887939453,17.447418212890625,16.999282836914062,17.417543411254883,5.740173816680908,3044278
1982-09-14,17.477294921875,17.686424255371094,17.268163681030273,17.32791519165039,5.710630893707275,5104898
1982-09-15,17.447418212890625,17.596797943115234,17.268163681030273,17.537046432495117,5.7795538902282715,3936307
1982-09-16,17.716299057006836,17.925430297851562,17.507169723510742,17.716299057006836,5.838629722595215,5898185
1982-09-17,17.74617576599121,17.865678787231445,17.626672744750977,17.716299057006836,5.838629722595215,3040931
1982-09-20,17.716299057006836,17.865678787231445,17.537046432495117,17.865678787231445,5.88785982131958,3397826
1982-09-21,18.104684829711914,18.343690872192383,17.865678787231445,18.343690872192383,6.045395374298096,5529993
1982-09-22,18.313814163208008,18.552820205688477,18.044933319091797,18.044933319091797,5.946935653686523,6711554
1982-09-23,18.16443634033203,18.313814163208008,17.98518180847168,18.25406265258789,6.015857696533203,5246736
1982-09-24,18.194311141967773,18.283939361572266,18.07480812072754,18.16443634033203,5.986318111419678,3711626
1982-09-27,18.25406265258789,18.4034423828125,18.104684829711914,18.313814163208008,6.035547256469727,2052252
1982-09-28,18.343690872192383,18.463193893432617,18.22418785095215,18.22418785095215,6.006009578704834,3632967
1982-09-29,18.044933319091797,18.25406265258789,17.805927276611328,17.865678787231445,5.88785982131958,3476904
1982-09-30,17.716299057006836,17.895553588867188,17.507169723510742,17.537046432495117,5.7795538902282715,4175214
1982-10-01,17.686424255371094,17.83580207824707,17.537046432495117,17.716299057006836,5.838629722595215,3127540
1982-10-04,17.686424255371094,17.83580207824707,17.507169723510742,17.805927276611328,5.868167877197266,2572742
1982-10-05,18.015056610107422,18.194311141967773,17.83580207824707,17.955305099487305,5.917399883270264,3147623
1982-10-06,18.463193893432617,18.881452560424805,18.015056610107422,18.881452560424805,6.222622394561768,5632082
1982-10-07,18.971080780029297,19.210086822509766,18.732074737548828,19.210086822509766,6.330926895141602,868598
1982-10-08,19.18021011352539,19.389339447021484,18.941204071044922,19.389339447021484,6.390002250671387,5617020
1982-10-11,19.83747673034668,20.195985794067383,19.449092864990234,19.956979751586914,6.577071189880371,6022031
1982-10-12,19.897228240966797,20.166109085083008,19.688098907470703,19.777725219726562,6.517998218536377,6277674
1982-10-13,19.807600021362305,20.10635757446289,19.41921615600586,19.956979751586914,6.577071189880371,5865550
1982-10-14,19.299713134765625,19.56859588623047,19.00095558166504,19.15033531188965,6.311233997344971,4832102
1982-10-15,19.060707092285156,19.210086822509766,18.881452560424805,19.00095558166504,6.262004852294922,5098622
1982-10-18,19.060707092285156,19.83747673034668,19.030832290649414,19.83747673034668,6.537686347961426,4750514
1982-10-19,19.688098907470703,19.956979751586914,19.41921615600586,19.628345489501953,6.468770980834961,5085652
1982-10-20,19.83747673034668,20.195985794067383,19.478967666625977,20.195985794067383,6.655841827392578,4780638
1982-10-21,19.92710304260254,20.255735397338867,19.59847068786621,20.255735397338867,6.67553186416626,5041302
1982-10-22,20.0167293548584,20.255735397338867,19.777725219726562,19.777725219726562,6.517998218536377,4765576
1982-10-25,19.359464645385742,19.56859588623047,19.120458602905273,19.120458602905273,6.301384925842285,4491942
1982-10-26,19.299713134765625,19.628345489501953,18.971080780029297,19.59847068786621,6.458922386169434,5268911
1982-10-27,19.478967666625977,19.688098907470703,19.239961624145508,19.50884246826172,6.42938756942749,3928776
1982-10-28,19.239961624145508,19.478967666625977,19.00095558166504,19.030832290649414,6.271852970123291,4529598
1982-10-29,19.09058380126953,19.239961624145508,18.91132926940918,19.09058380126953,6.291543960571289,2955578
1982-11-01,19.239961624145508,19.478967666625977,19.00095558166504,19.478967666625977,6.419541358947754,3482343
1982-11-02,19.658222198486328,19.83747673034668,19.478967666625977,19.56859588623047,6.449074745178223,4332532
1982-11-03,20.046606063842773,20.43498992919922,19.658222198486328,20.3752384185791,6.714919090270996,6228721
1982-11-04,20.225860595703125,20.405115127563477,20.0167293548584,20.07648277282715,6.683884143829346,6850463
1982-11-05,20.166109085083008,20.315488815307617,19.986854553222656,20.136232376098633,6.703774929046631,4164335
1982-11-08,19.92710304260254,20.0167293548584,19.83747673034668,19.92710304260254,6.634157657623291,3005786
1982-11-09,20.255735397338867,20.52461814880371,19.986854553222656,20.494741439819336,6.823129653930664,4159314
1982-11-10,20.34536361694336,20.673995971679688,20.0167293548584,20.166109085083008,6.713719367980957,3989444
1982-11-11,20.195985794067383,20.405115127563477,19.956979751586914,20.405115127563477,6.793297290802002,2310823
1982-11-12,20.166109085083008,20.405115127563477,19.92710304260254,20.405115127563477,6.793297290802002,3537990
1982-11-15,19.688098907470703,19.777725219726562,19.59847068786621,19.658222198486328,6.5446343421936035,3813298
1982-11-16,19.628345489501953,19.867351531982422,19.359464645385742,19.628345489501953,6.534692287445068,4125424
1982-11-17,19.956979751586914,20.195985794067383,19.688098907470703,20.07648277282715,6.683884143829346,3694890
1982-11-18,20.07648277282715,20.195985794067383,19.956979751586914,20.0167293548584,6.663995265960693,2986539
1982-11-19,19.986854553222656,20.166109085083008,19.807600021362305,19.956979751586914,6.6440958976745605,2896583
1982-11-22,19.538719177246094,19.83747673034668,19.239961624145508,19.239961624145508,6.405386924743652,2645962
1982-11-23,19.449092864990234,19.628345489501953,19.26983642578125,19.41921615600586,6.465068340301514,3214567
1982-11-24,19.658222198486328,19.777725219726562,19.538719177246094,19.777725219726562,6.5844221115112305,2994070
1982-11-26,19.92710304260254,19.986854553222656,19.83747673034668,19.92710304260254,6.634157657623291,1576113
1982-11-29,19.807600021362305,20.0167293548584,19.59847068786621,19.717973709106445,6.56453275680542,2163546
1982-11-30,20.195985794067383,20.673995971679688,19.717973709106445,20.673995971679688,6.882811069488525,4250107
1982-12-01,20.85325050354004,21.092256546020508,20.584369659423828,20.673995971679688,6.882811069488525,6381018
1982-12-02,21.002628326416016,21.331262588500977,20.673995971679688,21.092256546020508,7.022058963775635,6439594
1982-12-03,21.181882858276367,21.36113739013672,21.002628326416016,21.092256546020508,7.022058963775635,3228793
1982-12-06,21.719646453857422,22.406787872314453,21.002628326416016,22.167781829833984,7.380123138427734,4828336
1982-12-07,22.675668716430664,23.034177780151367,22.28728485107422,22.73542022705078,7.569095611572266,7153803
1982-12-08,22.944551467895508,23.303058624267578,22.586042404174805,22.586042404174805,7.519371032714844,5495684
1982-12-09,22.526290893554688,22.944551467895508,22.108030319213867,22.376911163330078,7.4497504234313965,4679804
1982-12-10,22.406787872314453,22.73542022705078,22.078155517578125,22.167781829833984,7.380123138427734,4006180
1982-12-13,22.46653938293457,22.645793914794922,22.257408142089844,22.436662673950195,7.469633102416992,2737173
1982-12-14,22.317161560058594,23.004301071166992,21.63001823425293,21.749521255493164,7.240875244140625,5386482
1982-12-15,21.600143432617188,21.8690242767334,21.3013858795166,21.36113739013672,7.111574172973633,5460120
1982-12-16,21.600143432617188,21.80927276611328,21.39101219177246,21.68977165222168,7.220980644226074,4175214
1982-12-17,22.257408142089844,22.615917205810547,21.8690242767334,22.317161560058594,7.429853439331055,4782312
1982-12-20,22.317161560058594,22.615917205810547,21.988527297973633,22.108030319213867,7.360234260559082,2568558
1982-12-21,22.55616569519043,22.944551467895508,22.167781829833984,22.884798049926758,7.618833065032959,3640498
1982-12-22,22.70554542541504,23.034177780151367,22.347036361694336,22.347036361694336,7.439799785614014,4245923
1982-12-23,22.46653938293457,22.586042404174805,22.347036361694336,22.376911163330078,7.4497504234313965,2468560
1982-12-27,22.73542022705078,23.1536808013916,22.317161560058594,23.034177780151367,7.66856050491333,2707048
1982-12-28,22.854923248291016,23.034177780151367,22.645793914794922,22.73542022705078,7.569095611572266,2822945
1982-12-29,23.034177780151367,23.24330711364746,22.7951717376709,23.093929290771484,7.6884589195251465,3346782
1982-12-30,23.1536808013916,23.422561645507812,22.884798049926758,22.97442626953125,7.648675441741943,3035074
1982-12-31,23.093929290771484,23.21343231201172,22.97442626953125,23.004301071166992,7.658615589141846,1563561
1983-01-03,22.645793914794922,23.183555603027344,22.108030319213867,22.2275333404541,7.400014877319336,3182350
1983-01-04,22.46653938293457,22.854923248291016,22.078155517578125,22.854923248291016,7.608884334564209,3828778
1983-01-05,22.914674758911133,23.123804092407227,22.70554542541504,22.944551467895508,7.638729095458984,3978566
1983-01-06,23.183555603027344,23.542064666748047,22.825048446655273,23.332935333251953,7.768025875091553,4285253
1983-01-07,23.303058624267578,23.512189865112305,23.064054489135742,23.093929290771484,7.6884589195251465,4437550
1983-01-10,23.332935333251953,23.7213191986084,22.944551467895508,23.422561645507812,7.797863006591797,4661813
1983-01-11,23.362810134887695,23.512189865112305,23.183555603027344,23.422561645507812,7.797863006591797,3560166
1983-01-12,23.691444396972656,23.930448532104492,23.422561645507812,23.452438354492188,7.807816982269287,6384366
1983-01-13,23.601816177368164,23.7213191986084,23.452438354492188,23.571941375732422,7.847593784332275,3075240
1983-01-14,23.7213191986084,23.870698928833008,23.542064666748047,23.691444396972656,7.887380123138428,3656816
1983-01-17,23.90057373046875,24.0798282623291,23.7213191986084,23.7213191986084,7.897332668304443,4789425
1983-01-18,23.781070709228516,23.990201950073242,23.542064666748047,23.810945510864258,7.927161693572998,4246760
1983-01-19,23.571941375732422,23.960325241088867,23.183555603027344,23.542064666748047,7.837648868560791,4053041
1983-01-20,23.362810134887695,23.601816177368164,23.123804092407227,23.39268684387207,7.787918567657471,2626715
1983-01-21,22.884798049926758,23.303058624267578,22.46653938293457,22.615917205810547,7.5293145179748535,7468858
1983-01-24,22.28728485107422,22.496414184570312,22.04827880859375,22.436662673950195,7.469633102416992,6181860
1983-01-25,22.7951717376709,23.004301071166992,22.55616569519043,22.944551467895508,7.638729095458984,4742982
1983-01-26,22.825048446655273,22.97442626953125,22.675668716430664,22.73542022705078,7.569095611572266,3525020
1983-01-27,23.1536808013916,23.422561645507812,22.884798049926758,23.332935333251953,7.768025875091553,3316238
1983-01-28,23.39268684387207,23.542064666748047,23.21343231201172,23.273183822631836,7.748131275177002,2651819
1983-01-31,23.39268684387207,23.63169288635254,23.123804092407227,23.63169288635254,7.867487907409668,2402453
1983-02-01,23.452438354492188,23.7213191986084,23.183555603027344,23.183555603027344,7.718297004699707,2762277
1983-02-02,23.004301071166992,23.24330711364746,22.765296936035156,22.944551467895508,7.638729095458984,4694030
1983-02-03,22.854923248291016,22.944551467895508,22.73542022705078,22.825048446655273,7.667627811431885,3415818
1983-02-04,23.064054489135742,23.303058624267578,22.7951717376709,23.273183822631836,7.8181681632995605,3493640
1983-02-07,23.303058624267578,23.512189865112305,23.093929290771484,23.21343231201172,7.798097133636475,2357266
1983-02-08,23.004301071166992,23.273183822631836,22.70554542541504,22.73542022705078,7.637515068054199,2692404
1983-02-09,22.645793914794922,22.825048446655273,22.436662673950195,22.586042404174805,7.58734130859375,3818737
1983-02-10,22.944551467895508,23.1536808013916,22.73542022705078,23.034177780151367,7.737880229949951,3226701
1983-02-11,23.1536808013916,23.362810134887695,22.944551467895508,23.034177780151367,7.737880229949951,3309544
1983-02-14,23.48231315612793,23.781070709228516,23.183555603027344,23.66156768798828,7.948638916015625,4791098
1983-02-15,23.810945510864258,24.020076751708984,23.601816177368164,23.63169288635254,7.938604354858398,5660115
1983-02-16,23.7213191986084,23.960325241088867,23.48231315612793,23.512189865112305,7.898458003997803,3931286
1983-02-17,23.422561645507812,23.66156768798828,23.183555603027344,23.512189865112305,7.898458003997803,4673110
1983-02-18,23.63169288635254,23.781070709228516,23.48231315612793,23.571941375732422,7.9185309410095215,2809556
1983-02-22,23.48231315612793,23.781070709228516,23.183555603027344,23.21343231201172,7.798097133636475,3122938
1983-02-23,23.422561645507812,23.601816177368164,23.21343231201172,23.601816177368164,7.928560733795166,2676086
1983-02-24,23.990201950073242,24.259082794189453,23.7213191986084,24.109703063964844,8.099181175231934,5713670
1983-02-25,24.049951553344727,24.199331283569336,23.90057373046875,23.990201950073242,8.059041023254395,4401986
1983-02-28,23.840822219848633,24.020076751708984,23.66156768798828,23.66156768798828,7.948638916015625,3809950
1983-03-01,24.0798282623291,24.348709106445312,23.810945510864258,24.31883430480957,8.169437408447266,4629596
1983-03-02,24.40846061706543,24.617591857910156,24.199331283569336,24.40846061706543,8.199541091918945,5557189
1983-03-03,24.40846061706543,24.617591857910156,24.199331283569336,24.348709106445312,8.179472923278809,3528786
1983-03-04,24.31883430480957,24.438337326049805,24.16945457458496,24.438337326049805,8.209582328796387,2868969
1983-03-07,24.527963638305664,24.707218170166016,24.31883430480957,24.617591857910156,8.26979923248291,3342179
1983-03-08,24.288957595825195,24.67734146118164,23.90057373046875,24.109703063964844,8.099181175231934,3312473
1983-03-09,24.259082794189453,24.468212127685547,24.049951553344727,24.438337326049805,8.209582328796387,3166451
1983-03-10,24.229206085205078,24.527963638305664,23.930448532104492,23.960325241088867,8.049004554748535,2803698
1983-03-11,24.020076751708984,24.13957977294922,23.870698928833008,24.0798282623291,8.089151382446289,2110828
1983-03-14,24.020076751708984,24.16945457458496,23.840822219848633,24.020076751708984,8.069077491760254,2761440
1983-03-15,24.020076751708984,24.13957977294922,23.90057373046875,24.109703063964844,8.099181175231934,2898675
1983-03-16,23.840822219848633,24.0798282623291,23.601816177368164,23.63169288635254,7.938604354858398,2960180
1983-03-17,23.66156768798828,23.7213191986084,23.571941375732422,23.63169288635254,7.938604354858398,2790310
1983-03-18,23.691444396972656,23.90057373046875,23.691444396972656,23.870698928833008,8.018890380859375,2705793
1983-03-21,23.960325241088867,24.16945457458496,23.7213191986084,24.0798282623291,8.089151382446289,4146762
1983-03-22,24.109703063964844,24.16945457458496,23.90057373046875,23.930448532104492,8.038969039916992,2515421
1983-03-23,23.960325241088867,24.58771514892578,23.960325241088867,24.40846061706543,8.199541091918945,3953880
1983-03-24,24.468212127685547,24.6474666595459,24.229206085205078,24.438337326049805,8.209582328796387,3904927
1983-03-25,24.438337326049805,24.67734146118164,24.31883430480957,24.40846061706543,8.199541091918945,2732989
1983-03-28,24.40846061706543,24.58771514892578,24.31883430480957,24.468212127685547,8.219621658325195,2085306
1983-03-29,24.527963638305664,24.856597900390625,24.498088836669922,24.58771514892578,8.259766578674316,3283603
1983-03-30,24.82672119140625,24.976099014282227,24.67734146118164,24.91634750366211,8.370160102844238,3460168
1983-03-31,25.035850524902344,25.06572723388672,24.288957595825195,24.31883430480957,8.169437408447266,2515002
1983-04-04,24.288957595825195,24.498088836669922,24.16945457458496,24.468212127685547,8.219621658325195,2792820
1983-04-05,24.67734146118164,24.67734146118164,24.348709106445312,24.378585815429688,8.189508438110352,2978171
1983-04-06,24.378585815429688,24.557838439941406,24.199331283569336,24.527963638305664,8.239690780639648,3589454
1983-04-07,24.557838439941406,24.707218170166016,24.378585815429688,24.67734146118164,8.289864540100098,2540106
1983-04-08,24.67734146118164,24.856597900390625,24.527963638305664,24.82672119140625,8.340047836303711,3741333
1983-04-11,25.274856567382812,25.51386260986328,25.0059757232666,25.48398780822754,8.560848236083984,6908621
1983-04-12,25.48398780822754,25.663240432739258,25.33460807800293,25.5736141204834,8.590953826904297,4389016
1983-04-13,25.693117141723633,26.051624298095703,25.663240432739258,25.99187469482422,8.731465339660645,4095299
1983-04-14,26.02174949645996,26.290630340576172,25.633365631103516,26.171127319335938,8.791675567626953,4215380
1983-04-15,26.26075553894043,26.410133361816406,26.201004028320312,26.320507049560547,8.841859817504883,3322514
1983-04-18,26.320507049560547,26.918020248413086,26.290630340576172,26.918020248413086,9.042586326599121,4269354
1983-04-19,26.738767623901367,26.79851722717285,26.52963638305664,26.649139404296875,8.952258110046387,3888610
1983-04-20,26.708890914916992,27.54541015625,26.708890914916992,27.515535354614258,9.243305206298828,4060990
1983-04-21,27.515535354614258,27.60516357421875,27.27652931213379,27.485660552978516,9.233267784118652,4483993
1983-04-22,27.485660552978516,28.172800064086914,27.425907135009766,28.023422241210938,9.413922309875488,3380254
1983-04-25,27.60516357421875,27.993547439575195,27.186901092529297,27.36615753173828,9.193120956420898,3243018
1983-04-26,27.60516357421875,28.023422241210938,27.157026290893555,27.993547439575195,9.403886795043945,3937144
1983-04-27,27.993547439575195,28.20267677307129,27.485660552978516,27.72466468811035,9.313557624816895,3811206
1983-04-28,27.903919219970703,28.083173751831055,27.69478988647461,28.023422241210938,9.413922309875488,3202434
1983-04-29,27.933795928955078,28.11305046081543,27.72466468811035,27.96367073059082,9.393847465515137,3196576
1983-05-02,27.72466468811035,27.993547439575195,27.425907135009766,27.485660552978516,9.233267784118652,4070614
1983-05-03,27.485660552978516,27.69478988647461,27.396032333374023,27.60516357421875,9.273411750793457,3805766
1983-05-04,27.754541397094727,27.933795928955078,27.575286865234375,27.844167709350586,9.35369873046875,2563955
1983-05-05,27.54541015625,27.69478988647461,27.396032333374023,27.664913177490234,9.369895935058594,2406637
1983-05-06,27.635038375854492,28.322179794311523,27.60516357421875,28.11305046081543,9.521674156188965,3606190
1983-05-09,28.11305046081543,28.262428283691406,27.87404441833496,28.083173751831055,9.511558532714844,2624623
1983-05-10,27.993547439575195,28.11305046081543,27.903919219970703,27.933795928955078,9.46096134185791,1895770
1983-05-11,27.87404441833496,27.96367073059082,27.54541015625,27.60516357421875,9.349651336669922,2059365
1983-05-12,27.72466468811035,27.72466468811035,27.485660552978516,27.60516357421875,9.349651336669922,1966062
1983-05-13,27.664913177490234,27.87404441833496,27.635038375854492,27.844167709350586,9.430603981018066,1776945
1983-05-16,27.246654510498047,27.54541015625,27.246654510498047,27.54541015625,9.329412460327148,2798678
1983-05-17,27.27652931213379,27.485660552978516,27.03752326965332,27.246654510498047,9.228230476379395,3020848
1983-05-18,27.30640411376953,27.425907135009766,26.469884872436523,27.246654510498047,9.228230476379395,3355568
1983-05-19,26.738767623901367,26.888145446777344,26.410133361816406,26.589387893676758,9.00562572479248,2817924
1983-05-20,26.469884872436523,26.708890914916992,26.35038185119629,26.469884872436523,8.965143203735352,2254758
1983-05-23,26.230880737304688,26.977771759033203,26.230880737304688,26.888145446777344,9.106805801391602,3401592
1983-05-24,27.03752326965332,27.485660552978516,27.007648468017578,27.396032333374023,9.278828620910645,2784034
1983-05-25,27.45578384399414,27.635038375854492,27.097274780273438,27.635038375854492,9.35977554321289,3529622
1983-05-26,27.485660552978516,27.69478988647461,27.30640411376953,27.336280822753906,9.258589744567871,2710395
1983-05-27,27.425907135009766,27.485660552978516,26.977771759033203,27.007648468017578,9.147285461425781,1692010
1983-05-31,26.888145446777344,26.977771759033203,26.35038185119629,26.589387893676758,9.00562572479248,3074403
1983-06-01,26.589387893676758,26.738767623901367,26.35038185119629,26.738767623901367,9.05621337890625,3725015
1983-06-02,26.8582706451416,27.216777801513672,26.589387893676758,27.127151489257812,9.18775749206543,3359752
1983-06-03,27.127151489257812,27.45578384399414,27.007648468017578,27.246654510498047,9.228230476379395,2768134
1983-06-06,27.336280822753906,27.754541397094727,27.157026290893555,27.664913177490234,9.369895935058594,2366470
1983-06-07,27.664913177490234,27.78441619873047,27.007648468017578,27.03752326965332,9.157402992248535,3311218
1983-06-08,26.918020248413086,27.425907135009766,26.918020248413086,27.097274780273438,9.177635192871094,3479833
1983-06-09,27.157026290893555,27.36615753173828,27.03752326965332,27.186901092529297,9.20799446105957,2812903
1983-06-10,27.246654510498047,27.396032333374023,27.157026290893555,27.30640411376953,9.248472213745117,1755606
1983-06-13,27.54541015625,28.023422241210938,27.27652931213379,28.023422241210938,9.49131965637207,3086955
1983-06-14,28.023422241210938,28.62093734741211,27.96367073059082,28.20267677307129,9.552029609680176,4064756
1983-06-15,28.262428283691406,28.919694900512695,28.232553482055664,28.919694900512695,9.794880867004395,4896535
1983-06-16,29.098947525024414,29.367830276489258,29.03919792175293,29.098947525024414,9.855592727661133,5160546
1983-06-17,29.098947525024414,29.278202056884766,28.740440368652344,28.949569702148438,9.804996490478516,2617092
1983-06-20,29.069072723388672,29.337953567504883,29.03919792175293,29.158700942993164,9.875824928283691,2712906
1983-06-21,29.248327255249023,29.54708480834961,28.830066680908203,29.427581787109375,9.966897964477539,3461005
1983-06-22,29.517208099365234,29.756214141845703,29.278202056884766,29.517208099365234,9.997245788574219,3072311
1983-06-23,29.517208099365234,29.57695960998535,29.337953567504883,29.457456588745117,9.977011680603027,2435088
1983-06-24,29.427581787109375,29.606836318969727,29.30807876586914,29.397705078125,9.95677375793457,1867738
1983-06-27,29.337953567504883,29.337953567504883,28.740440368652344,28.88981819152832,9.784756660461426,2271494
1983-06-28,28.949569702148438,29.009321212768555,28.142925262451172,28.20267677307129,9.552029609680176,3537990
1983-06-29,28.352054595947266,28.88981819152832,28.172800064086914,28.680688858032227,9.71392822265625,2802443
1983-06-30,28.80019187927246,28.919694900512695,28.62093734741211,28.740440368652344,9.734166145324707,2327141
1983-07-01,28.830066680908203,28.979446411132812,28.770315170288086,28.919694900512695,9.794880867004395,1561050
1983-07-05,28.501434326171875,28.591060638427734,28.352054595947266,28.501434326171875,9.653214454650879,3946767
1983-07-06,28.65081214904785,29.098947525024414,28.441682815551758,29.069072723388672,9.845476150512695,2841773
1983-07-07,29.069072723388672,29.337953567504883,28.62093734741211,28.62093734741211,9.693689346313477,4039652
1983-07-08,28.830066680908203,29.03919792175293,28.740440368652344,29.03919792175293,9.835354804992676,1818366
1983-07-11,29.098947525024414,29.487333297729492,29.03919792175293,29.457456588745117,9.977011680603027,3249713
1983-07-12,29.397705078125,29.517208099365234,28.830066680908203,28.88981819152832,9.784756660461426,3789030
1983-07-13,28.859943389892578,29.098947525024414,28.740440368652344,28.979446411132812,9.8151216506958,2593243
1983-07-14,29.098947525024414,29.63671112060547,29.069072723388672,29.158700942993164,9.875824928283691,4909924
1983-07-15,29.069072723388672,29.098947525024414,28.561185836791992,28.71056365966797,9.724044799804688,3908693
1983-07-18,28.71056365966797,28.80019187927246,28.4715576171875,28.65081214904785,9.703810691833496,3416236
1983-07-19,28.71056365966797,29.03919792175293,28.680688858032227,28.88981819152832,9.784756660461426,3058504
1983-07-20,29.158700942993164,29.965343475341797,29.158700942993164,29.965343475341797,10.149033546447754,5496102
1983-07-21,29.905593872070312,30.174474716186523,29.517208099365234,29.995220184326172,10.159147262573242,3910785
1983-07-22,29.86077880859375,29.995220184326172,29.726337432861328,29.726337432861328,10.068083763122559,2099531
1983-07-25,29.517208099365234,30.174474716186523,29.517208099365234,30.08484649658203,10.18950366973877,3108294
1983-07-26,30.114723205566406,30.353727340698242,29.935468673706055,30.05497169494629,10.179387092590332,3261010
1983-07-27,30.14459800720215,30.23422622680664,29.30807876586914,29.487333297729492,9.987126350402832,3287787
1983-07-28,29.457456588745117,29.666587829589844,29.03919792175293,29.158700942993164,9.875824928283691,2993234
1983-07-29,29.098947525024414,29.158700942993164,28.531309127807617,28.770315170288086,9.744290351867676,5206988
1983-08-01,28.740440368652344,29.009321212768555,28.740440368652344,28.859943389892578,9.774640083312988,3376906
1983-08-02,28.949569702148438,29.03919792175293,28.71056365966797,28.80019187927246,9.754403114318848,2129656
1983-08-03,28.80019187927246,29.009321212768555,28.4715576171875,28.979446411132812,9.8151216506958,3431298
1983-08-04,28.561185836791992,28.65081214904785,28.083173751831055,28.561185836791992,9.749845504760742,3714974
1983-08-05,28.441682815551758,28.71056365966797,28.441682815551758,28.62093734741211,9.77023983001709,2999091
1983-08-08,28.501434326171875,28.65081214904785,28.322179794311523,28.441682815551758,9.709043502807617,2298271
1983-08-09,28.531309127807617,28.561185836791992,27.87404441833496,28.232553482055664,9.637661933898926,4947580
1983-08-10,28.142925262451172,28.441682815551758,27.96367073059082,28.232553482055664,9.637661933898926,3739659
1983-08-11,28.322179794311523,28.4715576171875,28.083173751831055,28.142925262451172,9.607065200805664,1801212
1983-08-12,28.20267677307129,28.411806106567383,28.172800064086914,28.322179794311523,9.668255805969238,1602054
1983-08-15,28.591060638427734,29.03919792175293,28.4715576171875,28.80019187927246,9.831432342529297,4580225
1983-08-16,28.859943389892578,29.158700942993164,28.770315170288086,29.069072723388672,9.923226356506348,3000346
1983-08-17,29.069072723388672,29.517208099365234,29.069072723388672,29.397705078125,10.035401344299316,3623344
1983-08-18,29.487333297729492,29.57695960998535,29.009321212768555,29.069072723388672,9.923226356506348,3098252
1983-08-19,29.12882423400879,29.278202056884766,28.949569702148438,29.278202056884766,9.994608879089355,1668579
1983-08-22,29.367830276489258,29.457456588745117,28.830066680908203,28.979446411132812,9.892630577087402,2795330
1983-08-23,28.859943389892578,28.88981819152832,28.322179794311523,28.531309127807617,9.73964786529541,4919547
1983-08-24,28.322179794311523,28.441682815551758,27.72466468811035,27.844167709350586,9.50507640838623,4077308
1983-08-25,27.903919219970703,27.933795928955078,27.54541015625,27.78441619873047,9.484682083129883,3880242
1983-08-26,27.635038375854492,28.262428283691406,27.635038375854492,28.172800064086914,9.617263793945312,2850559
1983-08-29,28.023422241210938,28.501434326171875,27.933795928955078,28.441682815551758,9.709043502807617,2135095
1983-08-30,28.441682815551758,28.501434326171875,28.023422241210938,28.053298950195312,9.576470375061035,2894910
1983-08-31,28.11305046081543,28.561185836791992,27.993547439575195,28.561185836791992,9.749845504760742,2586967
1983-09-01,28.591060638427734,28.591060638427734,28.232553482055664,28.352054595947266,9.67845344543457,2601193
1983-09-02,28.352054595947266,28.62093734741211,28.322179794311523,28.62093734741211,9.77023983001709,2296179
1983-09-06,28.80019187927246,29.12882423400879,28.680688858032227,29.12882423400879,9.943620681762695,3340506
1983-09-07,29.098947525024414,29.367830276489258,28.919694900512695,29.248327255249023,9.984413146972656,3782336
1983-09-08,29.21845054626465,29.517208099365234,29.069072723388672,29.21845054626465,9.974220275878906,2653911
1983-09-09,29.21845054626465,29.367830276489258,29.009321212768555,29.21845054626465,9.974220275878906,1655609
1983-09-12,29.457456588745117,29.487333297729492,28.949569702148438,29.03919792175293,9.913022994995117,4636290
1983-09-13,28.979446411132812,29.158700942993164,28.830066680908203,29.158700942993164,9.953811645507812,3035910
1983-09-14,29.12882423400879,29.517208099365234,29.069072723388672,29.367830276489258,10.0252103805542,3407031
1983-09-15,29.367830276489258,29.457456588745117,29.03919792175293,29.098947525024414,9.933420181274414,2891562
1983-09-16,29.03919792175293,29.696462631225586,29.03919792175293,29.427581787109375,10.045605659484863,3429625
1983-09-19,29.487333297729492,29.845840454101562,29.30807876586914,29.57695960998535,10.096596717834473,3813716
1983-09-20,29.726337432861328,29.756214141845703,29.427581787109375,29.606836318969727,10.106800079345703,3942583
1983-09-21,29.57695960998535,29.666587829589844,29.367830276489258,29.397705078125,10.035401344299316,296646
1983-09-22,29.367830276489258,29.81596565246582,29.337953567504883,29.786090850830078,10.167983055114746,4599471
1983-09-23,29.875717163085938,30.264101028442383,29.606836318969727,30.264101028442383,10.331164360046387,4652190
1983-09-26,30.264101028442383,30.951242446899414,30.114723205566406,30.74211311340332,10.494338989257812,8775940
1983-09-27,30.682361602783203,30.682361602783203,30.23422622680664,30.56285858154297,10.433149337768555,5319956
1983-09-28,30.622610092163086,30.861616134643555,30.532983779907227,30.771989822387695,10.50454044342041,5525390
1983-09-29,30.801864624023438,30.951242446899414,30.56285858154297,30.56285858154297,10.433149337768555,3027124
1983-09-30,30.622610092163086,30.622610092163086,30.23422622680664,30.3238525390625,10.351556777954102,2386972
1983-10-03,30.23422622680664,30.712236404418945,30.174474716186523,30.622610092163086,10.453545570373535,3674807
1983-10-04,30.83173942565918,31.10062026977539,30.801864624023438,31.040870666503906,10.59632682800293,4979797
1983-10-05,31.01099395751953,31.369503021240234,30.861616134643555,31.33962631225586,10.698315620422363,5820781
1983-10-06,31.33962631225586,31.608509063720703,31.309751510620117,31.578632354736328,10.779900550842285,4621646
1983-10-07,31.608509063720703,31.66826057434082,31.48900604248047,31.608509063720703,10.79010009765625,3361007
1983-10-10,31.51888084411621,32.08652114868164,31.42925453186035,32.08652114868164,10.953274726867676,2754746
1983-10-11,31.787763595581055,32.02676773071289,31.728010177612305,31.787763595581055,10.85129165649414,2874826
1983-10-12,31.75788688659668,31.877389907836914,31.51888084411621,31.698135375976562,10.82068920135498,3895304
1983-10-13,31.728010177612305,31.99689292907715,31.698135375976562,31.93714141845703,10.90228271484375,3022522
1983-10-14,31.93714141845703,31.967016220092773,31.25,31.48900604248047,10.749308586120605,8357958
1983-10-17,31.369503021240234,31.698135375976562,31.190248489379883,31.48900604248047,10.749308586120605,4727083
1983-10-18,31.42925453186035,31.578632354736328,30.712236404418945,30.771989822387695,10.50454044342041,7295222
1983-10-19,30.771989822387695,31.25,30.74211311340332,31.190248489379883,10.647321701049805,8671758
1983-10-20,31.16037368774414,31.190248489379883,30.98111915588379,31.01099395751953,10.586128234863281,4776454
1983-10-21,30.98111915588379,31.01099395751953,30.05497169494629,30.353727340698242,10.361761093139648,6507794
1983-10-24,29.995220184326172,30.74211311340332,29.995220184326172,30.65248680114746,10.4637451171875,6240436
1983-10-25,30.801864624023438,31.01099395751953,30.65248680114746,30.712236404418945,10.484143257141113,4939630
1983-10-26,30.74211311340332,30.801864624023438,30.473230361938477,30.59273338317871,10.443353652954102,4091115
1983-10-27,30.56285858154297,30.921367645263672,30.443355560302734,30.921367645263672,10.555530548095703,2937586
1983-10-28,30.861616134643555,31.07074546813965,30.383604049682617,30.59273338317871,10.443353652954102,4626667
1983-10-31,30.682361602783203,30.83173942565918,30.114723205566406,30.293977737426758,10.341361999511719,6031654
1983-11-01,30.413480758666992,30.413480758666992,29.875717163085938,30.293977737426758,10.341361999511719,5912829
1983-11-02,29.995220184326172,30.353727340698242,29.995220184326172,30.23422622680664,10.398902893066406,3959738
1983-11-03,30.23422622680664,30.23422622680664,29.517208099365234,29.606836318969727,10.183116912841797,3860158
1983-11-04,29.457456588745117,29.457456588745117,29.098947525024414,29.21845054626465,10.049532890319824,6169308
1983-11-07,29.188575744628906,29.487333297729492,29.158700942993164,29.188575744628906,10.039260864257812,3362262
1983-11-08,29.12882423400879,29.367830276489258,29.12882423400879,29.21845054626465,10.049532890319824,2723366
1983-11-09,29.248327255249023,29.54708480834961,29.248327255249023,29.54708480834961,10.162565231323242,3593638
1983-11-10,29.63671112060547,30.05497169494629,29.63671112060547,29.935468673706055,10.296151161193848,4877707
1983-11-11,29.965343475341797,30.413480758666992,29.905593872070312,30.3238525390625,10.429729461669922,3283603
1983-11-14,30.383604049682617,30.532983779907227,30.353727340698242,30.473230361938477,10.481111526489258,4312030
1983-11-15,30.23422622680664,30.50310707092285,29.63671112060547,29.756214141845703,10.23449420928955,5666391
1983-11-16,29.786090850830078,30.08484649658203,29.54708480834961,29.81596565246582,10.255046844482422,4409099
1983-11-17,29.666587829589844,29.756214141845703,29.367830276489258,29.487333297729492,10.142017364501953,3415399
1983-11-18,29.517208099365234,29.57695960998535,29.158700942993164,29.517208099365234,10.152289390563965,3422930
1983-11-21,29.427581787109375,29.995220184326172,29.427581787109375,29.935468673706055,10.296151161193848,3256407
1983-11-22,29.995220184326172,30.025096893310547,29.30807876586914,29.397705078125,10.11119270324707,4121240
1983-11-23,29.457456588745117,29.487333297729492,28.680688858032227,28.88981819152832,9.936506271362305,7462582
1983-11-25,28.949569702148438,29.098947525024414,28.88981819152832,28.919694900512695,9.946784973144531,2296179
1983-11-28,28.919694900512695,28.919694900512695,28.262428283691406,28.501434326171875,9.802919387817383,5647145
1983-11-29,28.441682815551758,29.098947525024414,28.352054595947266,29.069072723388672,9.998162269592285,5346315
1983-11-30,29.03919792175293,29.21845054626465,28.053298950195312,28.053298950195312,9.648786544799805,6174329
1983-12-01,28.142925262451172,28.561185836791992,28.11305046081543,28.411806106567383,9.772096633911133,5821199
1983-12-02,28.38193130493164,28.501434326171875,28.11305046081543,28.172800064086914,9.689888000488281,4509934
1983-12-05,28.172800064086914,28.4715576171875,27.993547439575195,28.352054595947266,9.751544952392578,4806579
1983-12-06,28.38193130493164,28.501434326171875,28.11305046081543,28.11305046081543,9.669337272644043,3163522
1983-12-07,28.11305046081543,28.531309127807617,28.11305046081543,28.501434326171875,9.802919387817383,3248876
1983-12-08,28.38193130493164,28.65081214904785,28.322179794311523,28.441682815551758,9.782371520996094,3619997
1983-12-09,28.919694900512695,29.248327255249023,28.830066680908203,29.21845054626465,10.049532890319824,6973473
1983-12-12,29.30807876586914,29.756214141845703,29.21845054626465,29.63671112060547,10.19339656829834,5012014
1983-12-13,29.487333297729492,29.726337432861328,29.158700942993164,29.188575744628906,10.039260864257812,4150528
1983-12-14,29.30807876586914,29.427581787109375,28.830066680908203,28.88981819152832,9.936506271362305,3582341
1983-12-15,28.88981819152832,29.069072723388672,28.561185836791992,28.561185836791992,9.823473930358887,4770178
1983-12-16,28.680688858032227,28.88981819152832,28.591060638427734,28.88981819152832,9.936506271362305,2681944
1983-12-19,28.88981819152832,29.248327255249023,28.80019187927246,28.979446411132812,9.967330932617188,4526251
1983-12-20,29.03919792175293,29.30807876586914,28.949569702148438,29.098947525024414,10.008437156677246,3494477
1983-12-21,29.248327255249023,29.54708480834961,29.188575744628906,29.54708480834961,10.162565231323242,3550124
1983-12-22,29.54708480834961,29.666587829589844,29.278202056884766,29.367830276489258,10.100918769836426,3726270
1983-12-23,29.30807876586914,29.57695960998535,29.30807876586914,29.54708480834961,10.162565231323242,2529646
1983-12-27,29.726337432861328,29.81596565246582,29.63671112060547,29.786090850830078,10.244770050048828,2386135
1983-12-28,29.786090850830078,29.786090850830078,29.517208099365234,29.696462631225586,10.21395206451416,3218333
1983-12-29,29.786090850830078,29.845840454101562,29.397705078125,29.427581787109375,10.121465682983398,2478183
1983-12-30,29.337953567504883,29.487333297729492,29.158700942993164,29.158700942993164,10.028979301452637,1763138
1984-01-03,29.21845054626465,29.487333297729492,29.069072723388672,29.098947525024414,10.008437156677246,3033400
1984-01-04,29.12882423400879,29.63671112060547,29.098947525024414,29.606836318969727,10.183116912841797,8313190
1984-01-05,29.756214141845703,29.875717163085938,29.30807876586914,29.696462631225586,10.21395206451416,5400707
1984-01-06,29.57695960998535,29.756214141845703,29.397705078125,29.517208099365234,10.152289390563965,3957646
1984-01-09,29.457456588745117,29.63671112060547,29.278202056884766,29.457456588745117,10.131739616394043,3106620
1984-01-10,29.517208099365234,29.606836318969727,29.158700942993164,29.21845054626465,10.049532890319824,3007041
1984-01-11,29.188575744628906,29.337953567504883,29.12882423400879,29.21845054626465,10.049532890319824,3440503
1984-01-12,29.278202056884766,29.397705078125,28.979446411132812,28.979446411132812,9.967330932617188,3837983
1984-01-13,29.188575744628906,29.21845054626465,28.262428283691406,28.441682815551758,9.782371520996094,7369279
1984-01-16,28.561185836791992,28.80019187927246,28.441682815551758,28.80019187927246,9.905677795410156,5030005
1984-01-17,28.770315170288086,28.919694900512695,28.65081214904785,28.919694900512695,9.946784973144531,3676481
1984-01-18,28.919694900512695,29.12882423400879,28.441682815551758,28.80019187927246,9.905677795410156,8536615
1984-01-19,28.859943389892578,28.859943389892578,28.262428283691406,28.411806106567383,9.772096633911133,9090158
1984-01-20,28.411806106567383,28.4715576171875,27.96367073059082,27.96367073059082,9.617952346801758,11649511
1984-01-23,27.903919219970703,27.993547439575195,27.72466468811035,27.754541397094727,9.546029090881348,5576017
1984-01-24,27.844167709350586,28.023422241210938,27.814292907714844,27.903919219970703,9.59740924835205,4467257
1984-01-25,28.083173751831055,28.142925262451172,27.485660552978516,27.575286865234375,9.48437786102295,6596076
1984-01-26,27.664913177490234,27.69478988647461,27.246654510498047,27.396032333374023,9.422721862792969,5873499
1984-01-27,27.45578384399414,27.485660552978516,26.918020248413086,27.45578384399414,9.443273544311523,6270561
1984-01-30,27.45578384399414,27.485660552978516,27.03752326965332,27.216777801513672,9.361077308654785,5454681
1984-01-31,27.27652931213379,27.425907135009766,27.067399978637695,27.27652931213379,9.381627082824707,6891466
1984-02-01,27.30640411376953,27.396032333374023,27.067399978637695,27.186901092529297,9.350791931152344,5345060
1984-02-02,27.157026290893555,27.36615753173828,26.94789695739746,27.336280822753906,9.402179718017578,5040465
1984-02-03,27.246654510498047,27.336280822753906,26.469884872436523,26.469884872436523,9.180429458618164,6258846
1984-02-06,26.290630340576172,26.4997615814209,25.93212127685547,25.99187469482422,9.014652252197266,10326112
1984-02-07,26.201004028320312,26.469884872436523,25.93212127685547,26.410133361816406,9.159707069396973,11210610
1984-02-08,26.469884872436523,26.4997615814209,25.693117141723633,25.75286865234375,8.931755065917969,6607791
1984-02-09,25.75286865234375,26.320507049560547,25.454111099243164,26.051624298095703,9.035367965698242,9909386
1984-02-10,26.201004028320312,26.410133361816406,26.141252517700195,26.26075553894043,9.10789680480957,6803184
1984-02-13,26.320507049560547,26.35038185119629,25.812620162963867,26.051624298095703,9.035367965698242,4101575
1984-02-14,26.171127319335938,26.52963638305664,26.081501007080078,26.4997615814209,9.190793991088867,4794864
1984-02-15,26.559511184692383,26.619264602661133,26.171127319335938,26.201004028320312,9.087178230285645,4790680
1984-02-16,26.230880737304688,26.380258560180664,25.961997985839844,26.201004028320312,9.087178230285645,4791517
1984-02-17,26.230880737304688,26.410133361816406,26.081501007080078,26.230880737304688,9.097537994384766,3033818
1984-02-21,26.171127319335938,26.26075553894043,25.961997985839844,26.141252517700195,9.066452980041504,2758093
1984-02-22,26.081501007080078,26.4997615814209,25.961997985839844,26.081501007080078,9.045727729797363,4705326
1984-02-23,26.02174949645996,26.111377716064453,25.5736141204834,26.111377716064453,9.0560941696167,6154664
1984-02-24,26.111377716064453,26.649139404296875,26.111377716064453,26.589387893676758,9.221880912780762,4363912
1984-02-27,26.589387893676758,27.127151489257812,26.469884872436523,26.977771759033203,9.356586456298828,6100272
1984-02-28,26.888145446777344,26.888145446777344,26.26075553894043,26.290630340576172,9.11825942993164,5192344
1984-02-29,26.44001007080078,26.708890914916992,26.141252517700195,26.35038185119629,9.138985633850098,4673528
1984-03-01,26.230880737304688,26.679014205932617,26.230880737304688,26.649139404296875,9.242602348327637,3401174
1984-03-02,26.76864242553711,26.977771759033203,26.679014205932617,26.76864242553711,9.284048080444336,4202828
1984-03-05,26.649139404296875,26.649139404296875,26.380258560180664,26.52963638305664,9.201156616210938,3261010
1984-03-06,26.589387893676758,26.679014205932617,26.081501007080078,26.111377716064453,9.0560941696167,3633804
1984-03-07,25.812620162963867,25.872371673583984,25.48398780822754,25.722991943359375,8.92138671875,6568880
1984-03-08,25.722991943359375,26.111377716064453,25.722991943359375,25.93212127685547,8.993924140930176,3763090
1984-03-09,25.782743453979492,25.961997985839844,25.663240432739258,25.812620162963867,8.952474594116211,3052646
1984-03-12,25.961997985839844,26.410133361816406,25.93212127685547,26.35038185119629,9.138985633850098,6091486
1984-03-13,26.469884872436523,26.76864242553711,26.380258560180664,26.44001007080078,9.17007064819336,5991488
1984-03-14,26.44001007080078,26.649139404296875,26.380258560180664,26.52963638305664,9.201156616210938,4145089
1984-03-15,26.619264602661133,26.888145446777344,26.559511184692383,26.76864242553711,9.284048080444336,3993628
1984-03-16,27.30640411376953,27.30640411376953,26.94789695739746,27.186901092529297,9.429108619689941,8828240
1984-03-19,26.888145446777344,27.246654510498047,26.888145446777344,27.246654510498047,9.449837684631348,3420838
1984-03-20,27.27652931213379,27.575286865234375,27.127151489257812,27.425907135009766,9.51201057434082,5192344
1984-03-21,27.45578384399414,27.60516357421875,27.246654510498047,27.246654510498047,9.449837684631348,3827942
1984-03-22,27.246654510498047,27.246654510498047,26.8582706451416,26.94789695739746,9.346217155456543,3687778
1984-03-23,26.94789695739746,27.007648468017578,26.649139404296875,26.828393936157227,9.304773330688477,3500753
1984-03-26,26.79851722717285,27.067399978637695,26.708890914916992,26.828393936157227,9.304773330688477,7593960
1984-03-27,26.94789695739746,27.216777801513672,26.918020248413086,27.216777801513672,9.439482688903809,5175190
1984-03-28,27.216777801513672,27.575286865234375,27.157026290893555,27.575286865234375,9.56381607055664,4372280
1984-03-29,27.60516357421875,27.664913177490234,27.186901092529297,27.186901092529297,9.429108619689941,3651795
1984-03-30,27.216777801513672,27.396032333374023,27.157026290893555,27.216777801513672,9.439482688903809,2461866
1984-04-02,27.30640411376953,27.396032333374023,26.52963638305664,26.76864242553711,9.284048080444336,8907736
1984-04-03,26.559511184692383,26.888145446777344,26.380258560180664,26.76864242553711,9.284048080444336,8778032
1984-04-04,26.589387893676758,26.649139404296875,26.44001007080078,26.52963638305664,9.201156616210938,2980682
1984-04-05,26.559511184692383,26.619264602661133,25.902246475219727,25.99187469482422,9.014652252197266,5697771
1984-04-06,26.111377716064453,26.230880737304688,25.75286865234375,26.230880737304688,9.097537994384766,5422464
1984-04-09,26.290630340576172,26.290630340576172,25.902246475219727,26.201004028320312,9.087178230285645,3955554
1984-04-10,26.290630340576172,26.469884872436523,26.230880737304688,26.290630340576172,9.11825942993164,3391550
1984-04-11,26.35038185119629,26.380258560180664,25.99187469482422,26.02174949645996,9.025009155273438,2810393
1984-04-12,26.02174949645996,26.94789695739746,25.693117141723633,26.888145446777344,9.325488090515137,7445846
1984-04-13,26.8582706451416,27.127151489257812,26.559511184692383,26.589387893676758,9.221880912780762,5640869
1984-04-16,26.4997615814209,26.977771759033203,26.44001007080078,26.94789695739746,9.346217155456543,3223772
1984-04-17,27.007648468017578,27.127151489257812,26.76864242553711,26.828393936157227,9.304773330688477,3897396
1984-04-18,26.738767623901367,26.828393936157227,26.410133361816406,26.559511184692383,9.211515426635742,3015409
1984-04-19,26.4997615814209,26.559511184692383,26.320507049560547,26.469884872436523,9.180429458618164,4301152
1984-04-23,26.559511184692383,26.619264602661133,26.201004028320312,26.26075553894043,9.10789680480957,3499498
1984-04-24,26.230880737304688,26.679014205932617,26.171127319335938,26.469884872436523,9.180429458618164,4619136
1984-04-25,26.4997615814209,26.828393936157227,26.44001007080078,26.738767623901367,9.273694038391113,3763090
1984-04-26,26.738767623901367,27.127151489257812,26.738767623901367,27.067399978637695,9.387667655944824,4560560
1984-04-27,26.94789695739746,27.30640411376953,26.918020248413086,27.067399978637695,9.387667655944824,4276048
1984-04-30,27.186901092529297,27.396032333374023,26.94789695739746,27.186901092529297,9.429108619689941,4694448
1984-05-01,27.246654510498047,27.844167709350586,27.246654510498047,27.844167709350586,9.657068252563477,6121192
1984-05-02,27.78441619873047,28.023422241210938,27.72466468811035,27.78441619873047,9.636345863342285,5594008
1984-05-03,27.814292907714844,27.814292907714844,27.485660552978516,27.635038375854492,9.584540367126465,3145950
1984-05-04,27.396032333374023,27.45578384399414,26.888145446777344,26.94789695739746,9.423646926879883,3745935
1984-05-07,26.94789695739746,27.097274780273438,26.8582706451416,27.067399978637695,9.465438842773438,2989468
1984-05-08,27.067399978637695,27.30640411376953,26.94789695739746,27.30640411376953,9.549020767211914,3041350
1984-05-09,27.30640411376953,27.45578384399414,26.888145446777344,26.977771759033203,9.434089660644531,4493616
1984-05-10,26.977771759033203,27.097274780273438,26.679014205932617,26.8582706451416,9.392302513122559,4347176
1984-05-11,26.738767623901367,26.79851722717285,26.410133361816406,26.589387893676758,9.298273086547852,3382346
1984-05-14,26.469884872436523,26.828393936157227,26.410133361816406,26.828393936157227,9.381853103637695,2740520
1984-05-15,26.8582706451416,27.067399978637695,26.828393936157227,27.007648468017578,9.444533348083496,3735057
1984-05-16,26.977771759033203,26.977771759033203,26.708890914916992,26.738767623901367,9.350516319274902,3725852
1984-05-17,26.679014205932617,26.708890914916992,26.201004028320312,26.410133361816406,9.235588073730469,4564326
1984-05-18,26.410133361816406,26.4997615814209,25.961997985839844,26.141252517700195,9.141562461853027,6476832
1984-05-21,26.111377716064453,26.230880737304688,25.872371673583984,25.961997985839844,9.078877449035645,3835473
1984-05-22,25.93212127685547,25.93212127685547,25.693117141723633,25.782743453979492,9.016196250915527,4978960
1984-05-23,25.84249496459961,26.051624298095703,25.75286865234375,25.75286865234375,9.00574779510498,4422488
1984-05-24,25.782743453979492,25.84249496459961,25.364484786987305,25.51386260986328,8.922164916992188,4870176
1984-05-25,25.5736141204834,25.782743453979492,25.51386260986328,25.633365631103516,8.963950157165527,3870200
1984-05-29,25.60348892211914,25.722991943359375,25.274856567382812,25.48398780822754,8.911714553833008,3146786
1984-05-30,25.364484786987305,25.93212127685547,25.24498176574707,25.693117141723633,8.984850883483887,4938375
1984-05-31,25.722991943359375,25.99187469482422,25.693117141723633,25.75286865234375,9.00574779510498,4902811
1984-06-01,25.75286865234375,25.961997985839844,25.633365631103516,25.782743453979492,9.016196250915527,5062640
1984-06-04,26.02174949645996,26.111377716064453,25.812620162963867,25.872371673583984,9.047540664672852,4870176
1984-06-05,25.722991943359375,25.722991943359375,25.09560203552246,25.18522834777832,8.807246208190918,8238296
1984-06-06,25.125478744506836,25.33460807800293,24.707218170166016,25.274856567382812,8.838586807250977,11351192
1984-06-07,25.155353546142578,25.394359588623047,25.035850524902344,25.24498176574707,8.828144073486328,5276024
1984-06-08,25.215105056762695,25.33460807800293,25.0059757232666,25.274856567382812,8.838586807250977,4627504
1984-06-11,25.215105056762695,25.215105056762695,24.886472702026367,24.91634750366211,8.713215827941895,3836728
1984-06-12,24.91634750366211,25.06572723388672,24.796844482421875,24.976099014282227,8.73410701751709,5326232
1984-06-13,25.125478744506836,25.215105056762695,24.91634750366211,24.946224212646484,8.723666191101074,3521673
1984-06-14,24.856597900390625,24.886472702026367,24.020076751708984,24.0798282623291,8.42069149017334,8351264
1984-06-15,24.13957977294922,24.16945457458496,23.691444396972656,23.691444396972656,8.284868240356445,10489288
1984-06-18,23.751195907592773,24.348709106445312,23.66156768798828,24.31883430480957,8.50426959991455,5937096
1984-06-19,24.40846061706543,24.796844482421875,24.348709106445312,24.527963638305664,8.57740306854248,6326208
1984-06-20,24.378585815429688,24.498088836669922,24.288957595825195,24.40846061706543,8.535604476928711,7376392
1984-06-21,25.5736141204834,25.812620162963867,25.18522834777832,25.304731369018555,8.84903335571289,7891024
1984-06-22,25.215105056762695,25.454111099243164,25.125478744506836,25.155353546142578,8.796795845031738,3801582
1984-06-25,25.33460807800293,25.394359588623047,25.18522834777832,25.215105056762695,8.817683219909668,3136326
1984-06-26,25.125478744506836,25.215105056762695,24.6474666595459,24.886472702026367,8.702766418457031,3972290
1984-06-27,24.886472702026367,24.976099014282227,24.557838439941406,24.6474666595459,8.619192123413086,4656792
1984-06-28,24.6474666595459,25.24498176574707,24.617591857910156,25.125478744506836,8.786349296569824,3043442
1984-06-29,25.155353546142578,25.454111099243164,25.125478744506836,25.274856567382812,8.838586807250977,4757208
1984-07-02,25.274856567382812,25.274856567382812,25.035850524902344,25.274856567382812,8.838586807250977,2525044
1984-07-03,25.364484786987305,25.663240432739258,25.364484786987305,25.60348892211914,8.953509330749512,2297853
1984-07-05,25.633365631103516,25.693117141723633,25.394359588623047,25.394359588623047,8.88037395477295,2194090
1984-07-06,25.274856567382812,25.33460807800293,25.0059757232666,25.274856567382812,8.838586807250977,2181538
1984-07-09,25.364484786987305,25.693117141723633,25.18522834777832,25.633365631103516,8.963950157165527,2948465
1984-07-10,25.60348892211914,25.663240432739258,25.394359588623047,25.60348892211914,8.953509330749512,3357242
1984-07-11,25.454111099243164,25.60348892211914,25.155353546142578,25.155353546142578,8.796795845031738,3755140
1984-07-12,25.155353546142578,25.24498176574707,24.886472702026367,24.946224212646484,8.723666191101074,4501984
1984-07-13,25.09560203552246,25.274856567382812,24.856597900390625,25.155353546142578,8.796795845031738,3577738
1984-07-16,25.274856567382812,25.633365631103516,24.976099014282227,25.633365631103516,8.963950157165527,3873129
1984-07-17,25.60348892211914,25.902246475219727,25.51386260986328,25.84249496459961,9.037087440490723,4380648
1984-07-18,25.782743453979492,25.84249496459961,25.60348892211914,25.633365631103516,8.963950157165527,2614163
1984-07-19,25.663240432739258,25.663240432739258,25.394359588623047,25.51386260986328,8.922164916992188,3745517
1984-07-20,25.454111099243164,25.633365631103516,25.215105056762695,25.5736141204834,8.943060874938965,3389040
1984-07-23,25.215105056762695,25.42423439025879,25.125478744506836,25.364484786987305,8.869930267333984,3894049
1984-07-24,25.42423439025879,25.5736141204834,25.125478744506836,25.18522834777832,8.807246208190918,2971477
1984-07-25,25.215105056762695,25.75286865234375,24.976099014282227,25.60348892211914,8.953509330749512,6656744
1984-07-26,25.60348892211914,25.99187469482422,25.51386260986328,25.872371673583984,9.047540664672852,4192368
1984-07-27,25.902246475219727,26.201004028320312,25.782743453979492,26.051624298095703,9.110221862792969,4430856
1984-07-30,25.99187469482422,26.141252517700195,25.872371673583984,25.902246475219727,9.057985305786133,2553914
1984-07-31,26.051624298095703,26.4997615814209,26.02174949645996,26.44001007080078,9.2460355758667,5355520
1984-08-01,26.52963638305664,27.067399978637695,26.4997615814209,26.977771759033203,9.434089660644531,6142112
1984-08-02,27.127151489257812,27.515535354614258,27.127151489257812,27.45578384399414,9.601253509521484,7702744
1984-08-03,28.023422241210938,28.979446411132812,27.96367073059082,28.740440368652344,10.050497055053711,13635656
1984-08-06,28.680688858032227,29.63671112060547,28.680688858032227,29.098947525024414,10.175868034362793,10422344
1984-08-07,28.680688858032227,29.337953567504883,28.680688858032227,28.979446411132812,10.134078979492188,7163008
1984-08-08,28.80019187927246,28.919694900512695,28.262428283691406,28.322179794311523,9.994902610778809,7217400
1984-08-09,28.352054595947266,29.457456588745117,28.322179794311523,29.337953567504883,10.353371620178223,6815736
1984-08-10,29.696462631225586,29.845840454101562,28.859943389892578,28.949569702148438,10.216310501098633,9627384
1984-08-13,28.830066680908203,29.337953567504883,28.680688858032227,29.21845054626465,10.311193466186523,4874360
1984-08-14,29.337953567504883,29.457456588745117,28.859943389892578,28.979446411132812,10.22685432434082,3383601
1984-08-15,28.949569702148438,29.517208099365234,28.919694900512695,29.12882423400879,10.279571533203125,4681896
1984-08-16,29.21845054626465,29.54708480834961,29.21845054626465,29.427581787109375,10.385010719299316,4347176
1984-08-17,29.457456588745117,29.606836318969727,29.278202056884766,29.397705078125,10.3744535446167,3849698
1984-08-20,29.427581787109375,29.517208099365234,29.278202056884766,29.457456588745117,10.395545959472656,3603679
1984-08-21,29.57695960998535,30.293977737426758,29.517208099365234,30.08484649658203,10.616954803466797,9405632
1984-08-22,30.114723205566406,30.204349517822266,29.63671112060547,29.63671112060547,10.458805084228516,6079352
1984-08-23,29.666587829589844,30.05497169494629,29.606836318969727,29.845840454101562,10.532605171203613,4163917
1984-08-24,29.905593872070312,30.025096893310547,29.696462631225586,29.995220184326172,10.585323333740234,2844283
1984-08-27,29.63671112060547,29.81596565246582,29.54708480834961,29.81596565246582,10.522068977355957,2675668
1984-08-28,29.875717163085938,30.05497169494629,29.726337432861328,29.965343475341797,10.574777603149414,2524626
1984-08-29,29.995220184326172,30.114723205566406,29.696462631225586,29.696462631225586,10.479893684387207,3245947
1984-08-30,29.81596565246582,29.845840454101562,29.487333297729492,29.54708480834961,10.427176475524902,2282372
1984-08-31,29.397705078125,29.666587829589844,29.397705078125,29.57695960998535,10.437718391418457,2297016
1984-09-04,29.397705078125,29.427581787109375,29.12882423400879,29.278202056884766,10.33228874206543,2680270
1984-09-05,29.158700942993164,29.30807876586914,29.069072723388672,29.278202056884766,10.33228874206543,3564768
1984-09-06,29.427581787109375,29.696462631225586,29.367830276489258,29.487333297729492,10.406083106994629,3897814
1984-09-07,29.606836318969727,29.606836318969727,28.979446411132812,29.069072723388672,10.2584810256958,3263102
1984-09-10,28.919694900512695,29.487333297729492,28.88981819152832,29.337953567504883,10.353371620178223,4019987
1984-09-11,29.337953567504883,29.756214141845703,29.21845054626465,29.21845054626465,10.311193466186523,5991488
1984-09-12,29.278202056884766,29.487333297729492,29.158700942993164,29.278202056884766,10.33228874206543,3305360
1984-09-13,29.457456588745117,30.14459800720215,29.30807876586914,30.14459800720215,10.63803482055664,4635872
1984-09-14,30.3238525390625,30.532983779907227,30.174474716186523,30.293977737426758,10.690756797790527,6050064
1984-09-17,30.174474716186523,30.712236404418945,30.14459800720215,30.50310707092285,10.764554023742676,4732104
1984-09-18,30.443355560302734,30.56285858154297,30.23422622680664,30.264101028442383,10.680208206176758,4481064
1984-09-19,30.204349517822266,30.682361602783203,29.875717163085938,30.08484649658203,10.616954803466797,6686032
1984-09-20,30.025096893310547,30.174474716186523,29.905593872070312,30.114723205566406,10.627493858337402,5129584
1984-09-21,30.025096893310547,30.473230361938477,29.54708480834961,29.696462631225586,10.479893684387207,5819944
1984-09-24,29.726337432861328,29.905593872070312,29.54708480834961,29.57695960998535,10.437718391418457,3501171
1984-09-25,29.606836318969727,29.81596565246582,29.337953567504883,29.63671112060547,10.458805084228516,4736288
1984-09-26,29.666587829589844,30.114723205566406,29.63671112060547,29.786090850830078,10.511523246765137,4322072
1984-09-27,29.935468673706055,30.114723205566406,29.935468673706055,30.05497169494629,10.606406211853027,2984029
1984-09-28,29.995220184326172,30.14459800720215,29.63671112060547,29.696462631225586,10.479893684387207,2966456
1984-10-01,29.57695960998535,29.57695960998535,29.21845054626465,29.30807876586914,10.342825889587402,3439666
1984-10-02,29.337953567504883,29.54708480834961,29.098947525024414,29.098947525024414,10.269031524658203,4242576
1984-10-03,29.12882423400879,29.278202056884766,28.80019187927246,28.979446411132812,10.22685432434082,5338784
1984-10-04,29.098947525024414,29.21845054626465,28.919694900512695,29.12882423400879,10.279571533203125,3020848
1984-10-05,29.248327255249023,29.248327255249023,28.949569702148438,28.979446411132812,10.22685432434082,2403708
1984-10-08,28.88981819152832,28.919694900512695,28.740440368652344,28.919694900512695,10.205771446228027,1815856
1984-10-09,29.158700942993164,29.21845054626465,28.80019187927246,28.80019187927246,10.163602828979492,3840494
1984-10-10,28.88981819152832,29.098947525024414,28.38193130493164,29.069072723388672,10.2584810256958,7259240
1984-10-11,29.098947525024414,29.188575744628906,28.71056365966797,28.740440368652344,10.142511367797852,5782288
1984-10-12,28.859943389892578,29.21845054626465,28.830066680908203,29.12882423400879,10.279571533203125,5020800
1984-10-15,29.03919792175293,29.487333297729492,29.009321212768555,29.278202056884766,10.33228874206543,4497800
1984-10-16,29.248327255249023,29.337953567504883,28.80019187927246,28.979446411132812,10.22685432434082,4828336
1984-10-17,28.830066680908203,29.397705078125,28.830066680908203,29.12882423400879,10.279571533203125,3221262
1984-10-18,29.158700942993164,30.174474716186523,29.098947525024414,30.114723205566406,10.627493858337402,1447664
1984-10-19,30.532983779907227,30.532983779907227,29.57695960998535,29.905593872070312,10.553688049316406,7824080
1984-10-22,29.875717163085938,30.23422622680664,29.845840454101562,30.05497169494629,10.606406211853027,4017058
1984-10-23,30.14459800720215,30.443355560302734,30.114723205566406,30.264101028442383,10.680208206176758,5104480
1984-10-24,30.174474716186523,30.443355560302734,30.174474716186523,30.293977737426758,10.690756797790527,3578575
1984-10-25,30.293977737426758,30.293977737426758,29.845840454101562,29.875717163085938,10.543152809143066,4460144
1984-10-26,29.63671112060547,29.905593872070312,29.57695960998535,29.666587829589844,10.46934986114502,2686128
1984-10-29,29.696462631225586,29.845840454101562,29.666587829589844,29.845840454101562,10.532605171203613,1597870
1984-10-30,29.905593872070312,30.383604049682617,29.905593872070312,30.293977737426758,10.690756797790527,4144252
1984-10-31,29.995220184326172,30.293977737426758,29.786090850830078,29.786090850830078,10.603545188903809,3668113
1984-11-01,30.05497169494629,30.3238525390625,29.935468673706055,30.114723205566406,10.720535278320312,5020800
1984-11-02,30.114723205566406,30.23422622680664,30.05497169494629,30.08484649658203,10.709895133972168,3234232
1984-11-05,30.08484649658203,30.3238525390625,29.57695960998535,30.293977737426758,10.784348487854004,2467305
1984-11-06,30.264101028442383,30.532983779907227,30.23422622680664,30.473230361938477,10.848153114318848,5313680
1984-11-07,30.353727340698242,30.383604049682617,29.965343475341797,30.05497169494629,10.699261665344238,6978912
1984-11-08,29.875717163085938,30.05497169494629,29.696462631225586,30.05497169494629,10.699261665344238,4397384
1984-11-09,29.965343475341797,29.995220184326172,29.457456588745117,29.457456588745117,10.486553192138672,3950533
1984-11-12,29.457456588745117,29.63671112060547,29.337953567504883,29.63671112060547,10.550372123718262,3274817
1984-11-13,29.57695960998535,29.696462631225586,29.278202056884766,29.337953567504883,10.444010734558105,4644240
1984-11-14,29.337953567504883,29.57695960998535,29.158700942993164,29.427581787109375,10.475919723510742,4133374
1984-11-15,29.397705078125,29.457456588745117,29.158700942993164,29.337953567504883,10.444010734558105,2960598
1984-11-16,29.427581787109375,29.427581787109375,28.949569702148438,29.03919792175293,10.337651252746582,4677712
1984-11-19,29.069072723388672,29.069072723388672,28.561185836791992,28.680688858032227,10.210033416748047,4489432
1984-11-20,28.740440368652344,29.009321212768555,28.71056365966797,28.979446411132812,10.316385269165039,5690240
1984-11-21,28.949569702148438,29.009321212768555,28.591060638427734,28.919694900512695,10.295117378234863,4447592
1984-11-23,29.03919792175293,29.30807876586914,28.949569702148438,29.30807876586914,10.433380126953125,4280232
1984-11-26,29.367830276489258,29.457456588745117,29.188575744628906,29.30807876586914,10.433380126953125,4238392
1984-11-27,29.427581787109375,29.905593872070312,29.337953567504883,29.81596565246582,10.614175796508789,5510328
1984-11-28,29.845840454101562,29.845840454101562,29.397705078125,29.427581787109375,10.475919723510742,3965177
1984-11-29,29.367830276489258,29.427581787109375,29.069072723388672,29.158700942993164,10.38019847869873,4326256
1984-11-30,29.069072723388672,29.21845054626465,28.859943389892578,29.098947525024414,10.358930587768555,3479833
1984-12-03,28.979446411132812,29.009321212768555,28.561185836791992,28.680688858032227,10.210033416748047,5451752
1984-12-04,28.740440368652344,28.919694900512695,28.680688858032227,28.740440368652344,10.231304168701172,4171448
1984-12-05,28.740440368652344,28.740440368652344,28.053298950195312,28.172800064086914,10.029231071472168,5338784
1984-12-06,28.142925262451172,28.561185836791992,28.023422241210938,28.322179794311523,10.082403182983398,5958016
1984-12-07,28.322179794311523,28.4715576171875,27.844167709350586,27.993547439575195,9.965423583984375,4246760
1984-12-10,27.993547439575195,28.262428283691406,27.72466468811035,28.172800064086914,10.029231071472168,7158824
1984-12-11,28.29230308532715,28.4715576171875,28.142925262451172,28.4715576171875,10.135583877563477,5376440
1984-12-12,28.4715576171875,28.531309127807617,28.29230308532715,28.38193130493164,10.103683471679688,2875245
1984-12-13,28.38193130493164,28.591060638427734,28.083173751831055,28.142925262451172,10.018600463867188,4799048
1984-12-14,28.172800064086914,28.740440368652344,28.172800064086914,28.38193130493164,10.103683471679688,5715344
1984-12-17,28.142925262451172,28.441682815551758,27.993547439575195,28.441682815551758,10.124943733215332,4439224
1984-12-18,28.740440368652344,29.457456588745117,28.680688858032227,29.427581787109375,10.475919723510742,8342896
1984-12-19,29.397705078125,29.756214141845703,29.248327255249023,29.397705078125,10.465280532836914,6870128
1984-12-20,29.457456588745117,29.606836318969727,29.188575744628906,29.248327255249023,10.412102699279785,4175632
1984-12-21,29.248327255249023,29.57695960998535,28.680688858032227,29.57695960998535,10.529088973999023,5723712
1984-12-24,29.487333297729492,29.756214141845703,29.457456588745117,29.696462631225586,10.571636199951172,3155573
1984-12-26,29.57695960998535,29.696462631225586,29.54708480834961,29.57695960998535,10.529088973999023,1750167
1984-12-27,29.57695960998535,29.696462631225586,29.337953567504883,29.427581787109375,10.475919723510742,2113757
1984-12-28,29.427581787109375,29.63671112060547,29.337953567504883,29.517208099365234,10.507826805114746,2391574
1984-12-31,29.606836318969727,29.606836318969727,29.367830276489258,29.427581787109375,10.475919723510742,2865203
1985-01-02,29.248327255249023,29.30807876586914,28.859943389892578,28.919694900512695,10.295117378234863,3650540
1985-01-03,28.770315170288086,29.21845054626465,28.65081214904785,28.680688858032227,10.210033416748047,5807392
1985-01-04,28.680688858032227,28.770315170288086,28.441682815551758,28.62093734741211,10.188764572143555,4213288
1985-01-07,28.770315170288086,28.88981819152832,28.62093734741211,28.770315170288086,10.241936683654785,4886912
1985-01-08,28.71056365966797,28.80019187927246,28.501434326171875,28.62093734741211,10.188764572143555,4698632
1985-01-09,28.65081214904785,28.859943389892578,28.561185836791992,28.770315170288086,10.241936683654785,5485224
1985-01-10,28.65081214904785,29.57695960998535,28.591060638427734,29.57695960998535,10.529088973999023,6861760
1985-01-11,29.54708480834961,29.63671112060547,29.188575744628906,29.337953567504883,10.444010734558105,4660976
1985-01-14,29.337953567504883,29.935468673706055,28.80019187927246,29.81596565246582,10.614175796508789,8129512
1985-01-15,29.935468673706055,30.025096893310547,29.666587829589844,29.786090850830078,10.603545188903809,6803184
1985-01-16,29.845840454101562,29.995220184326172,29.54708480834961,29.606836318969727,10.539727210998535,5690240
1985-01-17,29.726337432861328,29.786090850830078,29.397705078125,29.54708480834961,10.51845932006836,4476880
1985-01-18,29.54708480834961,29.875717163085938,29.54708480834961,29.666587829589844,10.561005592346191,4865992
1985-01-21,29.81596565246582,30.712236404418945,29.726337432861328,30.65248680114746,10.911969184875488,8916104
1985-01-22,30.891490936279297,31.220123291015625,30.861616134643555,30.98111915588379,11.028962135314941,10623176
1985-01-23,30.951242446899414,31.698135375976562,30.891490936279297,31.66826057434082,11.273582458496094,9497680
1985-01-24,31.698135375976562,32.146270751953125,31.638383865356445,31.817638397216797,11.326751708984375,7639984
1985-01-25,31.817638397216797,32.056644439697266,31.698135375976562,31.84751319885254,11.337389945983887,5071008
1985-01-28,31.90726661682129,32.32552719116211,31.84751319885254,32.1761474609375,11.454375267028809,8104408
1985-01-29,32.146270751953125,32.7437858581543,31.967016220092773,32.7437858581543,11.656455039978027,4723736
1985-01-30,32.86328887939453,32.893165588378906,32.5346565246582,32.65415954589844,11.624544143676758,6539592
1985-01-31,32.56453323364258,32.71390914916992,32.32552719116211,32.59440612792969,11.60327434539795,5087744
1985-02-01,32.41515350341797,32.65415954589844,32.355403900146484,32.41515350341797,11.539461135864258,3474394
1985-02-04,32.26577377319336,33.04254150390625,32.26577377319336,32.893165588378906,11.709624290466309,5631664
1985-02-05,32.893165588378906,33.04254150390625,32.50477981567383,32.62428283691406,11.613913536071777,5296944
1985-02-06,32.32552719116211,32.65415954589844,32.26577377319336,32.355403900146484,11.611773490905762,5426648
1985-02-07,32.47490310668945,32.893165588378906,32.47490310668945,32.77366256713867,11.761872291564941,4430856
1985-02-08,32.80353546142578,32.95291519165039,32.68403244018555,32.80353546142578,11.77259635925293,3551798
1985-02-11,32.80353546142578,32.80353546142578,31.728010177612305,31.90726661682129,11.450942039489746,10518576
1985-02-12,31.42925453186035,31.787763595581055,31.369503021240234,31.48900604248047,11.300835609436035,9296848
1985-02-13,31.48900604248047,32.1761474609375,31.48900604248047,31.967016220092773,11.47238826751709,6602352
1985-02-14,32.08652114868164,32.1761474609375,31.548757553100586,31.548757553100586,11.322283744812012,5619112
1985-02-15,31.608509063720703,31.728010177612305,31.25,31.39937973022461,11.268667221069336,4455960
1985-02-19,31.42925453186035,31.608509063720703,31.369503021240234,31.51888084411621,11.311553001403809,3063106
1985-02-20,31.548757553100586,32.23590087890625,31.51888084411621,31.967016220092773,11.47238826751709,6091904
1985-02-21,31.90726661682129,32.146270751953125,31.787763595581055,31.967016220092773,11.47238826751709,3507866
1985-02-22,31.93714141845703,32.08652114868164,31.578632354736328,31.75788688659668,11.397330284118652,3847188
1985-02-25,31.728010177612305,31.99689292907715,31.578632354736328,31.99689292907715,11.483111381530762,3201597
1985-02-26,31.877389907836914,32.385276794433594,31.84751319885254,32.146270751953125,11.536712646484375,4811600
1985-02-27,32.056644439697266,32.26577377319336,31.728010177612305,31.817638397216797,11.418777465820312,3630038
1985-02-28,31.728010177612305,32.146270751953125,31.728010177612305,32.02676773071289,11.493834495544434,3691962
1985-03-01,32.146270751953125,32.68403244018555,32.02676773071289,32.47490310668945,11.654647827148438,5786472
1985-03-04,32.56453323364258,32.59440612792969,32.116397857666016,32.26577377319336,11.57960033416748,3724178
1985-03-05,32.355403900146484,32.47490310668945,32.1761474609375,32.26577377319336,11.57960033416748,4225840
1985-03-06,32.295650482177734,32.385276794433594,31.728010177612305,31.75788688659668,11.397330284118652,4309520
1985-03-07,31.638383865356445,31.877389907836914,31.07074546813965,31.10062026977539,11.161449432373047,7351288
1985-03-08,31.190248489379883,31.309751510620117,30.861616134643555,30.98111915588379,11.11855697631836,7209032
1985-03-11,31.040870666503906,31.48900604248047,31.01099395751953,31.42925453186035,11.279387474060059,4397384
1985-03-12,31.309751510620117,31.66826057434082,31.309751510620117,31.51888084411621,11.311553001403809,3680246
1985-03-13,31.42925453186035,31.548757553100586,30.921367645263672,31.07074546813965,11.150731086730957,4991512
1985-03-14,30.951242446899414,31.16037368774414,30.771989822387695,30.801864624023438,11.054232597351074,5322048
1985-03-15,30.83173942565918,31.07074546813965,30.59273338317871,30.74211311340332,11.032787322998047,5008248
1985-03-18,30.74211311340332,31.040870666503906,30.59273338317871,30.682361602783203,11.01134204864502,5045904
1985-03-19,30.74211311340332,31.33962631225586,30.65248680114746,31.190248489379883,11.19361400604248,4338808
1985-03-20,30.921367645263672,31.220123291015625,30.83173942565918,30.921367645263672,11.097119331359863,4681896
1985-03-21,30.83173942565918,31.07074546813965,30.622610092163086,30.771989822387695,11.043501853942871,6493568
1985-03-22,30.74211311340332,30.771989822387695,30.532983779907227,30.532983779907227,10.95773696899414,5008248
1985-03-25,30.59273338317871,30.59273338317871,29.756214141845703,29.756214141845703,10.678966522216797,8606488
1985-03-26,29.726337432861328,30.025096893310547,29.666587829589844,29.965343475341797,10.754019737243652,5874336
1985-03-27,30.025096893310547,30.264101028442383,29.995220184326172,30.204349517822266,10.83979606628418,4598216
1985-03-28,30.353727340698242,30.50310707092285,30.204349517822266,30.264101028442383,10.861233711242676,4156386
1985-03-29,30.3238525390625,30.383604049682617,30.025096893310547,30.353727340698242,10.89340877532959,2907880
1985-04-01,30.353727340698242,30.65248680114746,30.3238525390625,30.622610092163086,10.989891052246094,3517907
1985-04-02,30.682361602783203,30.951242446899414,30.473230361938477,30.532983779907227,10.95773696899414,3970616
1985-04-03,30.473230361938477,30.50310707092285,30.174474716186523,30.23422622680664,10.850521087646484,3464352
1985-04-04,30.23422622680664,30.413480758666992,29.995220184326172,30.353727340698242,10.89340877532959,2245971
1985-04-08,30.3238525390625,30.353727340698242,29.606836318969727,29.606836318969727,10.625353813171387,5100296
1985-04-09,29.726337432861328,29.965343475341797,29.696462631225586,29.786090850830078,10.689688682556152,4057225
1985-04-10,29.995220184326172,30.264101028442383,29.875717163085938,30.08484649658203,10.796907424926758,4250944
1985-04-11,30.23422622680664,30.50310707092285,30.08484649658203,30.353727340698242,10.89340877532959,5167240
1985-04-12,30.383604049682617,30.622610092163086,30.3238525390625,30.59273338317871,10.97917652130127,3983168
1985-04-15,30.56285858154297,31.01099395751953,30.56285858154297,30.891490936279297,11.086390495300293,4322072
1985-04-16,30.921367645263672,31.16037368774414,30.712236404418945,31.01099395751953,11.129281997680664,4874360
1985-04-17,31.07074546813965,31.10062026977539,30.891490936279297,30.98111915588379,11.11855697631836,3772713
1985-04-18,31.07074546813965,31.07074546813965,30.443355560302734,30.473230361938477,10.93628978729248,4178979
1985-04-19,30.50310707092285,30.622610092163086,30.3238525390625,30.50310707092285,10.947011947631836,3094905
1985-04-22,30.59273338317871,30.59273338317871,30.293977737426758,30.532983779907227,10.95773696899414,2715834
1985-04-23,30.473230361938477,30.891490936279297,30.413480758666992,30.83173942565918,11.064949035644531,4055133
1985-04-24,30.861616134643555,30.861616134643555,30.413480758666992,30.74211311340332,11.032787322998047,3436738
1985-04-25,30.65248680114746,30.83173942565918,30.622610092163086,30.801864624023438,11.054232597351074,4125424
1985-04-26,30.771989822387695,31.01099395751953,30.383604049682617,30.383604049682617,10.904128074645996,2927126
1985-04-29,30.3238525390625,30.383604049682617,30.14459800720215,30.174474716186523,10.829069137573242,3400755
1985-04-30,30.204349517822266,30.293977737426758,29.995220184326172,30.23422622680664,10.850521087646484,5355520
1985-05-01,30.204349517822266,30.3238525390625,29.905593872070312,30.025096893310547,10.775466918945312,4748840
1985-05-02,30.08484649658203,30.3238525390625,29.81596565246582,29.965343475341797,10.754019737243652,5267656
1985-05-03,29.935468673706055,30.025096893310547,29.786090850830078,29.875717163085938,10.816754341125488,3223772
1985-05-06,29.875717163085938,30.025096893310547,29.81596565246582,29.81596565246582,10.795122146606445,2424210
1985-05-07,29.905593872070312,30.174474716186523,29.875717163085938,30.05497169494629,10.881653785705566,3233814
1985-05-08,30.05497169494629,30.413480758666992,29.965343475341797,30.383604049682617,11.000643730163574,3873129
1985-05-09,30.443355560302734,30.65248680114746,30.353727340698242,30.56285858154297,11.06554126739502,4093207
1985-05-10,30.801864624023438,31.279876708984375,30.712236404418945,31.10062026977539,11.260244369506836,9367976
1985-05-13,31.130496978759766,31.220123291015625,31.01099395751953,31.130496978759766,11.2710599899292,4840888
1985-05-14,31.220123291015625,31.279876708984375,30.532983779907227,30.59273338317871,11.076360702514648,6489384
1985-05-15,30.56285858154297,30.891490936279297,30.532983779907227,30.712236404418945,11.119622230529785,4330440
1985-05-16,30.771989822387695,30.951242446899414,30.712236404418945,30.83173942565918,11.162893295288086,4104504
1985-05-17,30.771989822387695,31.369503021240234,30.74211311340332,31.25,11.314316749572754,5606560
1985-05-20,31.548757553100586,31.84751319885254,31.39937973022461,31.787763595581055,11.509027481079102,7179744
1985-05-21,31.698135375976562,31.84751319885254,31.638383865356445,31.787763595581055,11.509027481079102,5062640
1985-05-22,31.728010177612305,31.728010177612305,31.51888084411621,31.698135375976562,11.476577758789062,3586106
1985-05-23,31.638383865356445,31.638383865356445,31.369503021240234,31.39937973022461,11.36841106414795,3468536
1985-05-24,31.369503021240234,31.459129333496094,31.25,31.279876708984375,11.32514476776123,2825037
1985-05-28,31.39937973022461,31.48900604248047,31.01099395751953,31.16037368774414,11.281878471374512,3853464
1985-05-29,31.10062026977539,31.130496978759766,30.891490936279297,31.01099395751953,11.227794647216797,3928776
1985-05-30,30.951242446899414,30.951242446899414,30.413480758666992,30.59273338317871,11.076360702514648,6970544
1985-05-31,30.413480758666992,31.07074546813965,30.413480758666992,30.74211311340332,11.130440711975098,5732080
1985-06-03,30.921367645263672,30.951242446899414,30.65248680114746,30.861616134643555,11.173715591430664,5271840
1985-06-04,30.891490936279297,31.10062026977539,30.771989822387695,31.01099395751953,11.227794647216797,4920384
1985-06-05,31.16037368774414,31.220123291015625,30.712236404418945,30.712236404418945,11.119622230529785,6878496
1985-06-06,30.65248680114746,31.01099395751953,30.50310707092285,31.01099395751953,11.227794647216797,4987328
1985-06-07,31.040870666503906,31.040870666503906,30.413480758666992,30.443355560302734,11.022273063659668,4945488
1985-06-10,30.443355560302734,30.56285858154297,30.3238525390625,30.50310707092285,11.043904304504395,3612466
1985-06-11,30.59273338317871,30.65248680114746,30.114723205566406,30.114723205566406,10.903290748596191,5949648
1985-06-12,30.05497169494629,30.14459800720215,28.830066680908203,28.859943389892578,10.448989868164062,10681752
1985-06-13,28.65081214904785,28.740440368652344,28.262428283691406,28.352054595947266,10.265093803405762,15731840
1985-06-14,28.561185836791992,28.949569702148438,28.531309127807617,28.949569702148438,10.481444358825684,7330368
1985-06-17,28.80019187927246,28.80019187927246,28.501434326171875,28.71056365966797,10.39490032196045,5506144
1985-06-18,28.680688858032227,29.069072723388672,28.4715576171875,28.65081214904785,10.373272895812988,7610696
1985-06-19,28.65081214904785,28.88981819152832,28.501434326171875,28.531309127807617,10.330001831054688,5305312
1985-06-20,28.531309127807617,28.62093734741211,28.053298950195312,28.38193130493164,10.275923728942871,5849232
1985-06-21,28.322179794311523,28.62093734741211,28.29230308532715,28.531309127807617,10.330001831054688,5711160
1985-06-24,28.501434326171875,28.949569702148438,28.38193130493164,28.88981819152832,10.459803581237793,4707000
1985-06-25,29.098947525024414,29.487333297729492,29.009321212768555,29.158700942993164,10.557154655456543,7326184
1985-06-26,29.21845054626465,29.457456588745117,29.158700942993164,29.427581787109375,10.654513359069824,3782336
1985-06-27,29.57695960998535,29.696462631225586,29.427581787109375,29.63671112060547,10.730220794677734,4811600
1985-06-28,29.726337432861328,29.756214141845703,29.517208099365234,29.57695960998535,10.70859146118164,3432972
1985-07-01,29.57695960998535,29.875717163085938,29.397705078125,29.845840454101562,10.805939674377441,3723760
1985-07-02,29.845840454101562,29.965343475341797,29.696462631225586,29.726337432861328,10.762676239013672,4451776
1985-07-03,29.726337432861328,29.786090850830078,29.457456588745117,29.57695960998535,10.70859146118164,2790310
1985-07-05,29.696462631225586,29.845840454101562,29.666587829589844,29.756214141845703,10.773480415344238,1543478
1985-07-08,29.756214141845703,29.756214141845703,29.457456588745117,29.517208099365234,10.686956405639648,3313728
1985-07-09,29.427581787109375,29.457456588745117,28.80019187927246,28.979446411132812,10.492252349853516,5012432
1985-07-10,28.949569702148438,29.487333297729492,28.680688858032227,29.397705078125,10.643684387207031,7058408
1985-07-11,29.397705078125,29.666587829589844,29.367830276489258,29.57695960998535,10.70859146118164,4351360
1985-07-12,29.54708480834961,29.786090850830078,29.457456588745117,29.696462631225586,10.75185489654541,4128771
1985-07-15,29.696462631225586,30.293977737426758,29.487333297729492,29.995220184326172,10.860024452209473,6514488
1985-07-16,30.14459800720215,30.771989822387695,29.995220184326172,30.712236404418945,11.119622230529785,6698584
1985-07-17,31.07074546813965,31.130496978759766,30.83173942565918,30.921367645263672,11.195341110229492,7865920
1985-07-18,30.712236404418945,31.07074546813965,30.682361602783203,30.771989822387695,11.141251564025879,7225768
1985-07-19,30.801864624023438,31.07074546813965,30.771989822387695,30.891490936279297,11.184517860412598,5778104
1985-07-22,30.861616134643555,31.040870666503906,30.74211311340332,31.040870666503906,11.238607406616211,4497800
1985-07-23,31.01099395751953,31.51888084411621,30.83173942565918,30.921367645263672,11.195341110229492,7861736
1985-07-24,30.921367645263672,31.040870666503906,30.50310707092285,30.861616134643555,11.173715591430664,6121192
1985-07-25,30.861616134643555,31.130496978759766,30.74211311340332,31.130496978759766,11.2710599899292,6434992
1985-07-26,31.130496978759766,31.66826057434082,31.10062026977539,31.548757553100586,11.422493934631348,5941280
1985-07-29,31.548757553100586,31.548757553100586,30.921367645263672,30.98111915588379,11.216979026794434,4250944
1985-07-30,30.921367645263672,31.25,30.861616134643555,31.190248489379883,11.292685508728027,4765576
1985-07-31,31.25,31.51888084411621,31.190248489379883,31.39937973022461,11.36841106414795,5782288
1985-08-01,31.48900604248047,31.728010177612305,31.459129333496094,31.66826057434082,11.4657621383667,5690240
1985-08-02,31.608509063720703,31.608509063720703,31.39937973022461,31.459129333496094,11.390043258666992,2789891
1985-08-05,31.39937973022461,31.42925453186035,31.190248489379883,31.369503021240234,11.357597351074219,2804954
1985-08-06,31.42925453186035,31.48900604248047,30.861616134643555,30.921367645263672,11.195341110229492,4476880
1985-08-07,30.861616134643555,31.01099395751953,30.83173942565918,30.891490936279297,11.184517860412598,3991536
1985-08-08,30.712236404418945,30.801864624023438,30.413480758666992,30.682361602783203,11.204170227050781,4673528
1985-08-09,30.682361602783203,30.74211311340332,30.413480758666992,30.443355560302734,11.1168851852417,2891144
1985-08-12,30.383604049682617,30.443355560302734,30.264101028442383,30.383604049682617,11.095070838928223,4100320
1985-08-13,30.353727340698242,30.473230361938477,30.05497169494629,30.264101028442383,11.051423072814941,3120427
1985-08-14,30.3238525390625,30.861616134643555,30.293977737426758,30.293977737426758,11.062335014343262,2274841
1985-08-15,30.353727340698242,30.413480758666992,30.05497169494629,30.204349517822266,11.029611587524414,3027124
1985-08-16,30.114723205566406,30.204349517822266,29.995220184326172,30.05497169494629,10.975057601928711,3365610
1985-08-19,30.05497169494629,30.204349517822266,30.05497169494629,30.08484649658203,10.985970497131348,2140116
1985-08-20,30.293977737426758,30.532983779907227,30.08484649658203,30.473230361938477,11.127796173095703,3870200
1985-08-21,30.532983779907227,30.682361602783203,30.50310707092285,30.682361602783203,11.204170227050781,2966456
1985-08-22,30.682361602783203,30.682361602783203,30.204349517822266,30.264101028442383,11.051423072814941,3304523
1985-08-23,30.3238525390625,30.383604049682617,30.204349517822266,30.3238525390625,11.073247909545898,2671484
1985-08-26,30.264101028442383,30.65248680114746,30.204349517822266,30.65248680114746,11.193252563476562,2560190
1985-08-27,30.74211311340332,30.801864624023438,30.532983779907227,30.65248680114746,11.193252563476562,3291971
1985-08-28,30.712236404418945,30.74211311340332,30.473230361938477,30.59273338317871,11.171439170837402,2493664
1985-08-29,30.59273338317871,30.59273338317871,30.413480758666992,30.473230361938477,11.127796173095703,2113338
1985-08-30,30.473230361938477,30.50310707092285,30.23422622680664,30.264101028442383,11.051423072814941,2615418
1985-09-03,30.264101028442383,30.473230361938477,30.23422622680664,30.383604049682617,11.095070838928223,4263496
1985-09-04,30.413480758666992,30.413480758666992,30.23422622680664,30.413480758666992,11.105974197387695,3084863
1985-09-05,30.473230361938477,30.74211311340332,30.353727340698242,30.682361602783203,11.204170227050781,4133792
1985-09-06,30.74211311340332,31.01099395751953,30.74211311340332,30.861616134643555,11.269625663757324,4435040
1985-09-09,30.951242446899414,31.190248489379883,30.891490936279297,30.921367645263672,11.291441917419434,4635872
1985-09-10,30.951242446899414,30.951242446899414,30.50310707092285,30.56285858154297,11.160523414611816,3953043
1985-09-11,30.50310707092285,30.712236404418945,30.353727340698242,30.413480758666992,11.105974197387695,3497824
1985-09-12,30.443355560302734,30.712236404418945,30.293977737426758,30.383604049682617,11.095070838928223,5807392
1985-09-13,30.473230361938477,30.59273338317871,30.14459800720215,30.473230361938477,11.127796173095703,5117032
1985-09-16,30.56285858154297,30.712236404418945,30.473230361938477,30.682361602783203,11.204170227050781,2875663
1985-09-17,30.682361602783203,30.712236404418945,30.23422622680664,30.293977737426758,11.062335014343262,4104504
1985-09-18,30.293977737426758,30.59273338317871,30.23422622680664,30.473230361938477,11.127796173095703,6845024
1985-09-19,30.353727340698242,30.59273338317871,30.23422622680664,30.59273338317871,11.171439170837402,6246712
1985-09-20,30.50310707092285,30.59273338317871,30.204349517822266,30.293977737426758,11.062335014343262,4560560
1985-09-23,30.65248680114746,30.682361602783203,30.50310707092285,30.622610092163086,11.182343482971191,6840840
1985-09-24,30.56285858154297,30.59273338317871,30.174474716186523,30.293977737426758,11.062335014343262,3924592
1985-09-25,30.3238525390625,30.353727340698242,29.57695960998535,29.63671112060547,10.82232666015625,8941208
1985-09-26,29.57695960998535,29.606836318969727,29.21845054626465,29.57695960998535,10.800507545471191,8891000
1985-09-30,29.63671112060547,29.696462631225586,29.397705078125,29.606836318969727,10.811418533325195,4414120
1985-10-01,29.63671112060547,30.264101028442383,29.606836318969727,30.264101028442383,11.051423072814941,5815760
1985-10-02,30.3238525390625,30.353727340698242,29.726337432861328,29.726337432861328,10.855057716369629,6192320
1985-10-03,29.726337432861328,29.935468673706055,29.57695960998535,29.726337432861328,10.855057716369629,5857600
1985-10-04,29.397705078125,29.726337432861328,29.367830276489258,29.517208099365234,10.77868938446045,4225840
1985-10-07,29.487333297729492,29.875717163085938,29.427581787109375,29.696462631225586,10.844146728515625,4602400
1985-10-08,29.756214141845703,29.81596565246582,29.517208099365234,29.726337432861328,10.855057716369629,3497406
1985-10-09,29.726337432861328,29.965343475341797,29.696462631225586,29.696462631225586,10.844146728515625,3190300
1985-10-10,29.726337432861328,29.81596565246582,29.57695960998535,29.726337432861328,10.855057716369629,3707024
1985-10-11,29.756214141845703,30.174474716186523,29.54708480834961,30.025096893310547,10.964158058166504,5773920
1985-10-14,30.08484649658203,30.622610092163086,29.965343475341797,30.59273338317871,11.171439170837402,5790656
1985-10-15,30.682361602783203,30.83173942565918,30.353727340698242,30.59273338317871,11.171439170837402,5660952
1985-10-16,30.59273338317871,30.951242446899414,30.473230361938477,30.921367645263672,11.291441917419434,4853440
1985-10-17,30.891490936279297,31.07074546813965,30.65248680114746,30.712236404418945,11.215070724487305,5648400
1985-10-18,30.771989822387695,30.83173942565918,30.50310707092285,30.50310707092285,11.138703346252441,3748027
1985-10-21,30.532983779907227,30.56285858154297,30.413480758666992,30.473230361938477,11.127796173095703,2657677
1985-10-22,30.532983779907227,31.10062026977539,30.50310707092285,30.861616134643555,11.269625663757324,5246736
1985-10-23,30.951242446899414,31.279876708984375,30.921367645263672,31.190248489379883,11.389617919921875,7217400
1985-10-24,31.279876708984375,31.369503021240234,30.65248680114746,30.74211311340332,11.225981712341309,4978960
1985-10-25,30.682361602783203,30.801864624023438,30.473230361938477,30.59273338317871,11.171439170837402,3243437
1985-10-28,30.473230361938477,30.921367645263672,30.473230361938477,30.921367645263672,11.291441917419434,3202434
1985-10-29,30.98111915588379,31.39937973022461,30.951242446899414,31.190248489379883,11.389617919921875,4376464
1985-10-30,31.309751510620117,31.39937973022461,31.130496978759766,31.33962631225586,11.444174766540527,6150480
1985-10-31,31.25,31.25,30.921367645263672,31.040870666503906,11.335075378417969,4811600
1985-11-01,30.98111915588379,31.33962631225586,30.98111915588379,31.279876708984375,11.422354698181152,4727920
1985-11-04,31.309751510620117,31.698135375976562,31.190248489379883,31.608509063720703,11.542360305786133,7238320
1985-11-05,31.66826057434082,32.02676773071289,31.608509063720703,31.877389907836914,11.64055061340332,7652536
1985-11-06,31.75788688659668,31.84751319885254,31.369503021240234,31.75788688659668,11.693347930908203,8280136
1985-11-07,31.548757553100586,31.728010177612305,31.459129333496094,31.578632354736328,11.627345085144043,4351360
1985-11-08,31.578632354736328,31.787763595581055,31.48900604248047,31.66826057434082,11.660350799560547,4941304
1985-11-11,31.75788688659668,32.23590087890625,31.698135375976562,32.1761474609375,11.847350120544434,6953808
1985-11-12,32.23590087890625,32.59440612792969,32.206024169921875,32.355403900146484,11.913360595703125,9853320
1985-11-13,32.41515350341797,32.445030212402344,32.1761474609375,32.26577377319336,11.880353927612305,5874336
1985-11-14,32.23590087890625,32.7437858581543,32.206024169921875,32.65415954589844,12.023358345031738,5619112
1985-11-15,32.59440612792969,33.072418212890625,32.59440612792969,32.68403244018555,12.034353256225586,8644144
1985-11-18,32.71390914916992,33.132171630859375,32.65415954589844,33.102294921875,12.18836498260498,4937120
1985-11-19,33.221797943115234,33.28154754638672,32.80353546142578,33.04254150390625,12.166357040405273,6899416
1985-11-20,33.01266860961914,33.25167465209961,32.95291519165039,33.221797943115234,12.2323637008667,4116638
1985-11-21,33.34130096435547,33.52055358886719,33.221797943115234,33.52055358886719,12.342363357543945,7171376
1985-11-22,33.49068069458008,33.58030700683594,33.28154754638672,33.34130096435547,12.276357650756836,4476880
1985-11-25,33.34130096435547,33.34130096435547,33.072418212890625,33.221797943115234,12.2323637008667,2587804
1985-11-26,33.25167465209961,33.40105056762695,33.162044525146484,33.221797943115234,12.2323637008667,2951812
1985-11-27,33.25167465209961,33.58030700683594,33.221797943115234,33.52055358886719,12.342363357543945,4476880
1985-11-29,33.64005661010742,33.64005661010742,33.28154754638672,33.40105056762695,12.298360824584961,2149739
1985-12-02,33.40105056762695,33.43092727661133,32.923038482666016,32.95291519165039,12.133360862731934,2809556
1985-12-03,32.923038482666016,33.132171630859375,32.893165588378906,33.132171630859375,12.199360847473145,3350129
1985-12-04,33.19192123413086,33.908939361572266,33.132171630859375,33.908939361572266,12.485373497009277,5071008
1985-12-05,33.87906265258789,34.147945404052734,33.61018371582031,33.64005661010742,12.386375427246094,7970520
1985-12-06,33.58030700683594,33.87906265258789,33.52055358886719,33.87906265258789,12.474371910095215,6853392
1985-12-09,34.0284423828125,34.62595748901367,33.96868896484375,34.56620407104492,12.727388381958008,6953808
1985-12-10,34.56620407104492,35.37284851074219,34.47657775878906,35.04421615600586,12.903383255004883,8116960
1985-12-11,35.04421615600586,35.701480865478516,35.04421615600586,35.611854553222656,13.112391471862793,8305240
1985-12-12,35.58197784423828,35.701480865478516,35.13384246826172,35.5222282409668,13.07938289642334,5857600
1985-12-13,35.67160415649414,36.20936965942383,35.64173126220703,35.91061019897461,13.222399711608887,7907760
1985-12-16,35.940486907958984,36.687381744384766,35.850860595703125,36.38862228393555,13.398397445678711,6610720
1985-12-17,36.59775161743164,36.926387786865234,36.20936965942383,36.4483757019043,13.420398712158203,7468440
1985-12-18,36.4483757019043,36.777008056640625,36.2392463684082,36.538002014160156,13.453407287597656,6380600
1985-12-19,36.478248596191406,36.806884765625,36.41849899291992,36.74713134765625,13.530403137207031,4602400
1985-12-20,36.926387786865234,37.43427276611328,36.74713134765625,36.866634368896484,13.57440185546875,8903552
1985-12-23,36.806884765625,37.07576370239258,36.65750503540039,36.806884765625,13.552400588989258,5104480
1985-12-24,36.777008056640625,36.956260681152344,36.14961624145508,36.50812530517578,13.442394256591797,4225840
1985-12-26,36.538002014160156,36.74713134765625,36.35874938964844,36.627628326416016,13.486404418945312,2351408
1985-12-27,36.777008056640625,37.19526672363281,36.74713134765625,37.13551712036133,13.673404693603516,3016664
1985-12-30,37.34464645385742,37.882408142089844,37.28489685058594,37.82265853881836,13.92642593383789,3987352
1985-12-31,37.942161560058594,37.942161560058594,37.04589080810547,37.1653938293457,13.684408187866211,3866434
1986-01-02,36.98613739013672,37.016014099121094,36.2392463684082,36.32887268066406,13.37640380859375,7550446
1986-01-03,36.41849899291992,36.89651107788086,36.41849899291992,36.89651107788086,13.585405349731445,4434203
1986-01-06,36.956260681152344,37.016014099121094,36.59775161743164,36.89651107788086,13.585405349731445,3356405
1986-01-07,37.016014099121094,37.40439987182617,36.89651107788086,37.19526672363281,13.695406913757324,6041278
1986-01-08,37.28489685058594,37.28489685058594,35.13384246826172,35.58197784423828,13.1013822555542,8200222
1986-01-09,35.43259811401367,35.940486907958984,35.19359588623047,35.940486907958984,13.233390808105469,9281786
1986-01-10,36.05998992919922,36.089866638183594,35.37284851074219,35.49235153198242,13.06839370727539,5398197
1986-01-13,35.43259811401367,35.761234283447266,35.34297180175781,35.611854553222656,13.112391471862793,4793609
1986-01-14,35.791107177734375,35.82098388671875,35.552101135253906,35.67160415649414,13.134392738342285,3703258
1986-01-15,35.73135757446289,36.50812530517578,35.67160415649414,36.478248596191406,13.431394577026367,5830822
1986-01-16,36.56787872314453,37.40439987182617,36.478248596191406,37.28489685058594,13.728415489196777,8429086
1986-01-17,37.28489685058594,37.34464645385742,35.850860595703125,36.05998992919922,13.277395248413086,10483849
1986-01-20,35.791107177734375,35.850860595703125,35.43259811401367,35.701480865478516,13.145393371582031,6027052
1986-01-21,35.791107177734375,35.940486907958984,35.49235153198242,35.73135757446289,13.156390190124512,5646726
1986-01-22,35.701480865478516,35.850860595703125,34.177818298339844,34.47657775878906,12.694379806518555,6425787
1986-01-23,34.47657775878906,35.37284851074219,34.44670104980469,35.37284851074219,13.024392127990723,5659697
1986-01-24,35.40272521972656,35.97036361694336,35.34297180175781,35.850860595703125,13.200395584106445,5903206
1986-01-27,36.089866638183594,36.14961624145508,35.43259811401367,35.761234283447266,13.167393684387207,4710347
1986-01-28,35.791107177734375,36.26911926269531,35.611854553222656,36.26911926269531,13.354395866394043,4668507
1986-01-29,36.26911926269531,36.717254638671875,35.940486907958984,36.089866638183594,13.288393020629883,6940001
1986-01-30,36.030113220214844,36.11974334716797,35.5222282409668,35.73135757446289,13.156390190124512,3999486
1986-01-31,35.701480865478516,36.687381744384766,35.701480865478516,36.20936965942383,13.3323974609375,5953832
1986-02-03,36.29899597167969,36.956260681152344,36.2392463684082,36.956260681152344,13.607404708862305,5803626
1986-02-04,37.04589080810547,37.1653938293457,36.26911926269531,36.806884765625,13.552400588989258,7242086
1986-02-05,36.74713134765625,37.04589080810547,36.35874938964844,37.016014099121094,13.629411697387695,4300315
1986-02-06,37.10564041137695,37.28489685058594,36.806884765625,37.04589080810547,13.640412330627441,5667646
1986-02-07,36.4483757019043,37.58365249633789,36.089866638183594,37.22514343261719,13.804375648498535,7710275
1986-02-10,37.25502014160156,37.7330322265625,37.13551712036133,37.58365249633789,13.9373140335083,5864713
1986-02-11,37.43427276611328,37.82265853881836,37.28489685058594,37.464149475097656,13.8930082321167,6088975
1986-02-12,37.464149475097656,37.58365249633789,36.74713134765625,37.04589080810547,13.737909317016602,7257148
1986-02-13,37.016014099121094,37.25502014160156,36.687381744384766,37.19526672363281,13.79329776763916,5242552
1986-02-14,37.22514343261719,37.7330322265625,37.07576370239258,37.34464645385742,13.8486909866333,7275139
1986-02-18,37.49402618408203,38.18116760253906,37.28489685058594,37.9720344543457,14.081347465515137,7750442
1986-02-19,37.91228485107422,38.330543518066406,37.553775787353516,37.643402099609375,13.959484100341797,6874312
1986-02-20,37.553775787353516,38.03178787231445,37.553775787353516,38.03178787231445,14.10350227355957,5456773
1986-02-21,38.3006706237793,38.479923248291016,38.03178787231445,38.18116760253906,14.158903121948242,7506514
1986-02-24,38.12141418457031,38.24091720581055,37.703155517578125,37.9720344543457,14.081347465515137,7197317
1986-02-25,37.76290512084961,37.91228485107422,37.40439987182617,37.643402099609375,13.959484100341797,5127074
1986-02-26,37.643402099609375,38.03178787231445,37.613529205322266,37.82265853881836,14.025962829589844,4725828
1986-02-27,37.3745231628418,37.82265853881836,36.926387786865234,37.25502014160156,13.815447807312012,11646582
1986-02-28,37.464149475097656,37.464149475097656,35.850860595703125,36.05998992919922,13.372300148010254,13584193
1986-03-03,35.940486907958984,36.4483757019043,35.8807373046875,36.14961624145508,13.40552806854248,10691375
1986-03-04,36.32887268066406,36.59775161743164,35.64173126220703,35.791107177734375,13.272583961486816,7816130
1986-03-05,35.37284851074219,35.46247482299805,35.014339447021484,35.46247482299805,13.150714874267578,12453676
1986-03-06,35.611854553222656,35.64173126220703,34.71558380126953,35.074092864990234,13.006690979003906,13632727
1986-03-07,34.89483642578125,35.19359588623047,34.53632736206055,34.89483642578125,12.940216064453125,8968404
1986-03-10,35.014339447021484,35.49235153198242,34.95458984375,35.49235153198242,13.161795616149902,6538337
1986-03-11,35.701480865478516,36.35874938964844,35.611854553222656,36.32887268066406,13.472017288208008,8152524
1986-03-12,36.32887268066406,36.478248596191406,35.58197784423828,35.611854553222656,13.206108093261719,9647467
1986-03-13,35.46247482299805,36.05998992919922,35.3130989074707,35.97036361694336,13.339064598083496,8723222
1986-03-14,36.030113220214844,36.20936965942383,35.37284851074219,35.940486907958984,13.327980995178223,10511882
1986-03-17,35.791107177734375,36.089866638183594,35.73135757446289,36.05998992919922,13.372300148010254,8065497
1986-03-18,36.05998992919922,36.687381744384766,36.030113220214844,36.41849899291992,13.505240440368652,7601073
1986-03-19,36.41849899291992,36.41849899291992,35.91061019897461,36.2392463684082,13.438770294189453,5458446
1986-03-20,36.26911926269531,36.50812530517578,35.82098388671875,35.8807373046875,13.305826187133789,6204872
1986-03-21,35.97036361694336,36.05998992919922,35.49235153198242,35.611854553222656,13.206108093261719,9513579
1986-03-24,35.850860595703125,35.850860595703125,35.014339447021484,35.58197784423828,13.195028305053711,6668459
1986-03-25,35.552101135253906,35.552101135253906,35.19359588623047,35.37284851074219,13.117477416992188,4845072
1986-03-26,35.25334548950195,35.34297180175781,35.074092864990234,35.28322219848633,13.08423900604248,6238344
1986-03-27,35.49235153198242,36.089866638183594,35.40272521972656,35.64173126220703,13.217193603515625,9166307
1986-03-31,35.791107177734375,36.59775161743164,35.761234283447266,36.20936965942383,13.427691459655762,8079304
1986-04-01,36.29899597167969,36.32887268066406,35.64173126220703,35.64173126220703,13.217193603515625,9229904
1986-04-02,35.37284851074219,36.11974334716797,35.37284851074219,36.089866638183594,13.383377075195312,8083488
1986-04-03,36.17949295043945,36.538002014160156,35.611854553222656,35.761234283447266,13.26151180267334,7995624
1986-04-04,35.761234283447266,35.8807373046875,35.40272521972656,35.43259811401367,13.139638900756836,7501912
1986-04-07,35.43259811401367,35.91061019897461,35.22346878051758,35.73135757446289,13.250418663024902,6694400
1986-04-08,35.97036361694336,36.32887268066406,35.791107177734375,36.32887268066406,13.472017288208008,7079328
1986-04-09,36.478248596191406,36.478248596191406,35.46247482299805,35.67160415649414,13.228270530700684,6920336
1986-04-10,35.73135757446289,36.20936965942383,35.40272521972656,35.91061019897461,13.316908836364746,6142112
1986-04-11,36.089866638183594,36.41849899291992,35.67160415649414,35.791107177734375,13.272583961486816,9305216
1986-04-14,36.14961624145508,36.478248596191406,35.64173126220703,36.41849899291992,13.505240440368652,4619136
1986-04-15,36.32887268066406,36.717254638671875,36.20936965942383,36.478248596191406,13.527395248413086,7334552
1986-04-16,36.74713134765625,37.10564041137695,36.627628326416016,36.98613739013672,13.715733528137207,7832448
1986-04-17,36.926387786865234,37.19526672363281,36.83675765991211,36.956260681152344,13.704658508300781,7275976
1986-04-18,36.98613739013672,37.016014099121094,36.4483757019043,36.478248596191406,13.527395248413086,6108640
1986-04-21,36.538002014160156,37.016014099121094,36.38862228393555,37.016014099121094,13.72683048248291,6024960
1986-04-22,37.016014099121094,37.07576370239258,36.38862228393555,36.56787872314453,13.560643196105957,4978960
1986-04-23,36.4483757019043,37.10564041137695,36.35874938964844,37.10564041137695,13.760061264038086,4309520
1986-04-24,37.22514343261719,37.882408142089844,37.1653938293457,37.67327880859375,13.97055721282959,9200616
1986-04-25,38.00191116333008,38.330543518066406,37.882408142089844,38.12141418457031,14.136741638183594,6870128
1986-04-28,38.21104049682617,38.569549560546875,37.882408142089844,38.569549560546875,14.302928924560547,5493592
1986-04-29,38.6591796875,38.68905258178711,37.82265853881836,38.09153747558594,14.125667572021484,6359680
1986-04-30,38.12141418457031,38.18116760253906,37.34464645385742,37.34464645385742,13.8486909866333,4769760
1986-05-01,37.28489685058594,37.643402099609375,37.22514343261719,37.49402618408203,13.904081344604492,4895280
1986-05-02,37.523902893066406,37.58365249633789,36.717254638671875,36.83675765991211,13.660351753234863,5271840
1986-05-05,36.926387786865234,37.25502014160156,36.926387786865234,37.19526672363281,13.79329776763916,4309520
1986-05-06,37.25502014160156,37.25502014160156,36.687381744384766,36.866634368896484,13.671432495117188,5606560
1986-05-07,36.627628326416016,36.687381744384766,35.850860595703125,36.14961624145508,13.40552806854248,9142040
1986-05-08,35.940486907958984,35.97036361694336,35.5222282409668,35.611854553222656,13.302863121032715,6652560
1986-05-09,35.5222282409668,35.91061019897461,35.40272521972656,35.791107177734375,13.369817733764648,4853440
1986-05-12,35.82098388671875,36.20936965942383,35.791107177734375,35.850860595703125,13.39214038848877,4103667
1986-05-13,35.8807373046875,35.940486907958984,35.552101135253906,35.58197784423828,13.291694641113281,5983120
1986-05-14,35.58197784423828,35.64173126220703,35.13384246826172,35.40272521972656,13.224738121032715,7146272
1986-05-15,35.3130989074707,35.40272521972656,34.745460510253906,34.745460510253906,12.979219436645508,6192320
1986-05-16,34.71558380126953,34.80521011352539,34.56620407104492,34.62595748901367,12.934576988220215,6083536
1986-05-19,34.71558380126953,34.71558380126953,34.35707473754883,34.44670104980469,12.867609024047852,5506144
1986-05-20,34.71558380126953,34.984466552734375,34.47657775878906,34.95458984375,13.057334899902344,4242576
1986-05-21,34.984466552734375,35.04421615600586,34.47657775878906,34.53632736206055,12.901089668273926,5062640
1986-05-22,34.62595748901367,34.685707092285156,33.998565673828125,34.26744842529297,12.8006591796875,9748720
1986-05-23,34.3869514465332,34.95458984375,34.32719802856445,34.3869514465332,12.845294952392578,6974728
1986-05-27,34.5960807800293,35.13384246826172,34.3869514465332,35.13384246826172,13.12429428100586,5669320
1986-05-28,35.37284851074219,36.4483757019043,35.34297180175781,36.17949295043945,13.514899253845215,15522640
1986-05-29,36.000240325927734,36.717254638671875,35.91061019897461,36.538002014160156,13.648825645446777,7593960
1986-05-30,36.32887268066406,36.956260681152344,36.32887268066406,36.41849899291992,13.604182243347168,8200640
1986-06-02,36.50812530517578,36.687381744384766,36.26911926269531,36.38862228393555,13.593023300170898,5355520
1986-06-03,36.41849899291992,36.50812530517578,36.20936965942383,36.50812530517578,13.637656211853027,4886912
1986-06-04,36.50812530517578,36.538002014160156,35.73135757446289,35.850860595703125,13.39214038848877,6066800
1986-06-05,35.940486907958984,36.05998992919922,35.701480865478516,36.030113220214844,13.459107398986816,4045510
1986-06-06,35.97036361694336,36.089866638183594,35.611854553222656,35.82098388671875,13.380976676940918,3502845
1986-06-09,35.611854553222656,35.611854553222656,35.014339447021484,35.074092864990234,13.101983070373535,6481016
1986-06-10,35.074092864990234,35.552101135253906,35.04421615600586,35.46247482299805,13.247054100036621,5376440
1986-06-11,35.5222282409668,35.73135757446289,35.43259811401367,35.64173126220703,13.314017295837402,4560560
1986-06-12,35.611854553222656,35.64173126220703,35.3130989074707,35.37284851074219,13.21357250213623,3308707
1986-06-13,35.552101135253906,35.82098388671875,35.37284851074219,35.761234283447266,13.358667373657227,3880660
1986-06-16,35.82098388671875,35.82098388671875,35.40272521972656,35.49235153198242,13.258220672607422,3798235
1986-06-17,35.5222282409668,35.552101135253906,35.014339447021484,35.103965759277344,13.11313533782959,4062664
1986-06-18,35.103965759277344,35.13384246826172,34.44670104980469,34.984466552734375,13.068497657775879,6112824
1986-06-19,34.86496353149414,35.13384246826172,34.65583038330078,34.65583038330078,12.9457426071167,5778104
1986-06-20,34.71558380126953,35.25334548950195,34.56620407104492,35.25334548950195,13.168940544128418,6836656
1986-06-23,35.103965759277344,35.13384246826172,34.53632736206055,34.685707092285156,12.956891059875488,4476880
1986-06-24,34.80521011352539,35.34297180175781,34.5960807800293,35.014339447021484,13.0796537399292,5041720
1986-06-25,35.103965759277344,35.49235153198242,35.074092864990234,35.25334548950195,13.168940544128418,4644240
1986-06-26,35.28322219848633,35.28322219848633,35.04421615600586,35.074092864990234,13.101983070373535,3363099
1986-06-27,35.163719177246094,35.22346878051758,35.04421615600586,35.13384246826172,13.12429428100586,2876082
1986-06-30,35.13384246826172,35.25334548950195,34.95458984375,35.014339447021484,13.0796537399292,4181908
1986-07-01,35.014339447021484,35.5222282409668,34.984466552734375,35.5222282409668,13.269376754760742,7317816
1986-07-02,35.5222282409668,35.8807373046875,35.43259811401367,35.73135757446289,13.347503662109375,6581432
1986-07-03,35.850860595703125,35.8807373046875,35.43259811401367,35.611854553222656,13.302863121032715,4054296
1986-07-07,35.37284851074219,35.40272521972656,34.65583038330078,34.71558380126953,12.968052864074707,5250920
1986-07-08,34.29732131958008,34.56620407104492,34.177818298339844,34.56620407104492,12.91225528717041,8204824
1986-07-09,34.47657775878906,34.5960807800293,34.29732131958008,34.47657775878906,12.878776550292969,5439200
1986-07-10,34.47657775878906,34.86496353149414,33.759559631347656,34.835086822509766,13.01269817352295,7510280
1986-07-11,34.65583038330078,34.80521011352539,34.177818298339844,34.20769500732422,12.778340339660645,9342872
1986-07-14,33.72968673706055,33.78943634033203,33.28154754638672,33.28154754638672,12.43237590789795,9321952
1986-07-15,33.102294921875,33.132171630859375,32.385276794433594,32.445030212402344,12.119882583618164,15146080
1986-07-16,32.47490310668945,32.5346565246582,31.728010177612305,31.817638397216797,11.885526657104492,12823960
1986-07-17,31.66826057434082,32.02676773071289,31.48900604248047,31.548757553100586,11.785082817077637,9928632
1986-07-18,31.578632354736328,31.90726661682129,31.040870666503906,31.48900604248047,11.762764930725098,10175488
1986-07-21,31.25,31.638383865356445,31.25,31.51888084411621,11.773927688598633,5706976
1986-07-22,31.48900604248047,31.99689292907715,31.42925453186035,31.93714141845703,11.930161476135254,6635824
1986-07-23,31.90726661682129,32.02676773071289,31.698135375976562,31.817638397216797,11.885526657104492,4811600
1986-07-24,31.90726661682129,31.93714141845703,31.66826057434082,31.817638397216797,11.885526657104492,5020800
1986-07-25,31.877389907836914,32.26577377319336,31.84751319885254,32.056644439697266,11.974809646606445,3703677
1986-07-28,32.08652114868164,32.23590087890625,31.548757553100586,31.638383865356445,11.818559646606445,6196504
1986-07-29,31.66826057434082,31.728010177612305,31.279876708984375,31.369503021240234,11.718121528625488,4623320
1986-07-30,31.33962631225586,31.84751319885254,31.130496978759766,31.608509063720703,11.807404518127441,5313680
1986-07-31,31.608509063720703,31.84751319885254,31.578632354736328,31.66826057434082,11.829723358154297,4342992
1986-08-01,31.698135375976562,31.877389907836914,31.39937973022461,31.39937973022461,11.729288101196289,3183187
1986-08-04,31.25,31.51888084411621,31.10062026977539,31.459129333496094,11.751599311828613,6355496
1986-08-05,31.48900604248047,31.51888084411621,31.25,31.279876708984375,11.684639930725098,4811600
1986-08-06,31.25,31.42925453186035,30.98111915588379,31.33962631225586,11.706962585449219,6765528
1986-08-07,31.130496978759766,31.51888084411621,31.10062026977539,31.309751510620117,11.794754981994629,4995696
1986-08-08,31.25,31.459129333496094,31.01099395751953,31.07074546813965,11.704713821411133,3794470
1986-08-11,31.01099395751953,31.459129333496094,30.891490936279297,31.309751510620117,11.794754981994629,6610720
1986-08-12,31.39937973022461,31.728010177612305,31.220123291015625,31.66826057434082,11.929803848266602,6598168
1986-08-13,31.787763595581055,32.116397857666016,31.66826057434082,32.02676773071289,12.064854621887207,7635800
1986-08-14,31.99689292907715,32.32552719116211,31.967016220092773,32.08652114868164,12.087363243103027,5614928
1986-08-15,32.146270751953125,32.146270751953125,31.787763595581055,31.817638397216797,11.98607349395752,4476880
1986-08-18,31.93714141845703,32.445030212402344,31.817638397216797,32.355403900146484,12.1886625289917,6024960
1986-08-19,32.445030212402344,32.923038482666016,32.295650482177734,32.68403244018555,12.312455177307129,6861760
1986-08-20,32.71390914916992,33.34130096435547,32.68403244018555,33.28154754638672,12.537543296813965,6568880
1986-08-21,33.371177673339844,33.58030700683594,32.80353546142578,32.982791900634766,12.424997329711914,6945440
1986-08-22,32.982791900634766,33.01266860961914,32.833412170410156,32.982791900634766,12.424997329711914,3194066
1986-08-25,33.221797943115234,33.4608039855957,32.982791900634766,33.221797943115234,12.515042304992676,6108640
1986-08-26,33.221797943115234,33.759559631347656,33.19192123413086,33.72968673706055,12.706367492675781,7773872
1986-08-27,33.78943634033203,33.93881607055664,33.58030700683594,33.72968673706055,12.706367492675781,6527040
1986-08-28,33.40105056762695,33.55043029785156,33.34130096435547,33.4608039855957,12.605079650878906,5104480
1986-08-29,33.43092727661133,33.4608039855957,32.982791900634766,33.162044525146484,12.492535591125488,3713718
1986-09-02,33.19192123413086,33.19192123413086,32.385276794433594,32.50477981567383,12.244927406311035,8075120
1986-09-03,32.385276794433594,32.59440612792969,32.295650482177734,32.5346565246582,12.256180763244629,6778080
1986-09-04,32.59440612792969,33.34130096435547,32.50477981567383,33.311424255371094,12.548796653747559,6819920
1986-09-05,33.34130096435547,33.69981002807617,33.102294921875,33.55043029785156,12.63884162902832,10920240
1986-09-08,33.69981002807617,34.3869514465332,33.6699333190918,34.35707473754883,12.942715644836426,10962080
1986-09-09,34.65583038330078,34.775333404541016,34.29732131958008,34.3869514465332,12.95396614074707,9414000
1986-09-10,34.44670104980469,34.53632736206055,34.147945404052734,34.44670104980469,12.976471900939941,7363840
1986-09-11,34.05831527709961,34.147945404052734,33.162044525146484,33.28154754638672,12.537543296813965,11966240
1986-09-12,33.28154754638672,33.43092727661133,32.56453323364258,32.833412170410156,12.36872673034668,18284080
1986-09-15,32.982791900634766,33.102294921875,32.50477981567383,32.7437858581543,12.334964752197266,9162960
1986-09-16,32.68403244018555,33.102294921875,32.41515350341797,33.04254150390625,12.447514533996582,5899440
1986-09-17,33.132171630859375,33.371177673339844,32.893165588378906,32.893165588378906,12.391233444213867,5648400
1986-09-18,32.71390914916992,33.221797943115234,32.68403244018555,33.072418212890625,12.45876693725586,6276000
1986-09-19,32.86328887939453,33.04254150390625,32.68403244018555,32.71390914916992,12.323715209960938,6987280
1986-09-22,32.80353546142578,33.132171630859375,32.77366256713867,33.132171630859375,12.481277465820312,6150480
1986-09-23,33.132171630859375,33.311424255371094,33.072418212890625,33.28154754638672,12.537543296813965,5899440
1986-09-24,33.221797943115234,33.311424255371094,32.77366256713867,32.86328887939453,12.379976272583008,7573040
1986-09-25,32.86328887939453,32.893165588378906,32.08652114868164,32.445030212402344,12.222419738769531,6158848
1986-09-26,32.295650482177734,32.65415954589844,32.26577377319336,32.385276794433594,12.199908256530762,4602400
1986-09-29,32.08652114868164,32.32552719116211,31.817638397216797,32.08652114868164,12.087363243103027,7322000
1986-09-30,32.146270751953125,32.47490310668945,32.08652114868164,32.146270751953125,12.109872817993164,7322000
1986-10-01,32.23590087890625,32.385276794433594,31.698135375976562,31.787763595581055,11.974820137023926,5230000
1986-10-02,31.698135375976562,31.877389907836914,31.608509063720703,31.787763595581055,11.974820137023926,4769760
1986-10-03,31.787763595581055,31.84751319885254,31.220123291015625,31.279876708984375,11.783488273620605,8384736
1986-10-06,31.369503021240234,31.93714141845703,31.309751510620117,31.90726661682129,12.0198392868042,4160570
1986-10-07,31.90726661682129,31.93714141845703,30.622610092163086,30.622610092163086,11.535897254943848,14100080
1986-10-08,30.23422622680664,30.473230361938477,30.174474716186523,30.473230361938477,11.479622840881348,13598000
1986-10-09,30.473230361938477,30.56285858154297,29.098947525024414,29.158700942993164,10.984426498413086,12886720
1986-10-10,29.248327255249023,29.756214141845703,29.248327255249023,29.54708480834961,11.130727767944336,10167120
1986-10-13,29.756214141845703,29.935468673706055,29.12882423400879,29.158700942993164,10.984426498413086,6694400
1986-10-14,29.03919792175293,29.397705078125,28.62093734741211,28.88981819152832,10.88313102722168,13137760
1986-10-15,28.80019187927246,29.397705078125,28.770315170288086,29.397705078125,11.074463844299316,9330320
1986-10-16,29.487333297729492,29.487333297729492,28.88981819152832,28.949569702148438,10.905637741088867,9288480
1986-10-17,28.859943389892578,29.248327255249023,28.80019187927246,29.12882423400879,10.973164558410645,8116960
1986-10-20,28.88981819152832,28.979446411132812,28.65081214904785,28.740440368652344,10.826858520507812,6192320
1986-10-21,28.88981819152832,29.009321212768555,28.740440368652344,29.009321212768555,10.928144454956055,7070960
1986-10-22,29.009321212768555,29.03919792175293,28.71056365966797,28.770315170288086,10.838116645812988,5355520
1986-10-23,28.830066680908203,29.278202056884766,28.830066680908203,29.03919792175293,10.939400672912598,7196480
1986-10-24,29.12882423400879,29.21845054626465,28.979446411132812,29.009321212768555,10.928144454956055,6276000
1986-10-27,28.949569702148438,29.188575744628906,28.680688858032227,29.188575744628906,10.995672225952148,4978960
1986-10-28,29.188575744628906,29.248327255249023,28.830066680908203,28.859943389892578,10.871875762939453,5062640
1986-10-29,28.770315170288086,29.098947525024414,28.740440368652344,28.88981819152832,10.88313102722168,4309520
1986-10-30,29.30807876586914,29.397705078125,29.009321212768555,29.158700942993164,10.984426498413086,7112800
1986-10-31,29.188575744628906,29.57695960998535,29.098947525024414,29.54708480834961,11.130727767944336,4853440
1986-11-03,29.63671112060547,30.204349517822266,29.57695960998535,30.204349517822266,11.378332138061523,5146320
1986-11-04,29.995220184326172,30.23422622680664,29.81596565246582,30.08484649658203,11.333306312561035,6945440
1986-11-05,29.786090850830078,29.81596565246582,29.278202056884766,29.427581787109375,11.183446884155273,8786400
1986-11-06,29.158700942993164,29.158700942993164,28.501434326171875,29.009321212768555,11.024484634399414,10794720
1986-11-07,28.88981819152832,29.12882423400879,28.680688858032227,29.03919792175293,11.035840034484863,4602400
1986-11-10,29.03919792175293,29.457456588745117,28.979446411132812,29.427581787109375,11.183446884155273,4176469
1986-11-11,29.457456588745117,29.696462631225586,29.367830276489258,29.57695960998535,11.240215301513672,3143858
1986-11-12,29.696462631225586,29.726337432861328,29.12882423400879,29.337953567504883,11.14938735961914,4727920
1986-11-13,29.367830276489258,29.397705078125,28.65081214904785,28.65081214904785,10.8882474899292,5104480
1986-11-14,28.740440368652344,29.03919792175293,28.591060638427734,29.009321212768555,11.024484634399414,5020800
1986-11-17,28.830066680908203,29.54708480834961,28.830066680908203,29.158700942993164,11.081263542175293,4978960
1986-11-18,29.188575744628906,29.427581787109375,28.740440368652344,28.80019187927246,10.945023536682129,7280160
1986-11-19,28.770315170288086,29.397705078125,28.71056365966797,29.397705078125,11.17209529876709,6945440
1986-11-20,29.606836318969727,29.606836318969727,29.098947525024414,29.517208099365234,11.217508316040039,7112800
1986-11-21,29.457456588745117,29.965343475341797,29.30807876586914,29.457456588745117,11.194792747497559,8744560
1986-11-24,29.54708480834961,29.935468673706055,29.457456588745117,29.786090850830078,11.319682121276855,6676827
1986-11-25,29.845840454101562,30.473230361938477,29.666587829589844,30.383604049682617,11.54676628112793,7907760
1986-11-26,30.353727340698242,30.56285858154297,30.114723205566406,30.114723205566406,11.444581031799316,4184000
1986-11-28,30.353727340698242,30.413480758666992,30.23422622680664,30.383604049682617,11.54676628112793,3041768
1986-12-01,30.23422622680664,30.443355560302734,29.935468673706055,30.443355560302734,11.569470405578613,5062640
1986-12-02,30.56285858154297,31.040870666503906,30.473230361938477,31.040870666503906,11.79654312133789,12217280
1986-12-03,31.040870666503906,31.10062026977539,30.74211311340332,30.74211311340332,11.683004379272461,7865920
1986-12-04,30.801864624023438,30.891490936279297,30.50310707092285,30.532983779907227,11.603536605834961,5564720
1986-12-05,30.59273338317871,30.712236404418945,30.174474716186523,30.264101028442383,11.501349449157715,5397360
1986-12-08,30.3238525390625,30.771989822387695,30.05497169494629,30.532983779907227,11.603536605834961,6401520
1986-12-09,30.59273338317871,30.622610092163086,30.23422622680664,30.3238525390625,11.524057388305664,4184000
1986-12-10,30.353727340698242,30.83173942565918,30.293977737426758,30.59273338317871,11.626235008239746,5941280
1986-12-11,30.682361602783203,30.921367645263672,30.532983779907227,30.59273338317871,11.626235008239746,9121120
1986-12-12,30.59273338317871,30.65248680114746,30.204349517822266,30.23422622680664,11.489997863769531,4309520
1986-12-15,29.995220184326172,30.50310707092285,29.965343475341797,30.50310707092285,11.592172622680664,5857600
1986-12-16,30.473230361938477,30.712236404418945,30.353727340698242,30.622610092163086,11.637596130371094,6527040
1986-12-17,30.473230361938477,30.622610092163086,30.204349517822266,30.293977737426758,11.512696266174316,4811600
1986-12-18,30.264101028442383,30.353727340698242,29.905593872070312,29.965343475341797,11.387808799743652,6694400
1986-12-19,29.875717163085938,30.08484649658203,29.696462631225586,29.905593872070312,11.365097999572754,11840720
1986-12-22,29.756214141845703,29.875717163085938,28.949569702148438,29.427581787109375,11.183446884155273,6819920
1986-12-23,29.21845054626465,29.278202056884766,28.770315170288086,28.80019187927246,10.945023536682129,10125280
1986-12-24,28.859943389892578,29.278202056884766,28.80019187927246,29.158700942993164,11.081263542175293,4309520
1986-12-26,29.098947525024414,29.21845054626465,29.098947525024414,29.158700942993164,11.081263542175293,1597870
1986-12-29,29.098947525024414,29.158700942993164,28.740440368652344,28.830066680908203,10.956369400024414,4234208
1986-12-30,28.80019187927246,29.069072723388672,28.740440368652344,28.88981819152832,10.979077339172363,5062640
1986-12-31,28.949569702148438,29.12882423400879,28.680688858032227,28.680688858032227,10.899596214294434,6313656
1987-01-02,28.919694900512695,29.278202056884766,28.88981819152832,29.158700942993164,11.081263542175293,2866040
1987-01-05,29.337953567504883,29.63671112060547,29.30807876586914,29.54708480834961,11.228856086730957,7363840
1987-01-06,29.606836318969727,29.726337432861328,29.30807876586914,29.397705078125,11.17209529876709,8200640
1987-01-07,29.337953567504883,29.63671112060547,29.188575744628906,29.517208099365234,11.217508316040039,7029120
1987-01-08,29.457456588745117,29.487333297729492,29.009321212768555,29.367830276489258,11.160735130310059,9372160
1987-01-09,29.158700942993164,29.30807876586914,29.03919792175293,29.21845054626465,11.103963851928711,7196480
1987-01-12,28.680688858032227,28.949569702148438,28.680688858032227,28.770315170288086,10.93366527557373,10501840
1987-01-13,28.20267677307129,28.38193130493164,27.72466468811035,27.844167709350586,10.581696510314941,16610480
1987-01-14,27.754541397094727,28.38193130493164,27.664913177490234,28.352054595947266,10.774704933166504,13346960
1987-01-15,28.411806106567383,29.009321212768555,28.38193130493164,28.680688858032227,10.899596214294434,11464160
1987-01-16,28.830066680908203,28.949569702148438,28.561185836791992,28.680688858032227,10.899596214294434,11087600
1987-01-19,28.591060638427734,29.935468673706055,28.441682815551758,29.935468673706055,11.37645149230957,11464160
1987-01-20,30.114723205566406,30.413480758666992,29.158700942993164,29.337953567504883,11.14938735961914,13681680
1987-01-21,29.21845054626465,29.845840454101562,29.098947525024414,29.337953567504883,11.14938735961914,11254960
1987-01-22,29.337953567504883,30.59273338317871,29.30807876586914,30.443355560302734,11.569470405578613,10585520
1987-01-23,30.50310707092285,31.040870666503906,29.63671112060547,30.174474716186523,11.46728515625,16610480
1987-01-26,30.114723205566406,30.56285858154297,29.81596565246582,30.413480758666992,11.55810832977295,7991440
1987-01-27,30.56285858154297,31.01099395751953,30.56285858154297,30.921367645263672,11.751132011413574,8744560
1987-01-28,31.07074546813965,31.130496978759766,30.712236404418945,31.07074546813965,11.807900428771973,9455840
1987-01-29,31.25,31.279876708984375,30.473230361938477,30.74211311340332,11.683004379272461,9121120
1987-01-30,30.74211311340332,30.861616134643555,30.473230361938477,30.771989822387695,11.694356918334961,6024960
1987-02-02,30.65248680114746,31.66826057434082,30.59273338317871,31.608509063720703,12.012262344360352,8368000
1987-02-03,31.728010177612305,32.116397857666016,31.698135375976562,31.787763595581055,12.080388069152832,10334480
1987-02-04,31.90726661682129,32.295650482177734,31.42925453186035,32.295650482177734,12.27340316772461,9623200
1987-02-05,32.08652114868164,32.86328887939453,32.08652114868164,32.71390914916992,12.534390449523926,13305120
1987-02-06,32.71390914916992,32.77366256713867,32.385276794433594,32.445030212402344,12.431365013122559,6778080
1987-02-09,32.385276794433594,32.47490310668945,31.66826057434082,31.967016220092773,12.24821662902832,7029120
1987-02-10,31.90726661682129,32.385276794433594,31.42925453186035,31.877389907836914,12.213875770568848,7740400
1987-02-11,31.877389907836914,32.146270751953125,31.728010177612305,32.02676773071289,12.27111530303955,5481040
1987-02-12,32.26577377319336,32.26577377319336,31.698135375976562,31.698135375976562,12.14520263671875,7238320
1987-02-13,31.698135375976562,32.206024169921875,31.608509063720703,32.146270751953125,12.316893577575684,5857600
1987-02-17,32.116397857666016,33.132171630859375,32.08652114868164,33.072418212890625,12.671753883361816,9623200
1987-02-18,33.221797943115234,33.34130096435547,32.77366256713867,32.982791900634766,12.637412071228027,7991440
1987-02-19,32.982791900634766,33.371177673339844,32.86328887939453,33.25167465209961,12.740437507629395,6024960
1987-02-20,33.25167465209961,33.40105056762695,33.01266860961914,33.371177673339844,12.786229133605957,8493520
1987-02-23,33.40105056762695,34.44670104980469,33.162044525146484,34.26744842529297,13.129637718200684,12091760
1987-02-24,34.20769500732422,34.47657775878906,34.0284423828125,34.177818298339844,13.09529972076416,8409840
1987-02-25,34.11806869506836,34.29732131958008,33.87906265258789,33.87906265258789,12.980825424194336,5230000
1987-02-26,33.69981002807617,33.849185943603516,33.311424255371094,33.311424255371094,12.763330459594727,7656720
1987-02-27,33.49068069458008,33.61018371582031,33.28154754638672,33.34130096435547,12.7747802734375,4309520
1987-03-02,33.34130096435547,33.4608039855957,33.04254150390625,33.102294921875,12.683204650878906,4351360
1987-03-03,32.923038482666016,33.19192123413086,32.893165588378906,33.01266860961914,12.648859024047852,4125842
1987-03-04,33.072418212890625,33.78943634033203,33.04254150390625,33.43092727661133,12.809122085571289,7531200
1987-03-05,33.61018371582031,33.908939361572266,33.4608039855957,33.55043029785156,12.854907989501953,5522880
1987-03-06,33.55043029785156,33.58030700683594,33.221797943115234,33.311424255371094,12.763330459594727,4001578
1987-03-09,33.162044525146484,33.19192123413086,32.95291519165039,33.19192123413086,12.717543601989746,5522880
1987-03-10,33.40105056762695,34.147945404052734,33.162044525146484,34.147945404052734,13.083842277526855,7740400
1987-03-11,34.47657775878906,34.50645446777344,33.819313049316406,33.87906265258789,12.980825424194336,9748720
1987-03-12,33.87906265258789,34.685707092285156,33.6699333190918,34.47657775878906,13.209760665893555,9162960
1987-03-13,34.5960807800293,34.89483642578125,34.56620407104492,34.62595748901367,13.266998291015625,7865920
1987-03-16,34.50645446777344,34.65583038330078,34.20769500732422,34.56620407104492,13.244110107421875,4161406
1987-03-17,34.50645446777344,35.163719177246094,34.50645446777344,35.163719177246094,13.473048210144043,8116960
1987-03-18,35.34297180175781,35.37284851074219,34.685707092285156,34.95458984375,13.392910957336426,7907760
1987-03-19,34.89483642578125,35.22346878051758,34.86496353149414,35.13384246826172,13.461590766906738,4518720
1987-03-20,35.28322219848633,35.67160415649414,35.22346878051758,35.5222282409668,13.610397338867188,9079280
1987-03-23,35.611854553222656,35.91061019897461,35.49235153198242,35.791107177734375,13.713431358337402,9121120
1987-03-24,35.82098388671875,36.538002014160156,35.67160415649414,36.538002014160156,13.999602317810059,7029120
1987-03-25,36.538002014160156,37.40439987182617,36.35874938964844,37.19526672363281,14.251431465148926,8715272
1987-03-26,37.40439987182617,37.43427276611328,36.777008056640625,36.806884765625,14.102621078491211,8305240
1987-03-27,36.806884765625,36.83675765991211,35.97036361694336,36.030113220214844,13.805008888244629,7388944
1987-03-30,34.89483642578125,36.50812530517578,34.86496353149414,36.41849899291992,13.953817367553711,13472480
1987-03-31,36.627628326416016,36.65750503540039,35.73135757446289,35.8807373046875,13.747766494750977,11024840
1987-04-01,35.611854553222656,36.32887268066406,35.611854553222656,36.11974334716797,13.839348793029785,11087600
1987-04-02,36.17949295043945,36.17949295043945,35.25334548950195,35.37284851074219,13.553173065185547,10033232
1987-04-03,35.19359588623047,36.030113220214844,34.80521011352539,35.73135757446289,13.690536499023438,13727704
1987-04-06,35.8807373046875,35.940486907958984,35.58197784423828,35.701480865478516,13.679078102111816,7376392
1987-04-07,35.64173126220703,35.8807373046875,35.014339447021484,35.014339447021484,13.415801048278809,8744560
1987-04-08,35.19359588623047,35.43259811401367,34.924713134765625,35.19359588623047,13.484490394592285,7087696
1987-04-09,35.19359588623047,35.25334548950195,34.29732131958008,34.41682434082031,13.186866760253906,9162960
1987-04-10,34.177818298339844,34.80521011352539,34.088191986083984,34.65583038330078,13.278443336486816,9665040
1987-04-13,35.28322219848633,35.91061019897461,35.074092864990234,35.28322219848633,13.518831253051758,13807200
1987-04-14,35.552101135253906,36.05998992919922,35.014339447021484,35.40272521972656,13.564617156982422,17447280
1987-04-15,36.089866638183594,36.29899597167969,35.611854553222656,36.05998992919922,13.816447257995605,12719360
1987-04-16,36.14961624145508,36.38862228393555,35.82098388671875,35.850860595703125,13.736322402954102,12426480
1987-04-20,35.91061019897461,36.000240325927734,35.552101135253906,35.850860595703125,13.736322402954102,7573040
1987-04-21,35.611854553222656,37.76290512084961,35.49235153198242,37.523902893066406,14.377345085144043,11254960
1987-04-22,37.28489685058594,37.523902893066406,36.777008056640625,36.866634368896484,14.125517845153809,12593840
1987-04-23,36.926387786865234,37.40439987182617,36.59775161743164,36.866634368896484,14.125517845153809,9957920
1987-04-24,36.627628326416016,36.83675765991211,36.20936965942383,36.26911926269531,13.89658260345459,7543752
1987-04-27,35.97036361694336,37.28489685058594,35.73135757446289,36.866634368896484,14.125517845153809,13807200
1987-04-28,37.1653938293457,37.43427276611328,36.956260681152344,37.10564041137695,14.217093467712402,12300960
1987-04-29,37.28489685058594,38.15129089355469,37.25502014160156,37.91228485107422,14.526153564453125,13556160
1987-04-30,37.882408142089844,38.59942626953125,37.703155517578125,38.27079391479492,14.663528442382812,13681680
1987-05-01,38.24091720581055,38.808555603027344,38.03178787231445,38.390296936035156,14.709309577941895,9957920
1987-05-04,38.27079391479492,38.95793533325195,38.18116760253906,38.95793533325195,14.926803588867188,6527040
1987-05-05,39.28656768798828,40.06333541870117,39.256690979003906,39.88408279418945,15.281654357910156,11673360
1987-05-06,39.88408279418945,40.06333541870117,39.67495346069336,39.85420608520508,15.27020263671875,9121120
1987-05-07,39.61520004272461,39.85420608520508,39.16706466674805,39.406070709228516,15.198762893676758,6903600
1987-05-08,39.555450439453125,39.645076751708984,39.01768493652344,39.13718795776367,15.095057487487793,5978936
1987-05-11,39.43594741821289,40.00358581542969,38.95793533325195,38.95793533325195,15.02592945098877,9497680
1987-05-12,38.868309020996094,39.70482635498047,38.778682708740234,39.52557373046875,15.244857788085938,8326160
1987-05-13,39.555450439453125,39.91395950317383,39.316444396972656,39.734703063964844,15.325518608093262,7238320
1987-05-14,39.97370910644531,40.00358581542969,39.43594741821289,39.4658203125,15.22181510925293,5606560
1987-05-15,39.07743835449219,39.52557373046875,38.390296936035156,38.390296936035156,14.806984901428223,8326160
1987-05-18,38.18116760253906,38.539676666259766,37.553775787353516,38.479923248291016,14.84155559539795,10501840
1987-05-19,38.59942626953125,38.6591796875,37.19526672363281,37.464149475097656,14.449779510498047,11045760
1987-05-20,37.40439987182617,37.91228485107422,37.04589080810547,37.43427276611328,14.438248634338379,11757040
1987-05-21,37.82265853881836,37.942161560058594,37.49402618408203,37.58365249633789,14.495866775512695,7070960
1987-05-22,37.82265853881836,38.06166458129883,37.31476974487305,37.43427276611328,14.438248634338379,4309520
1987-05-26,37.882408142089844,38.42017364501953,37.82265853881836,38.390296936035156,14.806984901428223,5983120
1987-05-27,38.3006706237793,38.808555603027344,38.24091720581055,38.479923248291016,14.84155559539795,7196480
1987-05-28,38.569549560546875,38.89818572998047,38.06166458129883,38.868309020996094,14.991351127624512,5857600
1987-05-29,39.01768493652344,39.16706466674805,38.24091720581055,38.24091720581055,14.749372482299805,5146320
1987-06-01,38.479923248291016,38.569549560546875,38.06166458129883,38.15129089355469,14.714800834655762,5564720
1987-06-02,38.12141418457031,38.18116760253906,37.58365249633789,37.58365249633789,14.495866775512695,7740400
1987-06-03,37.76290512084961,38.330543518066406,37.7330322265625,38.3006706237793,14.772418975830078,6903600
1987-06-04,38.27079391479492,38.569549560546875,38.15129089355469,38.569549560546875,14.876124382019043,4518720
1987-06-05,38.42017364501953,38.539676666259766,37.9720344543457,38.24091720581055,14.749372482299805,4393200
1987-06-08,38.18116760253906,38.68905258178711,37.942161560058594,38.539676666259766,14.86460018157959,5020800
1987-06-09,38.629302978515625,38.629302978515625,38.06166458129883,38.21104049682617,14.737850189208984,5481040
1987-06-10,38.390296936035156,38.59942626953125,37.28489685058594,37.703155517578125,14.541959762573242,7907760
1987-06-11,38.00191116333008,38.03178787231445,37.523902893066406,37.67327880859375,14.53042984008789,6527040
1987-06-12,38.00191116333008,38.09153747558594,37.34464645385742,37.43427276611328,14.438248634338379,5857600
1987-06-15,37.82265853881836,38.27079391479492,37.76290512084961,38.15129089355469,14.714800834655762,6359680
1987-06-16,38.15129089355469,38.778682708740234,38.09153747558594,38.718929290771484,14.933735847473145,6945440
1987-06-17,38.778682708740234,38.83843231201172,38.3006706237793,38.569549560546875,14.876124382019043,5062640
1987-06-18,38.390296936035156,38.718929290771484,38.27079391479492,38.45004653930664,14.830029487609863,4644240
1987-06-19,38.42017364501953,38.74880599975586,38.330543518066406,38.569549560546875,14.876124382019043,9874240
1987-06-22,38.718929290771484,39.07743835449219,38.68905258178711,39.01768493652344,15.048967361450195,7405680
1987-06-23,39.13718795776367,39.43594741821289,38.83843231201172,39.406070709228516,15.198762893676758,9079280
1987-06-24,39.37619400024414,40.06333541870117,39.346317291259766,39.70482635498047,15.314002990722656,10125280
1987-06-25,40.00358581542969,40.30234146118164,39.91395950317383,40.12308883666992,15.475321769714355,8075120
1987-06-26,39.91395950317383,40.09321212768555,39.70482635498047,39.794456481933594,15.348575592041016,5355520
1987-06-29,39.61520004272461,39.794456481933594,39.43594741821289,39.52557373046875,15.244857788085938,4686080
1987-06-30,39.585323333740234,39.61520004272461,38.83843231201172,38.83843231201172,14.979833602905273,7112800
1987-07-01,38.92805862426758,39.346317291259766,38.89818572998047,39.19694137573242,15.1181058883667,6443360
1987-07-02,39.316444396972656,39.4658203125,39.19694137573242,39.256690979003906,15.141158103942871,5020800
1987-07-06,39.555450439453125,39.585323333740234,39.22681427001953,39.4658203125,15.22181510925293,6066800
1987-07-07,39.346317291259766,39.67495346069336,39.16706466674805,39.16706466674805,15.106587409973145,5481040
1987-07-08,39.4658203125,39.88408279418945,39.316444396972656,39.85420608520508,15.37160587310791,6610720
1987-07-09,39.645076751708984,39.97370910644531,39.61520004272461,39.734703063964844,15.325518608093262,5564720
1987-07-10,39.8243293762207,39.97370910644531,39.555450439453125,39.91395950317383,15.39465618133545,4602400
1987-07-13,39.97370910644531,40.601097106933594,39.94383239746094,40.601097106933594,15.659679412841797,9874240
1987-07-14,40.601097106933594,40.601097106933594,39.794456481933594,40.03346252441406,15.440751075744629,9957920
1987-07-15,39.94383239746094,40.511470794677734,39.8243293762207,40.1529655456543,15.486836433410645,9455840
1987-07-16,40.30234146118164,40.332218170166016,40.00358581542969,40.182838439941406,15.498353958129883,4686080
1987-07-17,40.27246856689453,40.27246856689453,39.85420608520508,39.91395950317383,15.39465618133545,6945440
1987-07-20,39.555450439453125,39.645076751708984,39.19694137573242,39.346317291259766,15.175722122192383,4978960
1987-07-21,39.13718795776367,39.346317291259766,38.718929290771484,38.89818572998047,15.002878189086914,6652560
1987-07-22,38.89818572998047,38.92805862426758,38.539676666259766,38.569549560546875,14.876124382019043,6024960
1987-07-23,38.778682708740234,38.778682708740234,38.03178787231445,38.27079391479492,14.760893821716309,6945440
1987-07-24,38.27079391479492,38.59942626953125,38.27079391479492,38.539676666259766,14.86460018157959,3707861
1987-07-27,38.569549560546875,38.868309020996094,38.45004653930664,38.74880599975586,14.945269584655762,3781918
1987-07-28,38.89818572998047,38.92805862426758,38.27079391479492,38.539676666259766,14.86460018157959,5104480
1987-07-29,38.45004653930664,38.6591796875,38.15129089355469,38.59942626953125,14.887645721435547,5606560
1987-07-30,38.50979995727539,38.83843231201172,38.390296936035156,38.808555603027344,14.968302726745605,7238320
1987-07-31,38.718929290771484,38.95793533325195,38.42017364501953,38.479923248291016,14.84155559539795,5062640
1987-08-03,38.12141418457031,38.45004653930664,37.942161560058594,38.06166458129883,14.680227279663086,8577200
1987-08-04,38.09153747558594,38.24091720581055,37.882408142089844,38.09153747558594,14.691758155822754,6978912
1987-08-05,38.21104049682617,38.479923248291016,38.18116760253906,38.3006706237793,14.772418975830078,10188040
1987-08-06,38.3006706237793,39.01768493652344,38.03178787231445,38.95793533325195,15.129782676696777,9539520
1987-08-07,38.98781204223633,39.585323333740234,38.95793533325195,39.28656768798828,15.257415771484375,9957920
1987-08-10,39.346317291259766,39.85420608520508,39.316444396972656,39.85420608520508,15.477849006652832,6819920
1987-08-11,39.97370910644531,40.54134750366211,39.94383239746094,40.3919677734375,15.686700820922852,13388800
1987-08-12,40.3919677734375,41.13886260986328,40.30234146118164,40.72060012817383,15.81432819366455,13723520
1987-08-13,40.78035354614258,41.586997985839844,40.72060012817383,41.437618255615234,16.09279441833496,10794720
1987-08-14,41.108985900878906,41.82600402832031,41.108985900878906,41.407745361328125,16.081195831298828,8828240
1987-08-17,41.46749496459961,41.76625061035156,41.407745361328125,41.70650100708008,16.197216033935547,6317840
1987-08-18,41.46749496459961,41.55712127685547,40.86997985839844,41.318115234375,16.046375274658203,10167120
1987-08-19,41.22848892211914,41.407745361328125,40.78035354614258,41.258365631103516,16.023178100585938,7991440
1987-08-20,41.407745361328125,41.8857536315918,41.37786865234375,41.76625061035156,16.220417022705078,7865920
1987-08-21,41.82600402832031,42.035133361816406,41.70650100708008,41.76625061035156,16.220417022705078,9455840
1987-08-24,41.73637771606445,41.85588073730469,41.37786865234375,41.73637771606445,16.20882225036621,6853392
1987-08-25,41.76625061035156,41.79612731933594,40.86997985839844,41.108985900878906,15.965168952941895,8514440
1987-08-26,40.1529655456543,40.511470794677734,39.85420608520508,40.12308883666992,15.582275390625,16769472
1987-08-27,39.91395950317383,40.242591857910156,39.645076751708984,39.734703063964844,15.431443214416504,9744536
1987-08-28,39.70482635498047,40.1529655456543,39.495697021484375,39.794456481933594,15.454656600952148,7832448
1987-08-31,39.8243293762207,40.511470794677734,39.794456481933594,40.242591857910156,15.628689765930176,7472624
1987-09-01,40.30234146118164,40.481597900390625,38.778682708740234,38.92805862426758,15.118167877197266,9288480
1987-09-02,38.89818572998047,39.22681427001953,38.539676666259766,38.83843231201172,15.083369255065918,12397192
1987-09-03,39.01768493652344,39.07743835449219,38.3006706237793,38.629302978515625,15.002153396606445,9313584
1987-09-04,38.778682708740234,38.89818572998047,38.390296936035156,38.42017364501953,14.920923233032227,6171400
1987-09-08,38.27079391479492,38.36042022705078,37.25502014160156,37.703155517578125,14.64246654510498,12384640
1987-09-09,37.464149475097656,37.792781829833984,37.04589080810547,37.58365249633789,14.59605884552002,15104240
1987-09-10,37.82265853881836,37.85253143310547,37.553775787353516,37.703155517578125,14.64246654510498,7949600
1987-09-11,37.76290512084961,38.569549560546875,37.7330322265625,38.50979995727539,14.955731391906738,9706880
1987-09-14,38.778682708740234,38.89818572998047,38.539676666259766,38.718929290771484,15.036955833435059,5481040
1987-09-15,38.778682708740234,38.778682708740234,37.523902893066406,37.643402099609375,14.6192626953125,9916080
1987-09-16,37.43427276611328,38.21104049682617,37.28489685058594,37.43427276611328,14.538042068481445,9957920
1987-09-17,37.703155517578125,37.91228485107422,37.31476974487305,37.7330322265625,14.654072761535645,8493520
1987-09-18,37.82265853881836,37.882408142089844,37.07576370239258,37.13551712036133,14.422026634216309,9455840
1987-09-21,37.28489685058594,37.40439987182617,35.791107177734375,35.97036361694336,13.969517707824707,11464160
1987-09-22,36.000240325927734,37.22514343261719,35.67160415649414,37.22514343261719,14.456825256347656,12175440
1987-09-23,37.07576370239258,37.28489685058594,36.538002014160156,36.866634368896484,14.317595481872559,10292640
1987-09-24,36.717254638671875,37.792781829833984,36.717254638671875,37.25502014160156,14.468426704406738,8619040
1987-09-25,37.28489685058594,37.43427276611328,37.04589080810547,37.28489685058594,14.480022430419922,4435040
1987-09-28,37.523902893066406,37.82265853881836,36.20936965942383,36.50812530517578,14.178362846374512,9455840
1987-09-29,36.4483757019043,36.74713134765625,35.73135757446289,35.97036361694336,13.969517707824707,11003920
1987-09-30,35.67160415649414,36.29899597167969,35.49235153198242,36.030113220214844,13.992731094360352,12844880
1987-10-01,36.14961624145508,36.98613739013672,36.089866638183594,36.956260681152344,14.352407455444336,7984746
1987-10-02,37.04589080810547,37.49402618408203,36.98613739013672,37.10564041137695,14.410416603088379,7817804
1987-10-05,37.1653938293457,37.58365249633789,36.926387786865234,37.40439987182617,14.526445388793945,6461351
1987-10-06,37.22514343261719,37.3745231628418,36.089866638183594,36.089866638183594,14.015933990478516,8552933
1987-10-07,36.089866638183594,36.56787872314453,35.850860595703125,36.50812530517578,14.178362846374512,8533268
1987-10-08,36.478248596191406,36.538002014160156,35.850860595703125,36.20936965942383,14.062335968017578,7691029
1987-10-09,36.089866638183594,36.2392463684082,35.13384246826172,35.22346878051758,13.67945671081543,9878424
1987-10-12,35.13384246826172,36.14961624145508,34.775333404541016,35.73135757446289,13.876702308654785,7833703
1987-10-13,36.14961624145508,36.20936965942383,34.65583038330078,35.552101135253906,13.807088851928711,13408883
1987-10-14,35.074092864990234,35.22346878051758,34.44670104980469,34.71558380126953,13.482206344604492,12226066
1987-10-15,34.26744842529297,34.835086822509766,33.4608039855957,33.49068069458008,13.006498336791992,16417598
1987-10-16,33.69981002807617,33.759559631347656,31.548757553100586,32.26577377319336,12.530797958374023,19518360
1987-10-19,32.26577377319336,32.982791900634766,23.90057373046875,24.67734146118164,9.583745956420898,26670490
1987-10-20,27.485660552978516,29.158700942993164,25.812620162963867,27.485660552978516,10.674382209777832,29497200
1987-10-21,29.397705078125,29.995220184326172,28.680688858032227,29.337953567504883,11.393739700317383,22537534
1987-10-22,27.844167709350586,29.278202056884766,26.649139404296875,28.680688858032227,11.138484954833984,16684955
1987-10-23,28.322179794311523,29.337953567504883,28.20267677307129,28.859943389892578,11.208094596862793,8767990
1987-10-26,27.96367073059082,27.96367073059082,26.76864242553711,26.76864242553711,10.395919799804688,10443264
1987-10-27,28.20267677307129,28.352054595947266,27.485660552978516,28.20267677307129,10.952847480773926,10405608
1987-10-28,28.20267677307129,28.680688858032227,27.246654510498047,28.20267677307129,10.952847480773926,11441148
1987-10-29,28.38193130493164,29.397705078125,28.262428283691406,28.740440368652344,11.161690711975098,9271744
1987-10-30,29.606836318969727,29.875717163085938,29.098947525024414,29.278202056884766,11.370539665222168,9477597
1987-11-02,28.919694900512695,29.845840454101562,28.919694900512695,29.756214141845703,11.556184768676758,6690216
1987-11-03,29.337953567504883,29.397705078125,28.20267677307129,29.12882423400879,11.312528610229492,8085998
1987-11-04,28.859943389892578,29.278202056884766,28.561185836791992,28.830066680908203,11.196499824523926,7527434
1987-11-05,28.561185836791992,29.786090850830078,28.4715576171875,29.57695960998535,11.592273712158203,8951250
1987-11-06,29.57695960998535,29.756214141845703,28.441682815551758,28.561185836791992,11.194157600402832,6969289
1987-11-09,28.441682815551758,28.62093734741211,28.20267677307129,28.232553482055664,11.065354347229004,8374694
1987-11-10,27.72466468811035,28.561185836791992,27.515535354614258,28.142925262451172,11.030229568481445,8200640
1987-11-11,28.441682815551758,28.71056365966797,28.262428283691406,28.501434326171875,11.17073917388916,5367235
1987-11-12,29.158700942993164,29.517208099365234,28.949569702148438,29.21845054626465,11.451763153076172,8491846
1987-11-13,29.188575744628906,29.30807876586914,28.979446411132812,29.069072723388672,11.393218040466309,6065963
1987-11-16,29.397705078125,29.457456588745117,28.142925262451172,28.680688858032227,11.24099349975586,7303590
1987-11-17,28.441682815551758,28.501434326171875,27.78441619873047,28.142925262451172,11.030229568481445,8638705
1987-11-18,28.20267677307129,28.561185836791992,27.78441619873047,28.29230308532715,11.088772773742676,6497752
1987-11-19,28.20267677307129,28.411806106567383,27.635038375854492,27.635038375854492,10.83116626739502,6960502
1987-11-20,27.485660552978516,28.172800064086914,27.425907135009766,28.142925262451172,11.030229568481445,10160426
1987-11-23,27.993547439575195,28.142925262451172,27.78441619873047,28.083173751831055,11.00681209564209,3981494
1987-11-24,28.20267677307129,28.561185836791992,28.172800064086914,28.322179794311523,11.100478172302246,6686032
1987-11-25,28.29230308532715,28.411806106567383,28.053298950195312,28.11305046081543,11.018519401550293,4899882
1987-11-27,27.844167709350586,27.96367073059082,27.336280822753906,27.45578384399414,10.760908126831055,3859740
1987-11-30,26.828393936157227,26.8582706451416,26.290630340576172,26.469884872436523,10.374500274658203,11724823
1987-12-01,26.888145446777344,26.977771759033203,26.52963638305664,26.589387893676758,10.421338081359863,6743353
1987-12-02,26.52963638305664,26.79851722717285,26.35038185119629,26.410133361816406,10.351078987121582,5637522
1987-12-03,26.410133361816406,26.4997615814209,25.454111099243164,25.454111099243164,9.976385116577148,9881771
1987-12-04,25.274856567382812,25.75286865234375,25.09560203552246,25.75286865234375,10.093476295471191,8942463
1987-12-07,25.872371673583984,26.171127319335938,25.75286865234375,26.171127319335938,10.257408142089844,6170145
1987-12-08,26.171127319335938,26.649139404296875,25.902246475219727,26.649139404296875,10.444751739501953,6481853
1987-12-09,26.52963638305664,27.425907135009766,26.52963638305664,27.246654510498047,10.67894172668457,8474274
1987-12-10,26.708890914916992,27.36615753173828,26.410133361816406,26.52963638305664,10.397929191589355,10002689
1987-12-11,26.52963638305664,26.679014205932617,26.111377716064453,26.320507049560547,10.315951347351074,5915339
1987-12-14,26.380258560180664,27.664913177490234,26.35038185119629,27.515535354614258,10.784331321716309,7102340
1987-12-15,27.575286865234375,27.96367073059082,27.30640411376953,27.72466468811035,10.866294860839844,9758762
1987-12-16,27.72466468811035,28.501434326171875,27.664913177490234,28.411806106567383,11.135612487792969,9345382
1987-12-17,28.441682815551758,28.561185836791992,27.485660552978516,27.60516357421875,10.819462776184082,7634545
1987-12-18,27.60516357421875,28.262428283691406,27.54541015625,28.023422241210938,10.983394622802734,11710598
1987-12-21,27.993547439575195,28.561185836791992,27.933795928955078,28.262428283691406,11.077071189880371,6486037
1987-12-22,27.96367073059082,28.29230308532715,27.844167709350586,28.262428283691406,11.077071189880371,5091928
1987-12-23,28.411806106567383,28.770315170288086,28.38193130493164,28.561185836791992,11.194157600402832,6888538
1987-12-24,28.591060638427734,28.65081214904785,28.441682815551758,28.65081214904785,11.229288101196289,2637175
1987-12-28,27.96367073059082,28.11305046081543,27.515535354614258,27.664913177490234,10.842883110046387,4547171
1987-12-29,27.78441619873047,27.87404441833496,27.60516357421875,27.72466468811035,10.866294860839844,2843446
1987-12-30,27.814292907714844,28.142925262451172,27.814292907714844,27.96367073059082,10.959978103637695,4388179
1987-12-31,27.60516357421875,27.814292907714844,27.485660552978516,27.60516357421875,10.819462776184082,4874360
1988-01-04,27.96367073059082,28.979446411132812,27.903919219970703,28.859943389892578,11.311246871948242,7678058
1988-01-05,29.278202056884766,29.517208099365234,29.069072723388672,29.12882423400879,11.416641235351562,9088485
1988-01-06,29.158700942993164,29.457456588745117,28.979446411132812,29.367830276489258,11.510311126708984,6598586
1988-01-07,29.098947525024414,29.63671112060547,28.949569702148438,29.487333297729492,11.557151794433594,5984375
1988-01-08,29.397705078125,29.57695960998535,27.45578384399414,27.45578384399414,10.760908126831055,8836608
1988-01-11,27.78441619873047,28.20267677307129,27.36615753173828,28.142925262451172,11.030229568481445,7468440
1988-01-12,28.083173751831055,28.142925262451172,27.067399978637695,27.54541015625,10.796043395996094,9857504
1988-01-13,27.36615753173828,28.262428283691406,27.097274780273438,27.754541397094727,10.878008842468262,9098526
1988-01-14,27.635038375854492,28.053298950195312,27.36615753173828,27.69478988647461,10.85459041595459,5308659
1988-01-15,28.29230308532715,28.740440368652344,28.29230308532715,28.441682815551758,11.147329330444336,11722731
1988-01-18,28.411806106567383,28.62093734741211,27.96367073059082,28.142925262451172,11.030229568481445,5368490
1988-01-19,27.485660552978516,27.60516357421875,26.649139404296875,26.708890914916992,10.46817398071289,15436031
1988-01-20,26.290630340576172,26.619264602661133,25.961997985839844,26.380258560180664,10.339370727539062,17743507
1988-01-21,26.469884872436523,26.76864242553711,26.051624298095703,26.52963638305664,10.397929191589355,10465021
1988-01-22,26.619264602661133,26.708890914916992,26.201004028320312,26.410133361816406,10.351078987121582,5651329
1988-01-25,26.469884872436523,27.067399978637695,26.410133361816406,27.067399978637695,10.608692169189453,7059245
1988-01-26,26.94789695739746,27.127151489257812,26.649139404296875,26.738767623901367,10.479884147644043,4760974
1988-01-27,26.79851722717285,27.425907135009766,26.649139404296875,26.94789695739746,10.561844825744629,8383899
1988-01-28,27.127151489257812,27.36615753173828,27.007648468017578,27.186901092529297,10.655524253845215,5143810
1988-01-29,27.27652931213379,27.336280822753906,26.410133361816406,26.8582706451416,10.526726722717285,7154640
1988-02-01,26.94789695739746,27.127151489257812,26.290630340576172,26.290630340576172,10.304242134094238,7859226
1988-02-02,26.201004028320312,26.44001007080078,26.081501007080078,26.26075553894043,10.292537689208984,10044529
1988-02-03,26.26075553894043,26.708890914916992,25.872371673583984,26.051624298095703,10.210569381713867,11398890
1988-02-04,26.051624298095703,26.111377716064453,25.693117141723633,25.961997985839844,10.2791748046875,7708602
1988-02-05,25.99187469482422,26.171127319335938,25.75286865234375,25.812620162963867,10.220030784606934,4811600
1988-02-08,25.633365631103516,25.902246475219727,25.543737411499023,25.75286865234375,10.196375846862793,7678477
1988-02-09,25.812620162963867,26.111377716064453,25.633365631103516,26.081501007080078,10.326492309570312,6041278
1988-02-10,26.171127319335938,26.708890914916992,26.171127319335938,26.679014205932617,10.563067436218262,8941208
1988-02-11,26.679014205932617,26.8582706451416,26.410133361816406,26.589387893676758,10.527580261230469,6206546
1988-02-12,26.589387893676758,26.977771759033203,26.52963638305664,26.76864242553711,10.598553657531738,5506144
1988-02-16,26.918020248413086,27.186901092529297,26.888145446777344,27.186901092529297,10.764154434204102,6018266
1988-02-17,27.157026290893555,27.30640411376953,26.76864242553711,26.94789695739746,10.669524192810059,7760065
1988-02-18,26.94789695739746,27.186901092529297,26.79851722717285,26.888145446777344,10.645868301391602,6251314
1988-02-19,26.888145446777344,27.097274780273438,26.79851722717285,27.097274780273438,10.728665351867676,5981028
1988-02-22,27.03752326965332,27.635038375854492,27.03752326965332,27.54541015625,10.906102180480957,7892698
1988-02-23,27.575286865234375,27.69478988647461,27.336280822753906,27.575286865234375,10.917929649353027,7750860
1988-02-24,27.635038375854492,27.903919219970703,27.425907135009766,27.754541397094727,10.988903045654297,7193970
1988-02-25,27.78441619873047,28.172800064086914,27.27652931213379,27.36615753173828,10.835129737854004,9953736
1988-02-26,27.425907135009766,27.664913177490234,27.27652931213379,27.664913177490234,10.95341968536377,5475182
1988-02-29,27.78441619873047,28.142925262451172,27.69478988647461,28.083173751831055,11.119025230407715,5899440
1988-03-01,28.172800064086914,28.29230308532715,27.78441619873047,27.96367073059082,11.071708679199219,8254195
1988-03-02,28.142925262451172,28.29230308532715,27.933795928955078,28.023422241210938,11.095362663269043,6113661
1988-03-03,27.96367073059082,28.023422241210938,27.664913177490234,27.844167709350586,11.024391174316406,4518720
1988-03-04,27.78441619873047,28.083173751831055,27.54541015625,27.933795928955078,11.059874534606934,5230000
1988-03-07,27.814292907714844,28.083173751831055,27.754541397094727,28.023422241210938,11.095362663269043,3724597
1988-03-08,28.142925262451172,28.352054595947266,28.023422241210938,28.11305046081543,11.130843162536621,6117845
1988-03-09,28.11305046081543,28.142925262451172,27.78441619873047,27.87404441833496,11.036219596862793,4686080
1988-03-10,27.78441619873047,27.844167709350586,27.157026290893555,27.186901092529297,10.764154434204102,6025797
1988-03-11,27.30640411376953,27.60516357421875,26.8582706451416,27.60516357421875,10.929762840270996,7524087
1988-03-14,27.485660552978516,27.664913177490234,27.36615753173828,27.60516357421875,10.929762840270996,4142997
1988-03-15,27.515535354614258,27.575286865234375,27.157026290893555,27.246654510498047,10.787811279296875,5603213
1988-03-16,27.246654510498047,27.575286865234375,27.097274780273438,27.54541015625,10.906102180480957,4721226
1988-03-17,27.54541015625,27.60516357421875,27.186901092529297,27.45578384399414,10.870612144470215,7434968
1988-03-18,27.396032333374023,27.396032333374023,27.067399978637695,27.30640411376953,10.811470985412598,8992671
1988-03-21,27.127151489257812,27.246654510498047,26.94789695739746,27.186901092529297,10.764154434204102,4511189
1988-03-22,27.216777801513672,27.30640411376953,27.03752326965332,27.03752326965332,10.705004692077637,3862250
1988-03-23,27.007648468017578,27.097274780273438,26.589387893676758,26.679014205932617,10.563067436218262,5612836
1988-03-24,26.35038185119629,26.410133361816406,26.141252517700195,26.290630340576172,10.40929126739502,7468440
1988-03-25,26.201004028320312,26.380258560180664,25.454111099243164,25.5736141204834,10.125405311584473,7875543
1988-03-28,25.51386260986328,25.902246475219727,24.91634750366211,25.84249496459961,10.231858253479004,9147479
1988-03-29,25.99187469482422,25.99187469482422,25.304731369018555,25.304731369018555,10.01894474029541,7945834
1988-03-30,25.454111099243164,25.48398780822754,25.035850524902344,25.125478744506836,9.947973251342773,8932840
1988-03-31,25.0059757232666,25.93212127685547,24.976099014282227,25.722991943359375,10.18454647064209,7330368
1988-04-04,25.693117141723633,26.051624298095703,25.51386260986328,25.693117141723633,10.17271900177002,6265958
1988-04-05,25.782743453979492,25.872371673583984,25.24498176574707,25.693117141723633,10.17271900177002,6409051
1988-04-06,25.782743453979492,26.230880737304688,25.274856567382812,26.201004028320312,10.373806953430176,7862154
1988-04-07,26.201004028320312,26.35038185119629,25.84249496459961,26.111377716064453,10.338319778442383,6552562
1988-04-08,26.171127319335938,26.918020248413086,26.141252517700195,26.679014205932617,10.563067436218262,7288528
1988-04-11,26.8582706451416,27.157026290893555,26.738767623901367,27.097274780273438,10.728665351867676,6267632
1988-04-12,27.097274780273438,27.27652931213379,27.067399978637695,27.157026290893555,10.752323150634766,5597355
1988-04-13,27.45578384399414,27.844167709350586,27.30640411376953,27.754541397094727,10.988903045654297,10861246
1988-04-14,27.30640411376953,27.664913177490234,26.589387893676758,26.619264602661133,10.539407730102539,11931931
1988-04-15,26.708890914916992,27.336280822753906,26.52963638305664,27.27652931213379,10.799639701843262,11699301
1988-04-18,27.157026290893555,27.36615753173828,27.067399978637695,27.246654510498047,10.787811279296875,5815760
1988-04-19,27.36615753173828,27.72466468811035,27.007648468017578,27.03752326965332,10.705004692077637,7319071
1988-04-20,27.03752326965332,27.216777801513672,26.76864242553711,26.977771759033203,10.681353569030762,6981004
1988-04-21,27.067399978637695,27.27652931213379,26.649139404296875,26.8582706451416,10.63404369354248,8077630
1988-04-22,26.94789695739746,27.30640411376953,26.8582706451416,27.186901092529297,10.764154434204102,4602400
1988-04-25,27.30640411376953,27.396032333374023,27.127151489257812,27.216777801513672,10.775984764099121,5045067
1988-04-26,27.246654510498047,27.425907135009766,27.097274780273438,27.30640411376953,10.811470985412598,5496521
1988-04-27,27.336280822753906,27.36615753173828,27.03752326965332,27.246654510498047,10.787811279296875,3954298
1988-04-28,27.127151489257812,27.127151489257812,26.918020248413086,27.03752326965332,10.705004692077637,3355150
1988-04-29,27.007648468017578,27.186901092529297,26.918020248413086,27.097274780273438,10.728665351867676,3207454
1988-05-02,27.157026290893555,27.336280822753906,27.03752326965332,27.27652931213379,10.799639701843262,4371862
1988-05-03,27.336280822753906,27.515535354614258,27.067399978637695,27.396032333374023,10.846960067749023,3568115
1988-05-04,27.425907135009766,27.425907135009766,27.067399978637695,27.067399978637695,10.716845512390137,4956366
1988-05-05,26.649139404296875,26.679014205932617,26.4997615814209,26.589387893676758,10.630834579467773,4890678
1988-05-06,26.589387893676758,26.738767623901367,26.320507049560547,26.410133361816406,10.55916976928711,3208710
1988-05-09,26.410133361816406,26.4997615814209,26.26075553894043,26.410133361816406,10.55916976928711,3338832
1988-05-10,26.52963638305664,26.649139404296875,26.290630340576172,26.4997615814209,10.595002174377441,3868945
1988-05-11,26.26075553894043,26.26075553894043,25.902246475219727,25.99187469482422,10.391946792602539,6687287
1988-05-12,26.02174949645996,26.141252517700195,25.961997985839844,25.99187469482422,10.391946792602539,3388203
1988-05-13,26.111377716064453,26.380258560180664,26.081501007080078,26.380258560180664,10.547228813171387,3194484
1988-05-16,26.410133361816406,26.708890914916992,26.26075553894043,26.679014205932617,10.666666984558105,3034655
1988-05-17,26.828393936157227,26.94789695739746,26.290630340576172,26.320507049560547,10.523335456848145,5327069
1988-05-18,26.35038185119629,26.44001007080078,25.93212127685547,26.02174949645996,10.403888702392578,5106572
1988-05-19,26.02174949645996,26.44001007080078,25.961997985839844,26.410133361816406,10.55916976928711,6345873
1988-05-20,26.44001007080078,26.469884872436523,26.141252517700195,26.171127319335938,10.463608741760254,4227514
1988-05-23,26.230880737304688,26.26075553894043,25.84249496459961,25.99187469482422,10.391946792602539,3815390
1988-05-24,26.051624298095703,26.171127319335938,25.961997985839844,26.111377716064453,10.439726829528809,3769366
1988-05-25,26.171127319335938,26.230880737304688,25.93212127685547,25.93212127685547,10.368054389953613,4266843
1988-05-26,25.99187469482422,26.111377716064453,25.84249496459961,25.872371673583984,10.344161987304688,3375651
1988-05-27,25.84249496459961,25.902246475219727,25.693117141723633,25.812620162963867,10.320273399353027,2204968
1988-05-31,25.872371673583984,27.007648468017578,25.84249496459961,26.888145446777344,10.750287055969238,5072682
1988-06-01,27.007648468017578,27.36615753173828,26.8582706451416,27.03752326965332,10.81001091003418,9107731
1988-06-02,27.03752326965332,27.157026290893555,26.708890914916992,26.918020248413086,10.762228965759277,4560560
1988-06-03,26.977771759033203,27.216777801513672,26.76864242553711,27.067399978637695,10.821953773498535,3499498
1988-06-06,27.157026290893555,27.336280822753906,27.007648468017578,27.336280822753906,10.929452896118164,4435040
1988-06-07,27.30640411376953,27.54541015625,27.157026290893555,27.186901092529297,10.869729995727539,7246270
1988-06-08,27.27652931213379,27.933795928955078,27.246654510498047,27.87404441833496,11.144462585449219,8836190
1988-06-09,27.814292907714844,27.993547439575195,27.54541015625,27.575286865234375,11.025018692016602,6819920
1988-06-10,27.69478988647461,28.053298950195312,27.60516357421875,27.72466468811035,11.084734916687012,5378950
1988-06-13,27.814292907714844,28.053298950195312,27.664913177490234,27.96367073059082,11.180303573608398,4304918
1988-06-14,28.441682815551758,28.62093734741211,28.262428283691406,28.38193130493164,11.347527503967285,10001434
1988-06-15,28.322179794311523,28.591060638427734,28.322179794311523,28.411806106567383,11.359474182128906,5727478
1988-06-16,28.142925262451172,28.29230308532715,27.993547439575195,27.993547439575195,11.192248344421387,4986073
1988-06-17,28.023422241210938,28.083173751831055,27.664913177490234,28.083173751831055,11.228081703186035,9768385
1988-06-20,27.933795928955078,28.11305046081543,27.87404441833496,27.993547439575195,11.192248344421387,3918316
1988-06-21,28.172800064086914,28.770315170288086,28.083173751831055,28.740440368652344,11.490859985351562,8843302
1988-06-22,29.397705078125,29.54708480834961,29.30807876586914,29.397705078125,11.753645896911621,17112978
1988-06-23,29.397705078125,30.08484649658203,29.337953567504883,30.05497169494629,12.016430854797363,12252844
1988-06-24,30.174474716186523,30.174474716186523,29.81596565246582,29.905593872070312,11.956706047058105,7057153
1988-06-27,29.935468673706055,30.174474716186523,29.81596565246582,29.875717163085938,11.944762229919434,7098993
1988-06-28,29.905593872070312,30.532983779907227,29.875717163085938,30.353727340698242,12.13587760925293,7692702
1988-06-29,30.532983779907227,30.682361602783203,30.204349517822266,30.353727340698242,12.13587760925293,9020286
1988-06-30,30.473230361938477,30.532983779907227,30.293977737426758,30.443355560302734,12.171712875366211,6627874
1988-07-01,30.532983779907227,30.532983779907227,30.05497169494629,30.264101028442383,12.1000394821167,4435040
1988-07-05,30.204349517822266,30.891490936279297,30.114723205566406,30.891490936279297,12.350883483886719,5595263
1988-07-06,30.861616134643555,30.951242446899414,30.114723205566406,30.3238525390625,12.123936653137207,8490591
1988-07-07,30.264101028442383,30.56285858154297,30.204349517822266,30.50310707092285,12.195600509643555,8642889
1988-07-08,30.413480758666992,30.65248680114746,30.174474716186523,30.204349517822266,12.076153755187988,6064290
1988-07-11,30.293977737426758,30.443355560302734,30.204349517822266,30.293977737426758,12.111987113952637,3173146
1988-07-12,30.383604049682617,30.443355560302734,29.726337432861328,29.935468673706055,11.96865463256836,6888538
1988-07-13,29.965343475341797,30.025096893310547,29.517208099365234,29.935468673706055,11.96865463256836,7037070
1988-07-14,29.965343475341797,30.05497169494629,29.786090850830078,29.81596565246582,11.920875549316406,5387737
1988-07-15,29.995220184326172,30.23422622680664,29.875717163085938,30.23422622680664,12.08809757232666,8253777
1988-07-18,30.025096893310547,30.174474716186523,29.845840454101562,29.905593872070312,11.956706047058105,7209032
1988-07-19,29.905593872070312,29.965343475341797,29.427581787109375,29.63671112060547,11.849199295043945,6290644
1988-07-20,29.786090850830078,29.81596565246582,29.487333297729492,29.63671112060547,11.849199295043945,5080213
1988-07-21,29.517208099365234,29.54708480834961,29.03919792175293,29.098947525024414,11.634201049804688,4992349
1988-07-22,29.03919792175293,29.069072723388672,28.680688858032227,28.71056365966797,11.478910446166992,7609441
1988-07-25,28.830066680908203,29.248327255249023,28.740440368652344,29.248327255249023,11.69392204284668,4740472
1988-07-26,29.278202056884766,29.487333297729492,29.248327255249023,29.30807876586914,11.71781063079834,5472672
1988-07-27,29.367830276489258,29.427581787109375,28.859943389892578,28.949569702148438,11.574472427368164,5408238
1988-07-28,29.098947525024414,29.606836318969727,28.979446411132812,29.57695960998535,11.825310707092285,5070590
1988-07-29,29.756214141845703,30.174474716186523,29.696462631225586,30.05497169494629,12.016430854797363,7672619
1988-08-01,30.114723205566406,30.23422622680664,29.965343475341797,30.174474716186523,12.064205169677734,4544242
1988-08-02,30.23422622680664,30.3238525390625,29.786090850830078,30.05497169494629,12.016430854797363,5599866
1988-08-03,30.05497169494629,30.23422622680664,29.995220184326172,30.05497169494629,12.016430854797363,8039138
1988-08-04,29.995220184326172,29.995220184326172,29.63671112060547,29.696462631225586,11.97786808013916,4660139
1988-08-05,29.54708480834961,29.696462631225586,29.517208099365234,29.606836318969727,11.941719055175781,3016664
1988-08-08,29.57695960998535,29.726337432861328,29.427581787109375,29.427581787109375,11.86941909790039,2707048
1988-08-09,29.54708480834961,29.54708480834961,29.069072723388672,29.069072723388672,11.724815368652344,6805276
1988-08-10,28.979446411132812,29.069072723388672,28.411806106567383,28.411806106567383,11.459715843200684,8520716
1988-08-11,28.531309127807617,28.591060638427734,28.053298950195312,28.441682815551758,11.471762657165527,7962152
1988-08-12,28.352054595947266,28.38193130493164,28.172800064086914,28.20267677307129,11.375360488891602,3914132
1988-08-15,28.11305046081543,28.172800064086914,27.485660552978516,27.515535354614258,11.0982084274292,6962176
1988-08-16,27.485660552978516,27.903919219970703,27.396032333374023,27.664913177490234,11.158452987670898,9221536
1988-08-17,27.664913177490234,27.814292907714844,27.186901092529297,27.396032333374023,11.050010681152344,6140857
1988-08-18,27.425907135009766,27.60516357421875,27.27652931213379,27.396032333374023,11.050010681152344,3800746
1988-08-19,27.45578384399414,27.485660552978516,26.888145446777344,26.94789695739746,10.869248390197754,5522462
1988-08-22,27.007648468017578,27.03752326965332,26.469884872436523,26.469884872436523,10.676454544067383,4685243
1988-08-23,26.559511184692383,26.708890914916992,26.380258560180664,26.4997615814209,10.68850040435791,4994441
1988-08-24,26.619264602661133,26.977771759033203,26.589387893676758,26.94789695739746,10.869248390197754,5515349
1988-08-25,26.708890914916992,26.79851722717285,26.469884872436523,26.679014205932617,10.760795593261719,5146320
1988-08-26,26.679014205932617,26.94789695739746,26.649139404296875,26.828393936157227,10.821050643920898,3217496
1988-08-29,26.94789695739746,27.246654510498047,26.94789695739746,27.097274780273438,10.929506301879883,3629202
1988-08-30,27.157026290893555,27.186901092529297,26.918020248413086,26.977771759033203,10.881301879882812,3752211
1988-08-31,27.097274780273438,27.127151489257812,26.469884872436523,26.649139404296875,10.748753547668457,3900325
1988-09-01,26.559511184692383,26.559511184692383,26.171127319335938,26.35038185119629,10.628251075744629,6226210
1988-09-02,26.679014205932617,27.425907135009766,26.679014205932617,27.246654510498047,10.98975944519043,6547542
1988-09-06,27.186901092529297,27.216777801513672,26.8582706451416,26.977771759033203,10.881301879882812,4009109
1988-09-07,27.067399978637695,27.067399978637695,26.679014205932617,26.708890914916992,10.772852897644043,3847188
1988-09-08,26.679014205932617,27.03752326965332,26.619264602661133,26.79851722717285,10.809006690979004,4385669
1988-09-09,26.76864242553711,27.54541015625,26.589387893676758,27.336280822753906,11.02590274810791,8250848
1988-09-12,27.45578384399414,27.575286865234375,27.097274780273438,27.157026290893555,10.953606605529785,5464304
1988-09-13,26.94789695739746,27.485660552978516,26.888145446777344,27.485660552978516,11.086156845092773,5512420
1988-09-14,27.664913177490234,27.69478988647461,27.127151489257812,27.396032333374023,11.050010681152344,7697305
1988-09-15,27.45578384399414,27.575286865234375,27.186901092529297,27.186901092529297,10.965654373168945,3753048
1988-09-16,27.127151489257812,27.485660552978516,27.097274780273438,27.30640411376953,11.013855934143066,9859596
1988-09-19,27.186901092529297,27.27652931213379,26.708890914916992,26.94789695739746,10.869248390197754,6483108
1988-09-20,26.918020248413086,27.097274780273438,26.8582706451416,26.94789695739746,10.869248390197754,3063943
1988-09-21,27.007648468017578,27.157026290893555,26.888145446777344,27.067399978637695,10.917450904846191,2819598
1988-09-22,27.03752326965332,27.216777801513672,26.76864242553711,26.76864242553711,10.796953201293945,5337110
1988-09-23,26.76864242553711,27.097274780273438,26.708890914916992,26.977771759033203,10.881301879882812,3769366
1988-09-26,27.007648468017578,27.157026290893555,26.828393936157227,26.828393936157227,10.821050643920898,3561839
1988-09-27,26.8582706451416,27.157026290893555,26.619264602661133,27.067399978637695,10.917450904846191,5041302
1988-09-28,27.007648468017578,27.27652931213379,27.007648468017578,27.216777801513672,10.977705955505371,4166009
1988-09-29,27.246654510498047,27.60516357421875,27.186901092529297,27.575286865234375,11.122307777404785,5679362
1988-09-30,27.575286865234375,27.844167709350586,27.425907135009766,27.575286865234375,11.122307777404785,6775151
1988-10-03,27.515535354614258,27.54541015625,27.246654510498047,27.45578384399414,11.07411003112793,4363912
1988-10-04,27.45578384399414,27.575286865234375,27.336280822753906,27.36615753173828,11.037955284118652,3493640
1988-10-05,27.27652931213379,27.336280822753906,26.94789695739746,27.216777801513672,10.977705955505371,4732522
1988-10-06,27.097274780273438,27.27652931213379,27.097274780273438,27.246654510498047,10.98975944519043,3256407
1988-10-07,27.54541015625,27.78441619873047,27.425907135009766,27.72466468811035,11.1825590133667,8255450
1988-10-10,27.72466468811035,27.844167709350586,27.60516357421875,27.754541397094727,11.194611549377441,3499916
1988-10-11,27.78441619873047,28.38193130493164,27.754541397094727,28.38193130493164,11.447664260864258,6712391
1988-10-12,28.142925262451172,28.322179794311523,28.083173751831055,28.083173751831055,11.327167510986328,7598562
1988-10-13,28.172800064086914,28.62093734741211,28.142925262451172,28.352054595947266,11.435609817504883,6380182
1988-10-14,28.65081214904785,28.740440368652344,28.531309127807617,28.62093734741211,11.544068336486816,9393080
1988-10-17,28.591060638427734,29.12882423400879,28.531309127807617,28.949569702148438,11.676616668701172,4568928
1988-10-18,28.979446411132812,29.726337432861328,28.949569702148438,29.726337432861328,11.989919662475586,7404843
1988-10-19,29.696462631225586,29.81596565246582,28.80019187927246,29.248327255249023,11.797117233276367,9395590
1988-10-20,29.30807876586914,29.845840454101562,29.248327255249023,29.845840454101562,12.038118362426758,7140833
1988-10-21,29.786090850830078,29.786090850830078,29.54708480834961,29.726337432861328,11.989919662475586,8092693
1988-10-24,29.786090850830078,29.786090850830078,29.427581787109375,29.427581787109375,11.86941909790039,4281487
1988-10-25,29.457456588745117,29.517208099365234,29.21845054626465,29.367830276489258,11.845314979553223,4301152
1988-10-26,29.278202056884766,29.278202056884766,29.03919792175293,29.069072723388672,11.724815368652344,3825431
1988-10-27,28.979446411132812,28.979446411132812,28.561185836791992,28.740440368652344,11.592263221740723,5645053
1988-10-28,28.859943389892578,28.979446411132812,28.770315170288086,28.859943389892578,11.640466690063477,3984005
1988-10-31,28.740440368652344,29.367830276489258,28.740440368652344,29.30807876586914,11.821220397949219,5299873
1988-11-01,29.367830276489258,29.726337432861328,29.278202056884766,29.63671112060547,11.95376968383789,5344642
1988-11-02,29.54708480834961,29.606836318969727,29.098947525024414,29.367830276489258,11.845314979553223,4284416
1988-11-03,29.367830276489258,29.367830276489258,29.188575744628906,29.21845054626465,11.785072326660156,3801582
1988-11-04,28.770315170288086,29.009321212768555,28.740440368652344,28.740440368652344,11.69751262664795,7183091
1988-11-07,28.680688858032227,28.71056365966797,28.352054595947266,28.4715576171875,11.588075637817383,6021613
1988-11-08,28.591060638427734,28.830066680908203,28.531309127807617,28.62093734741211,11.648877143859863,4671854
1988-11-09,28.561185836791992,28.680688858032227,28.322179794311523,28.65081214904785,11.661044120788574,5820362
1988-11-10,28.62093734741211,28.770315170288086,28.591060638427734,28.62093734741211,11.648877143859863,4721644
1988-11-11,28.441682815551758,28.501434326171875,27.814292907714844,27.87404441833496,11.344890594482422,5795677
1988-11-14,28.023422241210938,28.083173751831055,27.814292907714844,27.993547439575195,11.393532752990723,5555934
1988-11-15,28.023422241210938,28.232553482055664,27.96367073059082,28.083173751831055,11.430014610290527,4276048
1988-11-16,28.083173751831055,28.083173751831055,27.36615753173828,27.60516357421875,11.235454559326172,7767596
1988-11-17,27.664913177490234,27.72466468811035,27.45578384399414,27.60516357421875,11.235454559326172,5172679
1988-11-18,27.69478988647461,27.754541397094727,27.575286865234375,27.664913177490234,11.259773254394531,4771852
1988-11-21,27.60516357421875,27.635038375854492,27.27652931213379,27.635038375854492,11.247613906860352,4244250
1988-11-22,27.60516357421875,28.023422241210938,27.575286865234375,27.96367073059082,11.381372451782227,4291947
1988-11-23,28.023422241210938,28.322179794311523,27.96367073059082,28.20267677307129,11.478643417358398,3266030
1988-11-25,27.903919219970703,27.903919219970703,27.72466468811035,27.72466468811035,11.284088134765625,2765624
1988-11-28,27.78441619873047,28.62093734741211,27.78441619873047,28.411806106567383,11.563763618469238,6245038
1988-11-29,28.531309127807617,28.62093734741211,28.11305046081543,28.531309127807617,11.61240291595459,7092717
1988-11-30,28.501434326171875,28.62093734741211,28.262428283691406,28.322179794311523,11.527281761169434,5317446
1988-12-01,28.29230308532715,28.38193130493164,28.142925262451172,28.262428283691406,11.502961158752441,3755977
1988-12-02,28.11305046081543,28.531309127807617,28.11305046081543,28.501434326171875,11.600242614746094,5681035
1988-12-05,28.561185836791992,29.069072723388672,28.561185836791992,28.88981819152832,11.758317947387695,5771828
1988-12-06,28.88981819152832,29.188575744628906,28.80019187927246,29.188575744628906,11.87990665435791,5307404
1988-12-07,29.12882423400879,29.337953567504883,28.88981819152832,28.919694900512695,11.770477294921875,5877683
1988-12-08,28.830066680908203,29.009321212768555,28.531309127807617,28.531309127807617,11.61240291595459,3805766
1988-12-09,28.591060638427734,28.859943389892578,28.591060638427734,28.770315170288086,11.709677696228027,4720807
1988-12-12,28.80019187927246,29.12882423400879,28.71056365966797,28.80019187927246,11.721837043762207,3748027
1988-12-13,28.740440368652344,28.859943389892578,28.561185836791992,28.859943389892578,11.746155738830566,4014966
1988-12-14,28.770315170288086,29.098947525024414,28.740440368652344,28.80019187927246,11.721837043762207,5003227
1988-12-15,29.009321212768555,29.069072723388672,28.740440368652344,28.919694900512695,11.770477294921875,3871874
1988-12-16,28.979446411132812,29.12882423400879,28.949569702148438,28.979446411132812,11.794791221618652,8397706
1988-12-19,28.979446411132812,29.457456588745117,28.949569702148438,29.337953567504883,11.940710067749023,5949648
1988-12-20,29.606836318969727,29.666587829589844,29.397705078125,29.457456588745117,11.98934555053711,8809830
1988-12-21,29.427581787109375,29.54708480834961,29.337953567504883,29.397705078125,11.965028762817383,5051762
1988-12-22,29.367830276489258,29.457456588745117,29.248327255249023,29.278202056884766,11.916390419006348,3334648
1988-12-23,29.397705078125,29.517208099365234,29.337953567504883,29.487333297729492,12.00151252746582,1936774
1988-12-27,29.397705078125,29.606836318969727,29.30807876586914,29.427581787109375,11.977193832397461,2405800
1988-12-28,29.397705078125,29.427581787109375,29.12882423400879,29.278202056884766,11.916390419006348,2440109
1988-12-29,29.278202056884766,29.63671112060547,29.278202056884766,29.457456588745117,11.98934555053711,3227119
1988-12-30,29.517208099365234,29.54708480834961,29.069072723388672,29.12882423400879,11.855591773986816,2474418
1989-01-03,29.12882423400879,29.21845054626465,28.830066680908203,28.919694900512695,11.770477294921875,6041696
1989-01-04,29.03919792175293,29.30807876586914,28.979446411132812,29.278202056884766,11.916390419006348,5323722
1989-01-05,29.278202056884766,29.427581787109375,29.158700942993164,29.21845054626465,11.892071723937988,6044206
1989-01-06,29.278202056884766,29.337953567504883,29.009321212768555,29.12882423400879,11.855591773986816,5338784
1989-01-09,29.069072723388672,29.248327255249023,29.03919792175293,29.158700942993164,11.867755889892578,4816202
1989-01-10,29.188575744628906,29.278202056884766,28.88981819152832,28.949569702148438,11.782642364501953,4492361
1989-01-11,28.949569702148438,29.21845054626465,28.859943389892578,29.21845054626465,11.892071723937988,4025845
1989-01-12,29.278202056884766,29.666587829589844,29.21845054626465,29.427581787109375,11.977193832397461,8292270
1989-01-13,29.427581787109375,29.57695960998535,29.248327255249023,29.487333297729492,12.00151252746582,4893188
1989-01-16,29.54708480834961,29.905593872070312,29.487333297729492,29.696462631225586,12.086621284484863,5225816
1989-01-17,29.606836318969727,29.756214141845703,29.517208099365234,29.606836318969727,12.050148963928223,4927497
1989-01-18,29.606836318969727,29.875717163085938,29.188575744628906,29.875717163085938,12.159584045410156,8244990
1989-01-19,29.845840454101562,29.965343475341797,29.57695960998535,29.696462631225586,12.086621284484863,7303590
1989-01-20,29.63671112060547,29.726337432861328,29.517208099365234,29.54708480834961,12.02582836151123,4252199
1989-01-23,29.517208099365234,29.666587829589844,29.188575744628906,29.248327255249023,11.904226303100586,4003670
1989-01-24,29.248327255249023,29.786090850830078,29.188575744628906,29.696462631225586,12.086621284484863,5827057
1989-01-25,29.696462631225586,29.726337432861328,29.397705078125,29.457456588745117,11.98934555053711,5929565
1989-01-26,29.427581787109375,30.353727340698242,29.427581787109375,30.114723205566406,12.256858825683594,10714806
1989-01-27,30.293977737426758,30.56285858154297,30.204349517822266,30.3238525390625,12.341973304748535,12449492
1989-01-30,30.443355560302734,30.891490936279297,30.413480758666992,30.771989822387695,12.524374961853027,8620714
1989-01-31,30.771989822387695,31.279876708984375,30.443355560302734,31.220123291015625,12.706761360168457,9951226
1989-02-01,31.01099395751953,31.279876708984375,30.891490936279297,30.98111915588379,12.60948371887207,9072586
1989-02-02,30.771989822387695,31.040870666503906,30.56285858154297,30.682361602783203,12.594758987426758,7101503
1989-02-03,30.59273338317871,30.801864624023438,30.3238525390625,30.532983779907227,12.533448219299316,6500262
1989-02-06,30.413480758666992,30.56285858154297,30.174474716186523,30.264101028442383,12.423074722290039,5024566
1989-02-07,30.174474716186523,30.74211311340332,30.174474716186523,30.50310707092285,12.521193504333496,6471811
1989-02-08,30.622610092163086,30.682361602783203,30.3238525390625,30.353727340698242,12.459870338439941,6396499
1989-02-09,30.204349517822266,30.473230361938477,30.114723205566406,30.204349517822266,12.398555755615234,6635824
1989-02-10,30.05497169494629,30.264101028442383,29.875717163085938,29.875717163085938,12.263652801513672,8056710
1989-02-13,30.05497169494629,30.174474716186523,29.81596565246582,30.114723205566406,12.361759185791016,5473509
1989-02-14,30.264101028442383,30.293977737426758,29.81596565246582,29.81596565246582,12.239126205444336,4667670
1989-02-15,29.845840454101562,30.383604049682617,29.845840454101562,30.353727340698242,12.459870338439941,6724525
1989-02-16,30.3238525390625,30.3238525390625,29.875717163085938,30.08484649658203,12.349499702453613,5320374
1989-02-17,30.08484649658203,30.264101028442383,29.935468673706055,29.935468673706055,12.288177490234375,5592753
1989-02-21,30.025096893310547,30.114723205566406,29.875717163085938,29.995220184326172,12.312710762023926,4603655
1989-02-22,29.935468673706055,29.995220184326172,29.457456588745117,29.487333297729492,12.104228973388672,5656768
1989-02-23,29.337953567504883,29.54708480834961,29.30807876586914,29.487333297729492,12.104228973388672,6557165
1989-02-24,29.487333297729492,29.517208099365234,28.949569702148438,28.949569702148438,11.883477210998535,7313214
1989-02-27,28.979446411132812,29.12882423400879,28.830066680908203,29.069072723388672,11.932533264160156,7378902
1989-02-28,29.098947525024414,29.21845054626465,29.009321212768555,29.03919792175293,11.920270919799805,5110338
1989-03-01,29.188575744628906,29.248327255249023,28.4715576171875,28.65081214904785,11.760842323303223,6274326
1989-03-02,28.62093734741211,28.88981819152832,28.62093734741211,28.80019187927246,11.822157859802246,5598192
1989-03-03,28.830066680908203,28.919694900512695,28.71056365966797,28.88981819152832,11.858949661254883,3960574
1989-03-06,29.009321212768555,29.069072723388672,28.830066680908203,29.03919792175293,11.920270919799805,5555515
1989-03-07,28.919694900512695,28.949569702148438,28.531309127807617,28.65081214904785,11.760842323303223,7852531
1989-03-08,28.591060638427734,28.830066680908203,28.561185836791992,28.591060638427734,11.736310958862305,5635011
1989-03-09,28.591060638427734,28.65081214904785,28.232553482055664,28.352054595947266,11.638206481933594,5911574
1989-03-10,28.262428283691406,28.322179794311523,27.993547439575195,28.262428283691406,11.601417541503906,7473042
1989-03-13,28.232553482055664,28.591060638427734,28.232553482055664,28.411806106567383,11.662736892700195,5973078
1989-03-14,28.501434326171875,28.531309127807617,28.11305046081543,28.172800064086914,11.564626693725586,4894862
1989-03-15,28.142925262451172,28.38193130493164,27.96367073059082,27.96367073059082,11.478782653808594,6909876
1989-03-16,28.053298950195312,28.38193130493164,28.023422241210938,28.232553482055664,11.589156150817871,9484710
1989-03-17,27.635038375854492,27.844167709350586,26.619264602661133,26.888145446777344,11.037286758422852,19606642
1989-03-20,26.559511184692383,26.619264602661133,26.051624298095703,26.171127319335938,10.742956161499023,16646462
1989-03-21,26.380258560180664,26.410133361816406,26.230880737304688,26.320507049560547,10.804279327392578,14461159
1989-03-22,25.872371673583984,26.141252517700195,25.722991943359375,26.111377716064453,10.718436241149902,10856225
1989-03-23,26.230880737304688,26.35038185119629,25.93212127685547,26.201004028320312,10.755223274230957,8432852
1989-03-27,26.171127319335938,26.380258560180664,26.051624298095703,26.320507049560547,10.804279327392578,5706139
1989-03-28,26.44001007080078,26.4997615814209,26.141252517700195,26.290630340576172,10.792015075683594,5219122
1989-03-29,26.230880737304688,26.380258560180664,26.081501007080078,26.201004028320312,10.755223274230957,5123726
1989-03-30,26.201004028320312,26.230880737304688,25.872371673583984,25.99187469482422,10.669376373291016,6913642
1989-03-31,26.051624298095703,26.171127319335938,26.051624298095703,26.081501007080078,10.70616626739502,4684825
1989-04-03,26.111377716064453,26.171127319335938,25.93212127685547,25.93212127685547,10.644848823547363,5359704
1989-04-04,25.812620162963867,25.93212127685547,25.394359588623047,25.60348892211914,10.5099515914917,9776753
1989-04-05,25.60348892211914,25.812620162963867,25.60348892211914,25.75286865234375,10.57127571105957,6075168
1989-04-06,25.663240432739258,25.872371673583984,25.60348892211914,25.812620162963867,10.595792770385742,4194042
1989-04-07,25.75286865234375,26.35038185119629,25.75286865234375,26.230880737304688,10.767485618591309,6722433
1989-04-10,26.171127319335938,26.35038185119629,26.171127319335938,26.290630340576172,10.792015075683594,3533806
1989-04-11,26.35038185119629,26.619264602661133,26.290630340576172,26.559511184692383,10.902381896972656,4965990
1989-04-12,26.738767623901367,26.828393936157227,26.4997615814209,26.559511184692383,10.902381896972656,4223330
1989-04-13,26.469884872436523,26.52963638305664,26.02174949645996,26.111377716064453,10.718436241149902,4002833
1989-04-14,26.410133361816406,26.76864242553711,26.410133361816406,26.4997615814209,10.877859115600586,7490197
1989-04-17,26.469884872436523,26.708890914916992,26.469884872436523,26.619264602661133,10.926918983459473,3816645
1989-04-18,26.828393936157227,27.03752326965332,26.79851722717285,27.007648468017578,11.086337089538574,6516162
1989-04-19,26.888145446777344,27.03752326965332,26.79851722717285,26.8582706451416,11.025022506713867,6088138
1989-04-20,26.918020248413086,26.977771759033203,26.52963638305664,26.8582706451416,11.025022506713867,5158454
1989-04-21,26.888145446777344,27.127151489257812,26.79851722717285,27.127151489257812,11.135395050048828,6440850
1989-04-24,27.127151489257812,27.336280822753906,27.03752326965332,27.127151489257812,11.135395050048828,6042951
1989-04-25,27.246654510498047,27.515535354614258,27.097274780273438,27.36615753173828,11.233497619628906,8390175
1989-04-26,27.36615753173828,27.425907135009766,27.127151489257812,27.36615753173828,11.233497619628906,5445894
1989-04-27,27.396032333374023,27.664913177490234,27.30640411376953,27.396032333374023,11.245770454406738,7775546
1989-04-28,27.396032333374023,27.396032333374023,27.246654510498047,27.27652931213379,11.196712493896484,4642148
1989-05-01,27.007648468017578,27.157026290893555,26.977771759033203,27.097274780273438,11.123128890991211,4930007
1989-05-02,27.157026290893555,27.186901092529297,26.8582706451416,26.8582706451416,11.025022506713867,3916224
1989-05-03,26.828393936157227,26.888145446777344,26.649139404296875,26.649139404296875,10.939179420471191,5992325
1989-05-04,26.410133361816406,26.559511184692383,26.35038185119629,26.44001007080078,10.972411155700684,4117056
1989-05-05,26.589387893676758,26.619264602661133,26.081501007080078,26.141252517700195,10.848423957824707,6042951
1989-05-08,26.081501007080078,26.230880737304688,25.961997985839844,26.171127319335938,10.860818862915039,5531248
1989-05-09,26.141252517700195,26.320507049560547,26.081501007080078,26.230880737304688,10.885616302490234,6369722
1989-05-10,26.290630340576172,26.35038185119629,26.201004028320312,26.201004028320312,10.87321949005127,5394850
1989-05-11,26.26075553894043,26.26075553894043,26.051624298095703,26.081501007080078,10.823628425598145,4989838
1989-05-12,26.52963638305664,26.589387893676758,26.35038185119629,26.469884872436523,10.984801292419434,7200246
1989-05-15,26.4997615814209,26.977771759033203,26.44001007080078,26.94789695739746,11.183172225952148,8432015
1989-05-16,26.888145446777344,27.03752326965332,26.589387893676758,26.619264602661133,11.04680061340332,8383899
1989-05-17,26.619264602661133,26.738767623901367,26.35038185119629,26.649139404296875,11.05919361114502,7560070
1989-05-18,26.469884872436523,26.888145446777344,26.44001007080078,26.76864242553711,11.108784675598145,7292712
1989-05-19,26.828393936157227,26.888145446777344,26.4997615814209,26.559511184692383,11.021994590759277,11992599
1989-05-22,26.679014205932617,26.738767623901367,26.111377716064453,26.26075553894043,10.898018836975098,8083488
1989-05-23,26.111377716064453,26.26075553894043,26.081501007080078,26.171127319335938,10.860818862915039,8399798
1989-05-24,26.171127319335938,26.320507049560547,26.141252517700195,26.230880737304688,10.885616302490234,7033304
1989-05-25,26.171127319335938,26.35038185119629,26.171127319335938,26.201004028320312,10.87321949005127,4099483
1989-05-26,26.201004028320312,26.290630340576172,26.111377716064453,26.171127319335938,10.860818862915039,3521254
1989-05-30,26.201004028320312,26.230880737304688,25.693117141723633,25.872371673583984,10.736837387084961,6832890
1989-05-31,25.84249496459961,26.320507049560547,25.782743453979492,26.201004028320312,10.87321949005127,7263842
1989-06-01,26.171127319335938,26.469884872436523,26.171127319335938,26.290630340576172,10.91041374206543,5863458
1989-06-02,26.410133361816406,26.4997615814209,26.201004028320312,26.320507049560547,10.922813415527344,6757997
1989-06-05,26.320507049560547,26.320507049560547,25.99187469482422,26.051624298095703,10.811222076416016,5312425
1989-06-06,26.081501007080078,26.230880737304688,25.961997985839844,26.201004028320312,10.87321949005127,7410282
1989-06-07,26.230880737304688,26.380258560180664,26.081501007080078,26.171127319335938,10.860818862915039,4779383
1989-06-08,26.201004028320312,26.201004028320312,25.99187469482422,26.111377716064453,10.836030006408691,5319538
1989-06-09,26.051624298095703,26.171127319335938,25.902246475219727,25.902246475219727,10.749235153198242,5823291
1989-06-12,25.693117141723633,26.051624298095703,25.693117141723633,26.02174949645996,10.798830032348633,8028259
1989-06-13,26.051624298095703,26.679014205932617,25.93212127685547,26.52963638305664,11.009601593017578,9723616
1989-06-14,26.589387893676758,26.649139404296875,26.201004028320312,26.380258560180664,10.947608947753906,5000717
1989-06-15,26.380258560180664,26.410133361816406,25.93212127685547,26.141252517700195,10.848423957824707,6565114
1989-06-16,26.02174949645996,26.201004028320312,25.902246475219727,26.171127319335938,10.860818862915039,11402655
1989-06-19,26.201004028320312,26.410133361816406,26.201004028320312,26.380258560180664,10.947608947753906,5164730
1989-06-20,26.35038185119629,26.589387893676758,26.141252517700195,26.171127319335938,10.860818862915039,4939212
1989-06-21,26.26075553894043,26.380258560180664,26.141252517700195,26.230880737304688,10.885616302490234,5372674
1989-06-22,26.201004028320312,26.26075553894043,25.93212127685547,26.081501007080078,10.823628425598145,6452146
1989-06-23,26.290630340576172,26.559511184692383,26.201004028320312,26.4997615814209,10.997200965881348,8903134
1989-06-26,26.589387893676758,26.94789695739746,26.4997615814209,26.76864242553711,11.108784675598145,7150874
1989-06-27,26.888145446777344,27.36615753173828,26.8582706451416,27.336280822753906,11.344351768493652,10164191
1989-06-28,27.30640411376953,27.515535354614258,27.03752326965332,27.216777801513672,11.294758796691895,7088533
1989-06-29,27.03752326965332,27.067399978637695,26.589387893676758,26.649139404296875,11.05919361114502,6734148
1989-06-30,26.708890914916992,26.79851722717285,26.201004028320312,26.738767623901367,11.096380233764648,7634545
1989-07-03,26.888145446777344,26.888145446777344,26.708890914916992,26.828393936157227,11.133577346801758,2563955
1989-07-05,26.708890914916992,26.94789695739746,26.589387893676758,26.76864242553711,11.108784675598145,4314122
1989-07-06,26.8582706451416,26.8582706451416,26.619264602661133,26.679014205932617,11.071587562561035,3511631
1989-07-07,26.738767623901367,26.94789695739746,26.589387893676758,26.79851722717285,11.121186256408691,5086907
1989-07-10,26.8582706451416,27.485660552978516,26.828393936157227,27.396032333374023,11.369147300720215,7330786
1989-07-11,27.60516357421875,27.69478988647461,27.157026290893555,27.216777801513672,11.294758796691895,7290620
1989-07-12,27.157026290893555,27.515535354614258,27.097274780273438,27.425907135009766,11.381538391113281,4825826
1989-07-13,27.425907135009766,27.54541015625,27.30640411376953,27.45578384399414,11.393948554992676,4889422
1989-07-14,27.425907135009766,27.485660552978516,27.157026290893555,27.425907135009766,11.381538391113281,6059687
1989-07-17,27.36615753173828,27.844167709350586,27.36615753173828,27.72466468811035,11.50551986694336,5946301
1989-07-18,27.754541397094727,27.903919219970703,27.36615753173828,27.425907135009766,11.381538391113281,6328718
1989-07-19,27.54541015625,27.60516357421875,27.27652931213379,27.336280822753906,11.344351768493652,5730406
1989-07-20,27.246654510498047,27.396032333374023,26.94789695739746,26.94789695739746,11.183172225952148,5287739
1989-07-21,26.888145446777344,27.336280822753906,26.888145446777344,27.27652931213379,11.31955337524414,6914897
1989-07-24,27.216777801513672,27.27652931213379,27.097274780273438,27.127151489257812,11.257563591003418,3963922
1989-07-25,27.157026290893555,27.336280822753906,26.888145446777344,26.94789695739746,11.183172225952148,4603237
1989-07-26,26.619264602661133,26.918020248413086,26.44001007080078,26.888145446777344,11.158377647399902,9187646
1989-07-27,26.888145446777344,27.007648468017578,26.738767623901367,27.007648468017578,11.207966804504395,6519090
1989-07-28,27.067399978637695,27.30640411376953,27.03752326965332,27.097274780273438,11.245161056518555,4969337
1989-07-31,27.157026290893555,27.54541015625,27.157026290893555,27.485660552978516,11.406347274780273,5712415
1989-08-01,27.60516357421875,27.844167709350586,27.36615753173828,27.396032333374023,11.369147300720215,8334528
1989-08-02,27.425907135009766,27.485660552978516,27.157026290893555,27.246654510498047,11.30715274810791,6619506
1989-08-03,26.94789695739746,27.246654510498047,26.918020248413086,27.186901092529297,11.40339183807373,9309400
1989-08-04,27.097274780273438,27.664913177490234,27.067399978637695,27.60516357421875,11.578828811645508,10068378
1989-08-07,27.844167709350586,28.11305046081543,27.664913177490234,28.053298950195312,11.766798973083496,9244548
1989-08-08,28.172800064086914,28.531309127807617,28.142925262451172,28.262428283691406,11.854520797729492,11080069
1989-08-09,28.20267677307129,28.4715576171875,27.993547439575195,27.993547439575195,11.741739273071289,6777243
1989-08-10,27.933795928955078,28.262428283691406,27.754541397094727,28.083173751831055,11.779335021972656,5796932
1989-08-11,28.20267677307129,28.262428283691406,27.45578384399414,27.60516357421875,11.578828811645508,7494799
1989-08-14,27.485660552978516,27.844167709350586,27.425907135009766,27.754541397094727,11.64148998260498,6215750
1989-08-15,27.844167709350586,27.844167709350586,27.575286865234375,27.78441619873047,11.654019355773926,4612442
1989-08-16,27.78441619873047,27.814292907714844,27.515535354614258,27.60516357421875,11.578828811645508,4286090
1989-08-17,27.60516357421875,27.664913177490234,27.336280822753906,27.425907135009766,11.503640174865723,4576041
1989-08-18,27.425907135009766,27.60516357421875,27.425907135009766,27.515535354614258,11.541242599487305,5454681
1989-08-21,27.485660552978516,27.575286865234375,27.007648468017578,27.007648468017578,11.328201293945312,5140044
1989-08-22,27.03752326965332,27.216777801513672,26.888145446777344,27.157026290893555,11.390864372253418,6593984
1989-08-23,27.216777801513672,27.27652931213379,26.94789695739746,27.246654510498047,11.42846393585205,4244250
1989-08-24,27.216777801513672,27.754541397094727,27.067399978637695,27.72466468811035,11.628959655761719,10714387
1989-08-25,27.72466468811035,27.844167709350586,27.635038375854492,27.754541397094727,11.64148998260498,5847558
1989-08-28,27.72466468811035,28.232553482055664,27.575286865234375,28.20267677307129,11.829463005065918,7035814
1989-08-29,28.142925262451172,28.29230308532715,27.72466468811035,27.814292907714844,11.666548728942871,5580619
1989-08-30,27.844167709350586,28.083173751831055,27.754541397094727,27.933795928955078,11.716672897338867,6317003
1989-08-31,28.023422241210938,28.11305046081543,27.933795928955078,27.993547439575195,11.741739273071289,3928776
1989-09-01,27.933795928955078,28.262428283691406,27.933795928955078,28.053298950195312,11.766798973083496,4392363
1989-09-05,28.083173751831055,28.38193130493164,28.053298950195312,28.142925262451172,11.804398536682129,7147527
1989-09-06,28.11305046081543,28.11305046081543,27.72466468811035,27.903919219970703,11.704137802124023,4625830
1989-09-07,27.96367073059082,27.96367073059082,27.69478988647461,27.78441619873047,11.654019355773926,4774781
1989-09-08,27.69478988647461,27.814292907714844,27.485660552978516,27.72466468811035,11.628959655761719,4909506
1989-09-11,27.69478988647461,27.814292907714844,27.575286865234375,27.78441619873047,11.654019355773926,3960574
1989-09-12,27.754541397094727,28.023422241210938,27.754541397094727,27.933795928955078,11.716672897338867,4515373
1989-09-13,27.96367073059082,28.083173751831055,27.575286865234375,27.575286865234375,11.566306114196777,6974728
1989-09-14,27.575286865234375,27.69478988647461,27.485660552978516,27.664913177490234,11.60389518737793,4474788
1989-09-15,27.635038375854492,27.78441619873047,27.515535354614258,27.60516357421875,11.578828811645508,8593099
1989-09-18,27.635038375854492,27.754541397094727,27.575286865234375,27.754541397094727,11.64148998260498,3763090
1989-09-19,27.814292907714844,27.844167709350586,27.72466468811035,27.72466468811035,11.628959655761719,4342992
1989-09-20,27.72466468811035,27.814292907714844,27.664913177490234,27.72466468811035,11.628959655761719,4035050
1989-09-21,27.72466468811035,28.023422241210938,27.72466468811035,27.754541397094727,11.64148998260498,4993604
1989-09-22,27.814292907714844,27.933795928955078,27.754541397094727,27.844167709350586,11.679080963134766,3041768
1989-09-25,27.903919219970703,28.172800064086914,27.754541397094727,27.78441619873047,11.654019355773926,4771852
1989-09-26,27.903919219970703,28.142925262451172,27.87404441833496,28.083173751831055,11.779335021972656,5730825
1989-09-27,26.52963638305664,26.888145446777344,26.52963638305664,26.649139404296875,11.177835464477539,23666796
1989-09-28,26.559511184692383,26.589387893676758,25.75286865234375,26.051624298095703,10.92720890045166,16425129
1989-09-29,26.051624298095703,26.141252517700195,25.961997985839844,26.111377716064453,10.952277183532715,9085556
1989-10-02,26.141252517700195,26.230880737304688,25.902246475219727,25.961997985839844,10.889617919921875,6463862
1989-10-03,25.84249496459961,25.872371673583984,25.24498176574707,25.33460807800293,10.626459121704102,12425643
1989-10-04,25.33460807800293,25.872371673583984,25.33460807800293,25.872371673583984,10.852025985717773,12729820
1989-10-05,25.99187469482422,26.081501007080078,25.5736141204834,25.693117141723633,10.776840209960938,7282252
1989-10-06,25.693117141723633,25.84249496459961,25.60348892211914,25.693117141723633,10.776840209960938,5818689
1989-10-09,25.75286865234375,26.111377716064453,25.75286865234375,26.111377716064453,10.952277183532715,3317912
1989-10-10,26.111377716064453,26.141252517700195,25.782743453979492,25.872371673583984,10.852025985717773,4453868
1989-10-11,25.812620162963867,25.872371673583984,25.693117141723633,25.75286865234375,10.801900863647461,4912434
1989-10-12,25.722991943359375,25.75286865234375,25.633365631103516,25.722991943359375,10.78936767578125,4362238
1989-10-13,25.663240432739258,25.812620162963867,23.870698928833008,24.378585815429688,10.225464820861816,10163773
1989-10-16,23.542064666748047,25.75286865234375,23.362810134887695,24.617591857910156,10.325713157653809,22437537
1989-10-17,24.378585815429688,24.58771514892578,24.020076751708984,24.438337326049805,10.250523567199707,12163306
1989-10-18,24.31883430480957,24.617591857910156,24.259082794189453,24.31883430480957,10.200399398803711,6540847
1989-10-19,24.73709487915039,25.18522834777832,24.6474666595459,24.886472702026367,10.43848991394043,9316094
1989-10-20,24.886472702026367,25.0059757232666,24.73709487915039,24.91634750366211,10.451021194458008,8081814
1989-10-23,24.91634750366211,25.035850524902344,24.707218170166016,24.73709487915039,10.375839233398438,6066800
1989-10-24,24.67734146118164,24.976099014282227,24.13957977294922,24.617591857910156,10.325713157653809,8453772
1989-10-25,24.31883430480957,24.557838439941406,24.31883430480957,24.348709106445312,10.212926864624023,4578551
1989-10-26,24.16945457458496,24.31883430480957,24.020076751708984,24.0798282623291,10.10014820098877,7137486
1989-10-27,23.960325241088867,24.109703063964844,23.781070709228516,23.870698928833008,10.012432098388672,8824474
1989-10-30,24.020076751708984,24.0798282623291,23.751195907592773,23.781070709228516,9.97484016418457,4959714
1989-10-31,23.90057373046875,24.229206085205078,23.870698928833008,23.960325241088867,10.050027847290039,7359656
1989-11-01,23.960325241088867,23.990201950073242,23.810945510864258,23.90057373046875,10.024958610534668,7556722
1989-11-02,23.691444396972656,23.810945510864258,23.123804092407227,23.39268684387207,9.932106018066406,11273788
1989-11-03,23.39268684387207,23.63169288635254,23.39268684387207,23.542064666748047,9.995535850524902,4687754
1989-11-06,23.452438354492188,23.452438354492188,23.064054489135742,23.093929290771484,9.805265426635742,8387246
1989-11-07,23.064054489135742,23.362810134887695,23.004301071166992,23.273183822631836,9.88137149810791,6272234
1989-11-08,23.332935333251953,23.422561645507812,23.123804092407227,23.123804092407227,9.817950248718262,6605699
1989-11-09,23.1536808013916,23.303058624267578,23.064054489135742,23.273183822631836,9.88137149810791,6392734
1989-11-10,23.39268684387207,23.571941375732422,23.332935333251953,23.452438354492188,9.957487106323242,5554678
1989-11-13,23.512189865112305,23.63169288635254,23.362810134887695,23.48231315612793,9.970165252685547,5976426
1989-11-14,23.601816177368164,23.7213191986084,23.362810134887695,23.422561645507812,9.944794654846191,7070542
1989-11-15,23.512189865112305,23.542064666748047,23.21343231201172,23.39268684387207,9.932106018066406,5461375
1989-11-16,23.422561645507812,23.48231315612793,22.944551467895508,23.21343231201172,9.85600471496582,7578479
1989-11-17,23.183555603027344,23.840822219848633,23.123804092407227,23.691444396972656,10.058955192565918,9528223
1989-11-20,23.691444396972656,23.751195907592773,23.422561645507812,23.601816177368164,10.020904541015625,5228745
1989-11-21,23.66156768798828,23.840822219848633,23.542064666748047,23.781070709228516,10.097015380859375,4719134
1989-11-22,23.810945510864258,24.020076751708984,23.751195907592773,23.930448532104492,10.160432815551758,4725410
1989-11-24,23.960325241088867,24.0798282623291,23.960325241088867,23.990201950073242,10.185808181762695,2672739
1989-11-27,24.020076751708984,24.0798282623291,23.48231315612793,23.751195907592773,10.084329605102539,5210754
1989-11-28,23.691444396972656,23.751195907592773,23.542064666748047,23.63169288635254,10.033588409423828,4843817
1989-11-29,23.542064666748047,23.571941375732422,23.303058624267578,23.362810134887695,9.919426918029785,4001996
1989-11-30,23.303058624267578,23.452438354492188,23.1536808013916,23.332935333251953,9.90674114227295,4189439
1989-12-01,23.332935333251953,23.452438354492188,23.1536808013916,23.21343231201172,9.85600471496582,6000693
1989-12-04,23.273183822631836,23.781070709228516,23.273183822631836,23.7213191986084,10.071645736694336,8480550
1989-12-05,24.31883430480957,24.348709106445312,23.810945510864258,23.810945510864258,10.109697341918945,9274673
1989-12-06,23.66156768798828,23.7213191986084,23.542064666748047,23.571941375732422,10.008217811584473,5580619
1989-12-07,23.63169288635254,23.7213191986084,23.332935333251953,23.422561645507812,9.944794654846191,5778941
1989-12-08,23.422561645507812,23.452438354492188,23.064054489135742,23.1536808013916,9.830634117126465,5136278
1989-12-11,23.093929290771484,23.123804092407227,22.825048446655273,22.97442626953125,9.754524230957031,7268445
1989-12-12,22.97442626953125,23.183555603027344,22.854923248291016,23.183555603027344,9.843317031860352,8795186
1989-12-13,23.1536808013916,23.273183822631836,22.854923248291016,22.914674758911133,9.729154586791992,5581038
1989-12-14,22.73542022705078,22.825048446655273,22.70554542541504,22.73542022705078,9.653051376342773,5801116
1989-12-15,22.765296936035156,22.765296936035156,22.46653938293457,22.70554542541504,9.640366554260254,12733167
1989-12-18,22.615917205810547,22.765296936035156,22.317161560058594,22.376911163330078,9.500833511352539,8083070
1989-12-19,22.376911163330078,22.765296936035156,22.317161560058594,22.645793914794922,9.614995002746582,9381365
1989-12-20,22.675668716430664,22.73542022705078,22.436662673950195,22.615917205810547,9.60230541229248,6344199
1989-12-21,22.586042404174805,22.7951717376709,22.55616569519043,22.73542022705078,9.653051376342773,7553794
1989-12-22,22.765296936035156,22.884798049926758,22.73542022705078,22.7951717376709,9.67841911315918,4205338
1989-12-26,22.73542022705078,22.825048446655273,22.526290893554688,22.586042404174805,9.589624404907227,2854325
1989-12-27,22.645793914794922,22.7951717376709,22.586042404174805,22.645793914794922,9.614995002746582,4877289
1989-12-28,22.675668716430664,22.73542022705078,22.46653938293457,22.496414184570312,9.551568031311035,4988583
1989-12-29,22.526290893554688,22.615917205810547,22.46653938293457,22.496414184570312,9.551568031311035,6850882
1990-01-02,22.645793914794922,23.452438354492188,22.586042404174805,23.422561645507812,9.944794654846191,7365514
1990-01-03,23.601816177368164,23.781070709228516,23.512189865112305,23.63169288635254,10.033588409423828,9899344
1990-01-04,23.66156768798828,23.990201950073242,23.63169288635254,23.90057373046875,10.147745132446289,10119841
1990-01-05,23.870698928833008,24.288957595825195,23.781070709228516,23.840822219848633,10.122384071350098,7918220
1990-01-08,23.7213191986084,24.109703063964844,23.7213191986084,23.990201950073242,10.185808181762695,4837959
1990-01-09,24.020076751708984,24.199331283569336,23.751195907592773,23.751195907592773,10.084329605102539,7372208
1990-01-10,23.781070709228516,23.90057373046875,23.571941375732422,23.66156768798828,10.046272277832031,6219098
1990-01-11,23.781070709228516,23.990201950073242,23.751195907592773,23.870698928833008,10.135065078735352,6177258
1990-01-12,23.571941375732422,23.7213191986084,23.332935333251953,23.39268684387207,9.932106018066406,5638777
1990-01-15,23.332935333251953,23.512189865112305,23.24330711364746,23.452438354492188,9.957487106323242,4221238
1990-01-16,23.303058624267578,23.990201950073242,23.303058624267578,23.930448532104492,10.160432815551758,8598538
1990-01-17,23.990201950073242,24.109703063964844,23.512189865112305,23.63169288635254,10.033588409423828,9336596
1990-01-18,23.422561645507812,23.810945510864258,23.332935333251953,23.781070709228516,10.097015380859375,7245014
1990-01-19,23.840822219848633,23.870698928833008,23.542064666748047,23.571941375732422,10.008217811584473,6898161
1990-01-22,23.601816177368164,23.691444396972656,23.064054489135742,23.093929290771484,9.805265426635742,7199409
1990-01-23,23.183555603027344,23.48231315612793,23.093929290771484,23.123804092407227,9.817950248718262,6195249
1990-01-24,22.884798049926758,23.39268684387207,22.825048446655273,23.303058624267578,9.894058227539062,10272138
1990-01-25,23.39268684387207,23.39268684387207,22.70554542541504,22.914674758911133,9.729154586791992,7104850
1990-01-26,22.97442626953125,23.24330711364746,22.73542022705078,23.1536808013916,9.830634117126465,7683498
1990-01-29,23.273183822631836,23.362810134887695,22.825048446655273,23.24330711364746,9.868692398071289,5390666
1990-01-30,23.273183822631836,23.332935333251953,22.884798049926758,23.24330711364746,9.868692398071289,9044553
1990-01-31,23.422561645507812,23.571941375732422,23.332935333251953,23.571941375732422,10.008217811584473,8840792
1990-02-01,23.571941375732422,23.840822219848633,23.362810134887695,23.362810134887695,9.919426918029785,7221166
1990-02-02,23.39268684387207,23.601816177368164,23.39268684387207,23.512189865112305,9.98284912109375,6343362
1990-02-05,23.332935333251953,23.870698928833008,23.303058624267578,23.810945510864258,10.235591888427734,5542963
1990-02-06,23.810945510864258,24.229206085205078,23.571941375732422,24.13957977294922,10.376860618591309,11305168
1990-02-07,24.0798282623291,24.796844482421875,24.049951553344727,24.6474666595459,10.59518051147461,12612250
1990-02-08,24.766969680786133,24.82672119140625,24.348709106445312,24.557838439941406,10.556661605834961,8296872
1990-02-09,24.58771514892578,24.67734146118164,24.378585815429688,24.498088836669922,10.530977249145508,5294434
1990-02-12,24.468212127685547,24.468212127685547,24.049951553344727,24.16945457458496,10.389703750610352,4985654
1990-02-13,24.348709106445312,24.67734146118164,24.199331283569336,24.67734146118164,10.608027458190918,7498146
1990-02-14,24.707218170166016,24.91634750366211,24.67734146118164,24.796844482421875,10.659399032592773,6283113
1990-02-15,24.886472702026367,25.0059757232666,24.796844482421875,24.796844482421875,10.659399032592773,5966384
1990-02-16,24.976099014282227,24.976099014282227,24.707218170166016,24.73709487915039,10.633708000183105,9210658
1990-02-20,24.527963638305664,24.6474666595459,24.438337326049805,24.58771514892578,10.569496154785156,5857182
1990-02-21,24.438337326049805,25.125478744506836,24.378585815429688,25.06572723388672,10.774983406066895,8468834
1990-02-22,25.09560203552246,25.215105056762695,24.67734146118164,24.67734146118164,10.608027458190918,9608138
1990-02-23,24.557838439941406,24.82672119140625,24.378585815429688,24.527963638305664,10.543818473815918,6539174
1990-02-26,24.617591857910156,24.886472702026367,24.498088836669922,24.856597900390625,10.685086250305176,5738356
1990-02-27,24.886472702026367,25.215105056762695,24.766969680786133,24.796844482421875,10.659399032592773,7207777
1990-02-28,24.766969680786133,25.0059757232666,24.6474666595459,24.82672119140625,10.67224407196045,6026215
1990-03-01,24.796844482421875,24.946224212646484,24.707218170166016,24.856597900390625,10.685086250305176,4697377
1990-03-02,24.856597900390625,25.18522834777832,24.856597900390625,25.06572723388672,10.774983406066895,5951740
1990-03-05,25.06572723388672,25.304731369018555,25.0059757232666,25.09560203552246,10.787832260131836,5762623
1990-03-06,25.155353546142578,25.274856567382812,24.91634750366211,25.274856567382812,10.864883422851562,5335437
1990-03-07,25.33460807800293,25.394359588623047,25.155353546142578,25.215105056762695,10.83919906616211,6441686
1990-03-08,25.33460807800293,25.663240432739258,25.33460807800293,25.5736141204834,10.993307113647461,7267190
1990-03-09,25.5736141204834,25.663240432739258,25.394359588623047,25.454111099243164,10.941943168640137,7325347
1990-03-12,25.454111099243164,25.75286865234375,25.394359588623047,25.75286865234375,11.070364952087402,6329555
1990-03-13,25.693117141723633,25.872371673583984,25.394359588623047,25.394359588623047,10.916254997253418,8682637
1990-03-14,25.543737411499023,25.5736141204834,25.24498176574707,25.394359588623047,10.916254997253418,5220377
1990-03-15,25.48398780822754,25.663240432739258,25.454111099243164,25.5736141204834,10.993307113647461,5573088
1990-03-16,25.75286865234375,25.99187469482422,25.663240432739258,25.961997985839844,11.160268783569336,10770034
1990-03-19,25.84249496459961,26.081501007080078,25.663240432739258,26.051624298095703,11.198793411254883,6724525
1990-03-20,26.02174949645996,26.141252517700195,25.782743453979492,25.812620162963867,11.096053123474121,7747094
1990-03-21,25.93212127685547,25.93212127685547,25.60348892211914,25.633365631103516,11.018996238708496,3545103
1990-03-22,25.5736141204834,25.693117141723633,25.215105056762695,25.454111099243164,10.941943168640137,5022055
1990-03-23,25.33460807800293,25.364484786987305,25.06572723388672,25.09560203552246,10.787832260131836,4809090
1990-03-26,25.215105056762695,25.274856567382812,24.886472702026367,24.886472702026367,10.697932243347168,3504100
1990-03-27,24.766969680786133,25.035850524902344,24.707218170166016,24.976099014282227,10.736452102661133,5536269
1990-03-28,24.91634750366211,25.304731369018555,24.796844482421875,25.304731369018555,10.877717971801758,6092322
1990-03-29,25.33460807800293,25.543737411499023,25.274856567382812,25.33460807800293,10.89056396484375,5917013
1990-03-30,25.42423439025879,25.51386260986328,25.24498176574707,25.364484786987305,10.903409957885742,5966384
1990-04-02,25.125478744506836,25.304731369018555,25.09560203552246,25.304731369018555,10.877717971801758,5432087
1990-04-03,25.33460807800293,25.51386260986328,25.33460807800293,25.48398780822754,10.954779624938965,4394874
1990-04-04,25.48398780822754,25.75286865234375,25.304731369018555,25.454111099243164,10.941943168640137,7180581
1990-04-05,25.51386260986328,25.543737411499023,25.304731369018555,25.364484786987305,10.903409957885742,3633386
1990-04-06,25.394359588623047,25.42423439025879,25.155353546142578,25.304731369018555,10.877717971801758,3147623
1990-04-09,25.24498176574707,25.304731369018555,25.155353546142578,25.215105056762695,10.83919906616211,3275235
1990-04-10,25.155353546142578,25.42423439025879,25.125478744506836,25.304731369018555,10.877717971801758,3911203
1990-04-11,25.364484786987305,25.454111099243164,25.304731369018555,25.42423439025879,10.929096221923828,2699517
1990-04-12,25.60348892211914,25.812620162963867,25.5736141204834,25.60348892211914,11.006153106689453,3855974
1990-04-16,26.290630340576172,26.589387893676758,26.290630340576172,26.4997615814209,11.391433715820312,17241009
1990-04-17,26.410133361816406,26.589387893676758,26.26075553894043,26.559511184692383,11.417118072509766,8009850
1990-04-18,26.4997615814209,26.4997615814209,26.171127319335938,26.26075553894043,11.288695335388184,6405704
1990-04-19,26.171127319335938,26.35038185119629,26.081501007080078,26.081501007080078,11.211636543273926,6391060
1990-04-20,26.141252517700195,26.171127319335938,25.872371673583984,26.141252517700195,11.23731803894043,6930796
1990-04-23,26.051624298095703,26.171127319335938,25.961997985839844,26.141252517700195,11.23731803894043,5649237
1990-04-24,26.201004028320312,26.380258560180664,26.02174949645996,26.02174949645996,11.18594741821289,5466814
1990-04-25,26.111377716064453,26.320507049560547,26.081501007080078,26.141252517700195,11.23731803894043,4909506
1990-04-26,26.26075553894043,26.290630340576172,25.93212127685547,25.99187469482422,11.173103332519531,5783543
1990-04-27,26.051624298095703,26.051624298095703,25.663240432739258,25.663240432739258,11.031828880310059,4107014
1990-04-30,25.5736141204834,26.111377716064453,25.5736141204834,26.051624298095703,11.198793411254883,6748374
1990-05-01,26.171127319335938,26.201004028320312,25.782743453979492,25.812620162963867,11.096053123474121,4879381
1990-05-02,25.812620162963867,26.081501007080078,25.812620162963867,26.081501007080078,11.211636543273926,5090254
1990-05-03,26.171127319335938,26.320507049560547,26.081501007080078,26.111377716064453,11.224479675292969,6981841
1990-05-04,25.961997985839844,26.44001007080078,25.872371673583984,26.410133361816406,11.48005485534668,6327463
1990-05-07,26.410133361816406,26.619264602661133,26.35038185119629,26.410133361816406,11.48005485534668,5460957
1990-05-08,26.410133361816406,26.52963638305664,26.380258560180664,26.469884872436523,11.506020545959473,5190252
1990-05-09,26.469884872436523,26.589387893676758,26.380258560180664,26.589387893676758,11.557971000671387,5083560
1990-05-10,26.619264602661133,26.977771759033203,26.589387893676758,26.8582706451416,11.674851417541504,7586847
1990-05-11,27.157026290893555,27.36615753173828,27.007648468017578,27.246654510498047,11.84367561340332,10657903
1990-05-14,27.27652931213379,27.60516357421875,27.246654510498047,27.30640411376953,11.869649887084961,9667550
1990-05-15,27.216777801513672,27.635038375854492,27.186901092529297,27.635038375854492,12.012493133544922,6217424
1990-05-16,27.54541015625,27.664913177490234,27.396032333374023,27.575286865234375,11.98652458190918,7370116
1990-05-17,27.69478988647461,27.78441619873047,27.515535354614258,27.754541397094727,12.064444541931152,6370558
1990-05-18,27.69478988647461,27.78441619873047,27.54541015625,27.575286865234375,11.98652458190918,7406517
1990-05-21,27.515535354614258,28.053298950195312,27.515535354614258,27.96367073059082,12.155345916748047,7261750
1990-05-22,28.083173751831055,28.142925262451172,27.87404441833496,28.142925262451172,12.233262062072754,8090182
1990-05-23,28.083173751831055,28.38193130493164,28.023422241210938,28.38193130493164,12.337156295776367,7125770
1990-05-24,28.38193130493164,28.411806106567383,28.172800064086914,28.38193130493164,12.337156295776367,6047135
1990-05-25,28.11305046081543,28.20267677307129,27.754541397094727,27.78441619873047,12.077425956726074,4806161
1990-05-29,27.96367073059082,28.65081214904785,27.903919219970703,28.62093734741211,12.441049575805664,8201058
1990-05-30,28.680688858032227,29.188575744628906,28.591060638427734,28.88981819152832,12.557926177978516,11953688
1990-05-31,28.62093734741211,28.88981819152832,28.561185836791992,28.680688858032227,12.46701717376709,8329926
1990-06-01,28.80019187927246,28.859943389892578,28.441682815551758,28.561185836791992,12.415085792541504,6451728
1990-06-04,28.561185836791992,28.88981819152832,28.501434326171875,28.770315170288086,12.505980491638184,5432087
1990-06-05,28.80019187927246,29.12882423400879,28.71056365966797,28.859943389892578,12.544946670532227,9840350
1990-06-06,28.770315170288086,29.21845054626465,28.770315170288086,28.830066680908203,12.53194808959961,6458004
1990-06-07,28.979446411132812,29.03919792175293,28.62093734741211,28.830066680908203,12.53194808959961,6223282
1990-06-08,28.88981819152832,28.88981819152832,28.352054595947266,28.38193130493164,12.337156295776367,5988559
1990-06-11,28.352054595947266,28.740440368652344,28.352054595947266,28.65081214904785,12.454034805297852,4525833
1990-06-12,28.71056365966797,28.88981819152832,28.501434326171875,28.740440368652344,12.492996215820312,5758021
1990-06-13,28.80019187927246,29.188575744628906,28.740440368652344,29.009321212768555,12.60987377166748,9376344
1990-06-14,28.979446411132812,29.12882423400879,28.71056365966797,28.88981819152832,12.557926177978516,7105687
1990-06-15,28.770315170288086,28.979446411132812,28.71056365966797,28.770315170288086,12.505980491638184,8836190
1990-06-18,28.740440368652344,28.859943389892578,28.352054595947266,28.352054595947266,12.324172973632812,6242528
1990-06-19,28.411806106567383,28.4715576171875,28.172800064086914,28.38193130493164,12.337156295776367,6048390
1990-06-20,28.38193130493164,28.4715576171875,28.023422241210938,28.20267677307129,12.25924015045166,4230861
1990-06-21,28.20267677307129,28.4715576171875,28.083173751831055,28.4715576171875,12.37611198425293,4189021
1990-06-22,28.441682815551758,28.561185836791992,27.78441619873047,27.78441619873047,12.077425956726074,5021218
1990-06-25,27.87404441833496,28.023422241210938,27.844167709350586,27.87404441833496,12.11639404296875,4712021
1990-06-26,28.11305046081543,28.20267677307129,27.844167709350586,27.903919219970703,12.129372596740723,5248410
1990-06-27,27.933795928955078,28.232553482055664,27.903919219970703,28.20267677307129,12.25924015045166,4818713
1990-06-28,28.262428283691406,28.29230308532715,28.083173751831055,28.11305046081543,12.220276832580566,3363099
1990-06-29,28.11305046081543,28.232553482055664,28.053298950195312,28.083173751831055,12.207298278808594,3571881
1990-07-02,28.083173751831055,28.38193130493164,28.053298950195312,28.322179794311523,12.311185836791992,3832544
1990-07-03,28.352054595947266,28.38193130493164,28.11305046081543,28.11305046081543,12.220276832580566,2443874
1990-07-05,28.083173751831055,28.11305046081543,27.933795928955078,28.053298950195312,12.194311141967773,3555563
1990-07-06,27.993547439575195,28.322179794311523,27.96367073059082,28.20267677307129,12.25924015045166,2964782
1990-07-09,28.232553482055664,28.501434326171875,28.172800064086914,28.441682815551758,12.363136291503906,3835891
1990-07-10,28.501434326171875,28.62093734741211,28.142925262451172,28.142925262451172,12.233262062072754,5204896
1990-07-11,28.232553482055664,28.501434326171875,28.172800064086914,28.4715576171875,12.37611198425293,4288600
1990-07-12,28.441682815551758,28.770315170288086,28.38193130493164,28.680688858032227,12.46701717376709,7265098
1990-07-13,28.830066680908203,29.188575744628906,28.740440368652344,28.919694900512695,12.570918083190918,9018194
1990-07-16,29.158700942993164,29.427581787109375,28.979446411132812,29.248327255249023,12.713767051696777,9334922
1990-07-17,29.278202056884766,29.278202056884766,28.65081214904785,28.859943389892578,12.544946670532227,7052969
1990-07-18,28.88981819152832,29.069072723388672,28.65081214904785,28.65081214904785,12.454034805297852,7046274
1990-07-19,28.591060638427734,28.71056365966797,28.38193130493164,28.680688858032227,12.46701717376709,6007387
1990-07-20,28.71056365966797,28.740440368652344,28.083173751831055,28.11305046081543,12.220276832580566,7357982
1990-07-23,28.142925262451172,28.142925262451172,27.27652931213379,27.69478988647461,12.038468360900879,8967567
1990-07-24,27.69478988647461,27.72466468811035,27.157026290893555,27.425907135009766,11.921591758728027,6441268
1990-07-25,27.36615753173828,27.60516357421875,27.30640411376953,27.425907135009766,11.921591758728027,5709905
1990-07-26,27.396032333374023,27.396032333374023,26.828393936157227,27.03752326965332,11.75277328491211,5735846
1990-07-27,26.94789695739746,26.94789695739746,26.44001007080078,26.619264602661133,11.570959091186523,7724919
1990-07-30,26.469884872436523,26.8582706451416,26.410133361816406,26.79851722717285,11.648874282836914,6195249
1990-07-31,26.8582706451416,26.977771759033203,26.44001007080078,26.649139404296875,11.583941459655762,5729151
1990-08-01,26.738767623901367,26.8582706451416,26.44001007080078,26.679014205932617,11.596931457519531,7155895
1990-08-02,26.051624298095703,26.469884872436523,26.051624298095703,26.230880737304688,11.402134895324707,7818641
1990-08-03,26.111377716064453,26.171127319335938,24.796844482421875,25.84249496459961,11.233306884765625,14849853
1990-08-06,24.82672119140625,24.946224212646484,24.498088836669922,24.82672119140625,10.913905143737793,9560440
1990-08-07,25.0059757232666,25.09560203552246,24.498088836669922,24.617591857910156,10.821972846984863,9358771
1990-08-08,24.617591857910156,24.82672119140625,24.58771514892578,24.6474666595459,10.835102081298828,7886003
1990-08-09,24.73709487915039,24.82672119140625,24.617591857910156,24.67734146118164,10.848235130310059,5287321
1990-08-10,24.67734146118164,24.766969680786133,24.259082794189453,24.378585815429688,10.716903686523438,6060524
1990-08-13,24.259082794189453,24.856597900390625,24.13957977294922,24.796844482421875,10.900768280029297,6622435
1990-08-14,24.766969680786133,25.125478744506836,24.6474666595459,24.946224212646484,10.966437339782715,6928286
1990-08-15,25.125478744506836,25.155353546142578,24.976099014282227,25.09560203552246,11.032102584838867,6338342
1990-08-16,24.91634750366211,25.274856567382812,24.796844482421875,24.796844482421875,10.900768280029297,8499378
1990-08-17,24.617591857910156,24.707218170166016,24.0798282623291,24.229206085205078,10.651229858398438,11048270
1990-08-20,24.378585815429688,24.557838439941406,24.348709106445312,24.438337326049805,10.743169784545898,5183139
1990-08-21,24.049951553344727,24.31883430480957,23.840822219848633,24.020076751708984,10.559300422668457,9999342
1990-08-22,24.0798282623291,24.13957977294922,23.63169288635254,23.66156768798828,10.40169906616211,8255032
1990-08-23,23.123804092407227,23.512189865112305,23.064054489135742,23.1536808013916,10.178425788879395,10156242
1990-08-24,23.542064666748047,24.13957977294922,23.39268684387207,23.990201950073242,10.546167373657227,8533686
1990-08-27,24.617591857910156,24.946224212646484,24.557838439941406,24.946224212646484,10.966437339782715,6590218
1990-08-28,24.82672119140625,24.886472702026367,24.707218170166016,24.766969680786133,10.887639045715332,4050530
1990-08-29,24.73709487915039,24.946224212646484,24.557838439941406,24.82672119140625,10.913905143737793,4789425
1990-08-30,24.82672119140625,24.886472702026367,24.229206085205078,24.31883430480957,10.69063949584961,4519138
1990-08-31,24.288957595825195,24.348709106445312,23.990201950073242,24.348709106445312,10.703766822814941,3704514
1990-09-04,24.13957977294922,24.527963638305664,24.0798282623291,24.498088836669922,10.769431114196777,5022892
1990-09-05,24.58771514892578,24.82672119140625,24.438337326049805,24.498088836669922,10.769431114196777,6077678
1990-09-06,24.58771514892578,24.73709487915039,24.259082794189453,24.468212127685547,10.756301879882812,5635848
1990-09-07,24.348709106445312,25.215105056762695,24.348709106445312,25.215105056762695,11.084639549255371,6839585
1990-09-10,25.454111099243164,25.722991943359375,25.215105056762695,25.304731369018555,11.124032974243164,6733730
1990-09-11,25.42423439025879,25.75286865234375,25.304731369018555,25.693117141723633,11.294772148132324,6017429
1990-09-12,25.902246475219727,25.902246475219727,25.60348892211914,25.782743453979492,11.334171295166016,4991094
1990-09-13,25.75286865234375,25.75286865234375,25.035850524902344,25.09560203552246,11.032102584838867,4506168
1990-09-14,25.06572723388672,25.09560203552246,24.766969680786133,24.946224212646484,10.966437339782715,5638358
1990-09-17,24.91634750366211,25.274856567382812,24.886472702026367,25.125478744506836,11.045239448547363,3744262
1990-09-18,25.155353546142578,25.722991943359375,25.125478744506836,25.633365631103516,11.26850414276123,7109453
1990-09-19,25.782743453979492,26.111377716064453,25.693117141723633,25.902246475219727,11.386702537536621,9159194
1990-09-20,25.84249496459961,26.051624298095703,25.48398780822754,25.782743453979492,11.334171295166016,5077284
1990-09-21,25.722991943359375,25.782743453979492,25.215105056762695,25.51386260986328,11.215974807739258,9252916
1990-09-24,25.394359588623047,25.394359588623047,24.976099014282227,25.09560203552246,11.032102584838867,8341641
1990-09-25,25.155353546142578,25.454111099243164,25.06572723388672,25.42423439025879,11.176570892333984,6465535
1990-09-26,25.454111099243164,25.51386260986328,24.91634750366211,25.18522834777832,11.071503639221191,7298570
1990-09-27,25.274856567382812,25.48398780822754,24.58771514892578,24.946224212646484,10.966437339782715,7067194
1990-09-28,24.6474666595459,25.60348892211914,24.58771514892578,25.42423439025879,11.176570892333984,8263818
1990-10-01,25.60348892211914,26.171127319335938,25.60348892211914,26.051624298095703,11.452371597290039,7745839
1990-10-02,26.171127319335938,26.380258560180664,25.872371673583984,25.872371673583984,11.373571395874023,7920730
1990-10-03,25.872371673583984,26.051624298095703,25.60348892211914,25.663240432739258,11.281638145446777,4609513
1990-10-04,25.663240432739258,25.872371673583984,25.42423439025879,25.782743453979492,11.334171295166016,4861808
1990-10-05,25.454111099243164,26.051624298095703,25.33460807800293,25.872371673583984,11.373571395874023,6568880
1990-10-08,25.99187469482422,26.171127319335938,25.961997985839844,26.171127319335938,11.504908561706543,3771039
1990-10-09,25.902246475219727,25.961997985839844,25.18522834777832,25.18522834777832,11.071503639221191,5935422
1990-10-10,25.24498176574707,25.48398780822754,24.58771514892578,24.73709487915039,10.874504089355469,9449982
1990-10-11,24.796844482421875,24.82672119140625,23.840822219848633,24.13957977294922,10.611832618713379,13028139
1990-10-12,24.31883430480957,24.378585815429688,23.781070709228516,23.960325241088867,10.533034324645996,9657090
1990-10-15,24.049951553344727,24.109703063964844,23.004301071166992,23.7213191986084,10.427962303161621,13059938
1990-10-16,23.751195907592773,23.990201950073242,23.48231315612793,23.751195907592773,10.441105842590332,7071797
1990-10-17,23.781070709228516,24.288957595825195,23.751195907592773,24.0798282623291,10.585567474365234,5565975
1990-10-18,24.378585815429688,25.18522834777832,24.31883430480957,25.18522834777832,11.071503639221191,7809436
1990-10-19,25.155353546142578,26.051624298095703,25.0059757232666,25.722991943359375,11.30790901184082,11090110
1990-10-22,25.722991943359375,25.99187469482422,25.454111099243164,25.75286865234375,11.321040153503418,8026167
1990-10-23,25.663240432739258,25.872371673583984,25.48398780822754,25.51386260986328,11.215974807739258,5316609
1990-10-24,25.51386260986328,26.051624298095703,25.51386260986328,25.961997985839844,11.412976264953613,6775570
1990-10-25,26.051624298095703,26.111377716064453,25.48398780822754,25.84249496459961,11.360437393188477,6660928
1990-10-26,25.663240432739258,25.693117141723633,25.454111099243164,25.543737411499023,11.229100227355957,5213682
1990-10-29,25.454111099243164,25.782743453979492,25.125478744506836,25.33460807800293,11.137171745300293,5496102
1990-10-30,25.364484786987305,25.543737411499023,25.06572723388672,25.42423439025879,11.176570892333984,6857576
1990-10-31,25.454111099243164,25.48398780822754,25.035850524902344,25.215105056762695,11.084639549255371,6077260
1990-11-01,25.18522834777832,25.663240432739258,25.06572723388672,25.633365631103516,11.26850414276123,5162638
1990-11-02,25.633365631103516,25.961997985839844,25.633365631103516,25.902246475219727,11.386702537536621,7490615
1990-11-05,25.663240432739258,25.84249496459961,25.454111099243164,25.782743453979492,11.462146759033203,5057201
1990-11-06,25.782743453979492,26.051624298095703,25.722991943359375,25.782743453979492,11.462146759033203,6667204
1990-11-07,25.812620162963867,25.872371673583984,25.394359588623047,25.454111099243164,11.316044807434082,5860947
1990-11-08,25.454111099243164,25.722991943359375,25.394359588623047,25.693117141723633,11.422304153442383,6774733
1990-11-09,25.93212127685547,26.35038185119629,25.782743453979492,26.35038185119629,11.71450138092041,9515253
1990-11-12,26.4997615814209,27.067399978637695,26.469884872436523,27.007648468017578,12.006697654724121,14825167
1990-11-13,27.007648468017578,27.127151489257812,26.76864242553711,26.76864242553711,11.900445938110352,8918196
1990-11-14,26.888145446777344,27.246654510498047,26.888145446777344,27.127151489257812,12.059826850891113,8237878
1990-11-15,27.067399978637695,27.157026290893555,26.888145446777344,26.918020248413086,11.966853141784668,6442105
1990-11-16,27.007648468017578,27.27652931213379,26.76864242553711,27.157026290893555,12.073101997375488,9496425
1990-11-19,27.27652931213379,27.45578384399414,27.246654510498047,27.425907135009766,12.192639350891113,7785587
1990-11-20,27.425907135009766,27.515535354614258,27.067399978637695,27.097274780273438,12.04654598236084,8369255
1990-11-21,27.067399978637695,27.27652931213379,26.8582706451416,27.27652931213379,12.126237869262695,5493174
1990-11-23,27.216777801513672,27.30640411376953,26.918020248413086,26.918020248413086,11.966853141784668,1947652
1990-11-26,26.76864242553711,27.30640411376953,26.679014205932617,27.216777801513672,12.099678039550781,4876034
1990-11-27,27.216777801513672,27.27652931213379,26.918020248413086,27.127151489257812,12.059826850891113,6407796
1990-11-28,27.007648468017578,27.216777801513672,26.8582706451416,26.8582706451416,11.940299987792969,5519533
1990-11-29,26.888145446777344,26.977771759033203,26.679014205932617,26.76864242553711,11.900445938110352,5002809
1990-11-30,26.679014205932617,27.36615753173828,26.589387893676758,27.157026290893555,12.073101997375488,7549610
1990-12-03,27.36615753173828,27.36615753173828,27.007648468017578,27.097274780273438,12.04654598236084,6569717
1990-12-04,27.097274780273438,27.485660552978516,27.007648468017578,27.425907135009766,12.192639350891113,6099854
1990-12-05,27.27652931213379,27.45578384399414,27.186901092529297,27.396032333374023,12.179360389709473,6211148
1990-12-06,27.69478988647461,27.72466468811035,26.589387893676758,26.649139404296875,11.847319602966309,14182086
1990-12-07,26.649139404296875,26.977771759033203,26.469884872436523,26.888145446777344,11.95356559753418,7988930
1990-12-10,26.828393936157227,27.186901092529297,26.79851722717285,27.097274780273438,12.04654598236084,4911179
1990-12-11,27.007648468017578,27.03752326965332,26.8582706451416,26.977771759033203,11.993417739868164,4175214
1990-12-12,26.977771759033203,27.36615753173828,26.918020248413086,27.336280822753906,12.15279769897461,6158430
1990-12-13,27.336280822753906,27.396032333374023,26.977771759033203,26.977771759033203,11.993417739868164,4573530
1990-12-14,26.76864242553711,26.888145446777344,26.52963638305664,26.589387893676758,11.82075309753418,6004877
1990-12-17,26.4997615814209,26.708890914916992,26.44001007080078,26.649139404296875,11.847319602966309,3995302
1990-12-18,26.649139404296875,27.127151489257812,26.649139404296875,27.127151489257812,12.059826850891113,6764691
1990-12-19,27.007648468017578,27.246654510498047,26.79851722717285,26.94789695739746,11.980133056640625,10308958
1990-12-20,26.828393936157227,27.396032333374023,26.828393936157227,27.186901092529297,12.086387634277344,7932864
1990-12-21,27.246654510498047,27.336280822753906,27.097274780273438,27.216777801513672,12.099678039550781,8721966
1990-12-24,27.216777801513672,27.30640411376953,27.186901092529297,27.216777801513672,12.099678039550781,1427999
1990-12-26,27.246654510498047,27.30640411376953,27.127151489257812,27.127151489257812,12.059826850891113,1660211
1990-12-27,27.067399978637695,27.216777801513672,27.007648468017578,27.157026290893555,12.073101997375488,2987794
1990-12-28,27.157026290893555,27.216777801513672,27.067399978637695,27.097274780273438,12.04654598236084,3046789
1990-12-31,27.097274780273438,27.127151489257812,26.977771759033203,27.007648468017578,12.006697654724121,1930079
1991-01-02,26.977771759033203,27.186901092529297,26.79851722717285,26.79851722717285,11.913729667663574,4341737
1991-01-03,26.8582706451416,27.216777801513672,26.828393936157227,26.888145446777344,11.95356559753418,5470162
1991-01-04,26.94789695739746,27.007648468017578,26.738767623901367,26.79851722717285,11.913729667663574,4540058
1991-01-07,26.619264602661133,26.738767623901367,26.290630340576172,26.35038185119629,11.71450138092041,4976450
1991-01-08,26.380258560180664,26.380258560180664,25.99187469482422,26.051624298095703,11.581680297851562,7177652
1991-01-09,26.230880737304688,26.469884872436523,25.51386260986328,25.543737411499023,11.3558931350708,8694352
1991-01-10,25.722991943359375,25.902246475219727,25.633365631103516,25.902246475219727,11.515278816223145,4025008
1991-01-11,25.782743453979492,25.872371673583984,25.75286865234375,25.84249496459961,11.488709449768066,2546801
1991-01-14,25.543737411499023,25.60348892211914,25.215105056762695,25.51386260986328,11.34261417388916,7307356
1991-01-15,25.543737411499023,25.75286865234375,25.51386260986328,25.693117141723633,11.422304153442383,4887330
1991-01-16,25.633365631103516,26.111377716064453,25.48398780822754,26.081501007080078,11.594965934753418,6614904
1991-01-17,27.485660552978516,27.754541397094727,27.30640411376953,27.664913177490234,12.298892974853516,18118394
1991-01-18,27.54541015625,28.262428283691406,27.45578384399414,28.11305046081543,12.498122215270996,19215020
1991-01-21,27.903919219970703,28.71056365966797,27.87404441833496,28.591060638427734,12.710634231567383,9211076
1991-01-22,28.531309127807617,28.591060638427734,28.142925262451172,28.20267677307129,12.537967681884766,8216121
1991-01-23,28.172800064086914,28.71056365966797,28.172800064086914,28.501434326171875,12.670783996582031,9250824
1991-01-24,28.680688858032227,29.069072723388672,28.65081214904785,28.919694900512695,12.856728553771973,11887581
1991-01-25,28.949569702148438,29.30807876586914,28.80019187927246,29.30807876586914,13.029396057128906,10213562
1991-01-28,29.278202056884766,29.875717163085938,29.248327255249023,29.696462631225586,13.20205307006836,10369207
1991-01-29,29.666587829589844,29.965343475341797,29.397705078125,29.756214141845703,13.22861099243164,8155453
1991-01-30,29.81596565246582,30.353727340698242,29.786090850830078,30.353727340698242,13.494256973266602,10561671
1991-01-31,30.264101028442383,30.383604049682617,30.174474716186523,30.293977737426758,13.467695236206055,7189367
1991-02-01,30.23422622680664,30.50310707092285,30.025096893310547,30.3238525390625,13.480972290039062,8029514
1991-02-04,30.174474716186523,30.50310707092285,30.025096893310547,30.443355560302734,13.664417266845703,6498170
1991-02-05,30.413480758666992,30.712236404418945,30.353727340698242,30.712236404418945,13.785099983215332,9108986
1991-02-06,30.622610092163086,31.07074546813965,30.59273338317871,31.040870666503906,13.932607650756836,10123606
1991-02-07,31.07074546813965,31.309751510620117,30.682361602783203,30.712236404418945,13.785099983215332,10593888
1991-02-08,30.801864624023438,31.040870666503906,30.65248680114746,30.951242446899414,13.892380714416504,7329113
1991-02-11,31.040870666503906,31.66826057434082,30.98111915588379,31.638383865356445,14.20080280303955,7804415
1991-02-12,31.42925453186035,31.99689292907715,31.42925453186035,31.728010177612305,14.241034507751465,9926122
1991-02-13,31.638383865356445,32.26577377319336,31.608509063720703,32.1761474609375,14.442174911499023,8049179
1991-02-14,32.23590087890625,32.56453323364258,31.99689292907715,32.26577377319336,14.482401847839355,10398914
1991-02-15,32.385276794433594,32.95291519165039,32.355403900146484,32.833412170410156,14.73719596862793,11459558
1991-02-19,32.80353546142578,33.40105056762695,32.7437858581543,33.34130096435547,14.965157508850098,9531570
1991-02-20,33.04254150390625,33.162044525146484,32.95291519165039,32.95291519165039,14.790830612182617,7757973
1991-02-21,32.982791900634766,33.04254150390625,32.385276794433594,32.385276794433594,14.53604507446289,6550052
1991-02-22,32.41515350341797,32.7437858581543,31.698135375976562,31.84751319885254,14.29466724395752,9975074
1991-02-25,32.08652114868164,32.295650482177734,31.578632354736328,31.93714141845703,14.334894180297852,7927425
1991-02-26,31.728010177612305,31.787763595581055,31.01099395751953,31.01099395751953,13.919211387634277,9318186
1991-02-27,31.07074546813965,31.279876708984375,30.622610092163086,31.279876708984375,14.039889335632324,8540381
1991-02-28,31.369503021240234,31.42925453186035,30.473230361938477,30.771989822387695,13.811924934387207,9031164
1991-03-01,30.65248680114746,31.42925453186035,30.622610092163086,31.309751510620117,14.053296089172363,7774290
1991-03-04,31.369503021240234,31.66826057434082,31.040870666503906,31.220123291015625,14.0130615234375,4977286
1991-03-05,31.220123291015625,32.26577377319336,31.040870666503906,31.90726661682129,14.321486473083496,10392638
1991-03-06,32.116397857666016,32.23590087890625,31.698135375976562,31.75788688659668,14.254437446594238,8497704
1991-03-07,31.728010177612305,31.967016220092773,31.459129333496094,31.66826057434082,14.214210510253906,4989838
1991-03-08,31.817638397216797,31.93714141845703,31.309751510620117,31.369503021240234,14.080119132995605,6209056
1991-03-11,31.07074546813965,31.190248489379883,30.771989822387695,30.861616134643555,13.852152824401855,7549610
1991-03-12,30.801864624023438,30.891490936279297,30.23422622680664,30.353727340698242,13.624189376831055,9024051
1991-03-13,30.353727340698242,30.98111915588379,30.293977737426758,30.861616134643555,13.852152824401855,6294410
1991-03-14,30.891490936279297,31.25,30.23422622680664,30.622610092163086,13.744874000549316,8137462
1991-03-15,30.532983779907227,30.532983779907227,30.174474716186523,30.264101028442383,13.583954811096191,11261236
1991-03-18,30.204349517822266,30.622610092163086,30.174474716186523,30.56285858154297,13.718056678771973,6239599
1991-03-19,28.38193130493164,28.441682815551758,27.485660552978516,27.515535354614258,12.350274085998535,26503966
1991-03-20,27.485660552978516,27.575286865234375,27.127151489257812,27.27652931213379,12.242998123168945,16765706
1991-03-21,27.425907135009766,27.485660552978516,26.52963638305664,26.738767623901367,12.00162124633789,13526035
1991-03-22,26.76864242553711,26.918020248413086,26.589387893676758,26.679014205932617,11.974809646606445,11959127
1991-03-25,26.738767623901367,27.157026290893555,26.708890914916992,27.127151489257812,12.175945281982422,6681430
1991-03-26,27.127151489257812,27.396032333374023,27.097274780273438,27.216777801513672,12.216181755065918,5756347
1991-03-27,27.336280822753906,27.396032333374023,26.888145446777344,26.977771759033203,12.108898162841797,7132465
1991-03-28,27.246654510498047,27.336280822753906,26.977771759033203,27.216777801513672,12.216181755065918,6773059
1991-04-01,27.216777801513672,27.30640411376953,26.738767623901367,26.828393936157227,12.041851043701172,5953832
1991-04-02,26.888145446777344,27.127151489257812,26.559511184692383,27.067399978637695,12.149125099182129,9489730
1991-04-03,27.097274780273438,27.30640411376953,27.007648468017578,27.03752326965332,12.135717391967773,7702326
1991-04-04,27.157026290893555,27.425907135009766,26.79851722717285,27.127151489257812,12.175945281982422,8109847
1991-04-05,27.27652931213379,27.36615753173828,26.888145446777344,26.918020248413086,12.082077980041504,6360098
1991-04-08,26.8582706451416,27.127151489257812,26.76864242553711,27.007648468017578,12.122306823730469,4037978
1991-04-09,26.94789695739746,27.097274780273438,26.52963638305664,26.589387893676758,11.93457317352295,5643798
1991-04-10,26.619264602661133,26.679014205932617,26.290630340576172,26.589387893676758,11.93457317352295,8052945
1991-04-11,26.559511184692383,26.738767623901367,26.320507049560547,26.44001007080078,11.867527961730957,9266305
1991-04-12,26.52963638305664,26.52963638305664,25.84249496459961,25.93212127685547,11.63956069946289,14876212
1991-04-15,25.872371673583984,25.902246475219727,25.24498176574707,25.543737411499023,11.465235710144043,12664131
1991-04-16,25.5736141204834,26.111377716064453,25.51386260986328,26.111377716064453,11.720019340515137,8730753
1991-04-17,26.201004028320312,26.469884872436523,26.111377716064453,26.26075553894043,11.787065505981445,8740376
1991-04-18,26.290630340576172,26.469884872436523,26.141252517700195,26.230880737304688,11.77365779876709,6124539
1991-04-19,26.111377716064453,26.35038185119629,26.051624298095703,26.171127319335938,11.74683952331543,8825311
1991-04-22,25.99187469482422,26.141252517700195,25.84249496459961,25.93212127685547,11.63956069946289,6570554
1991-04-23,26.051624298095703,26.081501007080078,25.782743453979492,25.902246475219727,11.626155853271484,3899906
1991-04-24,25.902246475219727,26.02174949645996,25.812620162963867,25.872371673583984,11.61274242401123,6033746
1991-04-25,25.902246475219727,26.081501007080078,25.722991943359375,25.812620162963867,11.58592700958252,4691938
1991-04-26,25.812620162963867,25.872371673583984,25.633365631103516,25.663240432739258,11.51887035369873,4282324
1991-04-29,25.75286865234375,25.782743453979492,25.0059757232666,25.06572723388672,11.250679969787598,7759228
1991-04-30,25.215105056762695,25.215105056762695,24.40846061706543,24.617591857910156,11.049538612365723,13757829
1991-05-01,24.498088836669922,24.976099014282227,24.40846061706543,24.856597900390625,11.156815528869629,8134533
1991-05-02,24.796844482421875,25.33460807800293,24.796844482421875,25.304731369018555,11.35796070098877,6368466
1991-05-03,25.215105056762695,25.454111099243164,24.378585815429688,24.766969680786133,11.116583824157715,13485450
1991-05-06,24.468212127685547,24.766969680786133,24.468212127685547,24.707218170166016,11.220791816711426,4577296
1991-05-07,24.707218170166016,24.73709487915039,24.348709106445312,24.348709106445312,11.05797290802002,5381042
1991-05-08,24.40846061706543,24.856597900390625,24.31883430480957,24.796844482421875,11.261488914489746,5790656
1991-05-09,24.91634750366211,25.304731369018555,24.886472702026367,25.304731369018555,11.492149353027344,6458004
1991-05-10,25.304731369018555,25.33460807800293,24.617591857910156,24.707218170166016,11.220791816711426,5708650
1991-05-13,24.766969680786133,25.33460807800293,24.67734146118164,25.304731369018555,11.492149353027344,5374766
1991-05-14,25.215105056762695,25.394359588623047,25.0059757232666,25.33460807800293,11.50572395324707,8226581
1991-05-15,25.09560203552246,25.125478744506836,24.199331283569336,24.557838439941406,11.152949333190918,11198058
1991-05-16,24.796844482421875,24.91634750366211,24.617591857910156,24.886472702026367,11.302197456359863,5704047
1991-05-17,24.766969680786133,25.0059757232666,24.73709487915039,24.796844482421875,11.261488914489746,8841210
1991-05-20,24.886472702026367,24.91634750366211,24.6474666595459,24.67734146118164,11.207221031188965,3308289
1991-05-21,24.766969680786133,24.91634750366211,24.020076751708984,24.259082794189453,11.017267227172852,7009037
1991-05-22,24.438337326049805,25.0059757232666,24.378585815429688,25.0059757232666,11.35646915435791,9380946
1991-05-23,24.976099014282227,25.0059757232666,24.796844482421875,25.0059757232666,11.35646915435791,5779359
1991-05-24,25.0059757232666,25.125478744506836,24.976099014282227,25.09560203552246,11.397174835205078,3996138
1991-05-28,25.155353546142578,25.18522834777832,24.766969680786133,25.125478744506836,11.41074275970459,6032073
1991-05-29,25.0059757232666,25.0059757232666,24.796844482421875,24.886472702026367,11.302197456359863,6912805
1991-05-30,24.766969680786133,25.125478744506836,24.766969680786133,24.946224212646484,11.32933235168457,5979354
1991-05-31,24.946224212646484,25.454111099243164,24.796844482421875,25.364484786987305,11.519290924072266,7384760
1991-06-03,25.33460807800293,25.663240432739258,25.274856567382812,25.42423439025879,11.546419143676758,5530411
1991-06-04,25.24498176574707,25.33460807800293,25.0059757232666,25.09560203552246,11.397174835205078,5104898
1991-06-05,25.18522834777832,25.215105056762695,24.6474666595459,24.67734146118164,11.207221031188965,6222445
1991-06-06,24.6474666595459,24.766969680786133,24.378585815429688,24.617591857910156,11.180083274841309,5665973
1991-06-07,24.58771514892578,24.617591857910156,24.229206085205078,24.378585815429688,11.071540832519531,7365514
1991-06-10,24.468212127685547,24.557838439941406,24.40846061706543,24.468212127685547,11.11224365234375,4122495
1991-06-11,24.557838439941406,24.73709487915039,24.40846061706543,24.438337326049805,11.098677635192871,4756790
1991-06-12,24.348709106445312,24.378585815429688,24.049951553344727,24.259082794189453,11.017267227172852,7864665
1991-06-13,24.229206085205078,24.229206085205078,23.930448532104492,24.049951553344727,10.922290802001953,7933282
1991-06-14,24.229206085205078,24.288957595825195,23.870698928833008,23.990201950073242,10.89515495300293,9882608
1991-06-17,23.810945510864258,23.90057373046875,23.781070709228516,23.781070709228516,10.800179481506348,682829
1991-06-18,23.840822219848633,24.13957977294922,23.840822219848633,24.109703063964844,10.94942569732666,7265098
1991-06-19,23.960325241088867,24.199331283569336,23.90057373046875,24.13957977294922,10.96300220489502,8714435
1991-06-20,23.601816177368164,23.7213191986084,23.21343231201172,23.691444396972656,10.759474754333496,17095824
1991-06-21,23.7213191986084,23.90057373046875,23.691444396972656,23.810945510864258,10.813751220703125,13155751
1991-06-24,23.691444396972656,23.810945510864258,23.48231315612793,23.512189865112305,10.678071022033691,9813990
1991-06-25,23.571941375732422,23.810945510864258,23.48231315612793,23.751195907592773,10.786614418029785,7176815
1991-06-26,23.691444396972656,23.751195907592773,23.452438354492188,23.571941375732422,10.70521068572998,7116984
1991-06-27,23.601816177368164,23.601816177368164,23.273183822631836,23.332935333251953,10.596656799316406,7586010
1991-06-28,23.24330711364746,23.362810134887695,23.093929290771484,23.21343231201172,10.542381286621094,7412374
1991-07-01,23.332935333251953,23.571941375732422,23.273183822631836,23.512189865112305,10.678071022033691,5625806
1991-07-02,23.48231315612793,23.751195907592773,23.452438354492188,23.691444396972656,10.759474754333496,5060966
1991-07-03,23.601816177368164,23.63169288635254,23.452438354492188,23.452438354492188,10.65092658996582,4046346
1991-07-05,23.452438354492188,23.7213191986084,23.39268684387207,23.571941375732422,10.70521068572998,3284440
1991-07-08,23.422561645507812,24.020076751708984,23.362810134887695,24.020076751708984,10.90872573852539,5817852
1991-07-09,23.990201950073242,24.109703063964844,23.7213191986084,23.781070709228516,10.800179481506348,5278953
1991-07-10,23.870698928833008,23.990201950073242,23.542064666748047,23.601816177368164,10.718766212463379,5449660
1991-07-11,23.63169288635254,23.66156768798828,23.422561645507812,23.48231315612793,10.664499282836914,4967663
1991-07-12,23.66156768798828,23.840822219848633,23.48231315612793,23.751195907592773,10.786614418029785,5880194
1991-07-15,23.781070709228516,23.870698928833008,23.7213191986084,23.7213191986084,10.773045539855957,3568115
1991-07-16,23.781070709228516,23.781070709228516,22.944551467895508,23.093929290771484,10.488113403320312,9208147
1991-07-17,23.004301071166992,23.1536808013916,22.97442626953125,23.004301071166992,10.447409629821777,6473485
1991-07-18,23.093929290771484,23.512189865112305,22.854923248291016,23.48231315612793,10.664499282836914,9870893
1991-07-19,23.90057373046875,24.109703063964844,23.542064666748047,24.020076751708984,10.90872573852539,10765014
1991-07-22,24.13957977294922,24.40846061706543,24.109703063964844,24.378585815429688,11.071540832519531,7645842
1991-07-23,24.557838439941406,24.617591857910156,24.049951553344727,24.049951553344727,10.922290802001953,5494429
1991-07-24,24.0798282623291,24.229206085205078,23.90057373046875,24.0798282623291,10.935864448547363,4525414
1991-07-25,24.199331283569336,24.288957595825195,24.020076751708984,24.020076751708984,10.90872573852539,3533388
1991-07-26,24.049951553344727,24.13957977294922,23.930448532104492,24.020076751708984,10.90872573852539,2678597
1991-07-29,24.020076751708984,24.229206085205078,23.990201950073242,24.229206085205078,11.00369930267334,3477322
1991-07-30,24.31883430480957,24.378585815429688,23.990201950073242,24.288957595825195,11.030832290649414,4519138
1991-07-31,24.348709106445312,24.40846061706543,24.16945457458496,24.199331283569336,10.990129470825195,3648866
1991-08-01,24.13957977294922,24.31883430480957,24.0798282623291,24.199331283569336,10.990129470825195,3778152
1991-08-02,24.259082794189453,24.288957595825195,23.960325241088867,23.990201950073242,10.89515495300293,3732965
1991-08-05,23.990201950073242,24.199331283569336,23.990201950073242,24.13957977294922,10.96300220489502,5214101
1991-08-06,23.960325241088867,24.0798282623291,23.810945510864258,23.990201950073242,11.027266502380371,5861366
1991-08-07,23.990201950073242,24.020076751708984,23.66156768798828,23.66156768798828,10.876202583312988,4854695
1991-08-08,23.691444396972656,23.840822219848633,23.66156768798828,23.7213191986084,10.903668403625488,4431693
1991-08-09,23.7213191986084,23.810945510864258,23.601816177368164,23.63169288635254,10.862476348876953,3516652
1991-08-12,23.63169288635254,23.781070709228516,23.571941375732422,23.571941375732422,10.835012435913086,3278164
1991-08-13,23.66156768798828,23.870698928833008,23.512189865112305,23.66156768798828,10.876202583312988,5324977
1991-08-14,23.751195907592773,23.751195907592773,23.512189865112305,23.542064666748047,10.821274757385254,4692356
1991-08-15,23.542064666748047,23.66156768798828,23.452438354492188,23.512189865112305,10.807544708251953,3361007
1991-08-16,23.512189865112305,23.571941375732422,23.064054489135742,23.064054489135742,10.601560592651367,7032886
1991-08-19,22.28728485107422,22.854923248291016,21.988527297973633,22.70554542541504,10.436760902404785,12636098
1991-08-20,23.004301071166992,23.004301071166992,22.73542022705078,22.884798049926758,10.519157409667969,6822849
1991-08-21,22.97442626953125,23.034177780151367,22.46653938293457,22.854923248291016,10.505428314208984,11832770
1991-08-22,22.854923248291016,23.034177780151367,22.496414184570312,22.55616569519043,10.3681058883667,9060452
1991-08-23,22.55616569519043,22.97442626953125,22.55616569519043,22.675668716430664,10.423027038574219,7129954
1991-08-26,22.73542022705078,22.854923248291016,22.645793914794922,22.73542022705078,10.450496673583984,3745935
1991-08-27,22.765296936035156,22.854923248291016,22.615917205810547,22.765296936035156,10.464228630065918,5265982
1991-08-28,22.73542022705078,22.765296936035156,22.526290893554688,22.586042404174805,10.381831169128418,6764273
1991-08-29,22.645793914794922,22.914674758911133,22.46653938293457,22.825048446655273,10.491695404052734,9390151
1991-08-30,22.884798049926758,23.21343231201172,22.884798049926758,23.1536808013916,10.642748832702637,5615346
1991-09-03,23.362810134887695,23.63169288635254,23.332935333251953,23.422561645507812,10.766345977783203,6938746
1991-09-04,23.512189865112305,23.7213191986084,23.332935333251953,23.571941375732422,10.835012435913086,6700258
1991-09-05,23.571941375732422,23.691444396972656,23.332935333251953,23.48231315612793,10.793807983398438,4160988
1991-09-06,23.48231315612793,23.810945510864258,23.362810134887695,23.751195907592773,10.917404174804688,5464722
1991-09-09,23.781070709228516,24.16945457458496,23.781070709228516,24.13957977294922,11.09593391418457,4949254
1991-09-10,24.199331283569336,24.199331283569336,23.7213191986084,23.810945510864258,10.944872856140137,7102758
1991-09-11,23.90057373046875,24.229206085205078,23.810945510864258,24.229206085205078,11.137127876281738,6643774
1991-09-12,24.468212127685547,24.856597900390625,24.438337326049805,24.856597900390625,11.425507545471191,9368394
1991-09-13,24.766969680786133,24.796844482421875,24.259082794189453,24.58771514892578,11.30191707611084,7909852
1991-09-16,24.58771514892578,24.946224212646484,24.58771514892578,24.766969680786133,11.384315490722656,7703162
1991-09-17,24.707218170166016,25.06572723388672,24.67734146118164,25.06572723388672,11.521637916564941,5833751
1991-09-18,24.976099014282227,25.215105056762695,24.976099014282227,25.18522834777832,11.576560974121094,5918686
1991-09-19,25.18522834777832,25.42423439025879,25.035850524902344,25.06572723388672,11.521637916564941,7296059
1991-09-20,25.06572723388672,25.125478744506836,24.856597900390625,24.91634750366211,11.452966690063477,7886003
1991-09-23,24.91634750366211,25.0059757232666,24.886472702026367,25.0059757232666,11.494169235229492,3274398
1991-09-24,25.06572723388672,25.304731369018555,24.886472702026367,25.304731369018555,11.63149642944336,6272653
1991-09-25,25.24498176574707,25.274856567382812,25.035850524902344,25.09560203552246,11.535367012023926,3356823
1991-09-26,24.976099014282227,25.274856567382812,24.91634750366211,25.06572723388672,11.521637916564941,3960993
1991-09-27,25.0059757232666,25.18522834777832,24.378585815429688,24.438337326049805,11.233250617980957,6657162
1991-09-30,24.468212127685547,24.91634750366211,24.199331283569336,24.766969680786133,11.384315490722656,5163474
1991-10-01,24.766969680786133,24.796844482421875,24.498088836669922,24.527963638305664,11.274447441101074,2938423
1991-10-02,24.498088836669922,24.498088836669922,24.0798282623291,24.16945457458496,11.109657287597656,4371025
1991-10-03,24.109703063964844,24.13957977294922,23.66156768798828,23.66156768798828,10.876202583312988,5418280
1991-10-04,23.691444396972656,23.810945510864258,23.452438354492188,23.48231315612793,10.793807983398438,5523717
1991-10-07,23.512189865112305,23.751195907592773,23.48231315612793,23.63169288635254,10.862476348876953,5345478
1991-10-08,23.691444396972656,23.751195907592773,23.332935333251953,23.422561645507812,10.766345977783203,6019939
1991-10-09,23.362810134887695,23.48231315612793,23.123804092407227,23.24330711364746,10.68394947052002,7989348
1991-10-10,23.332935333251953,23.870698928833008,23.183555603027344,23.840822219848633,10.958601951599121,5929565
1991-10-11,23.90057373046875,24.020076751708984,23.781070709228516,23.870698928833008,10.972339630126953,3738822
1991-10-14,23.7213191986084,24.288957595825195,23.691444396972656,24.199331283569336,11.123396873474121,3309544
1991-10-15,24.348709106445312,25.035850524902344,23.840822219848633,24.91634750366211,11.452966690063477,12692582
1991-10-16,24.796844482421875,24.796844482421875,24.229206085205078,24.288957595825195,11.16458797454834,8476366
1991-10-17,24.13957977294922,24.199331283569336,23.751195907592773,23.870698928833008,10.972339630126953,6827870
1991-10-18,23.90057373046875,23.990201950073242,23.810945510864258,23.990201950073242,11.027266502380371,5504889
1991-10-21,23.960325241088867,24.13957977294922,23.870698928833008,23.960325241088867,11.013540267944336,3938399
1991-10-22,23.960325241088867,24.020076751708984,23.542064666748047,23.542064666748047,10.821274757385254,4834194
1991-10-23,23.571941375732422,23.601816177368164,23.24330711364746,23.542064666748047,10.821274757385254,6614904
1991-10-24,23.422561645507812,23.691444396972656,23.332935333251953,23.48231315612793,10.793807983398438,4065174
1991-10-25,23.48231315612793,23.571941375732422,23.303058624267578,23.422561645507812,10.766345977783203,4163498
1991-10-28,23.48231315612793,23.571941375732422,23.422561645507812,23.48231315612793,10.793807983398438,3753885
1991-10-29,23.512189865112305,23.751195907592773,23.303058624267578,23.63169288635254,10.862476348876953,4938794
1991-10-30,23.66156768798828,23.960325241088867,23.63169288635254,23.960325241088867,11.013540267944336,6389386
1991-10-31,23.930448532104492,23.990201950073242,23.48231315612793,23.48231315612793,10.793807983398438,4738380
1991-11-01,23.512189865112305,23.751195907592773,23.362810134887695,23.512189865112305,10.807544708251953,8945392
1991-11-04,23.183555603027344,23.362810134887695,23.093929290771484,23.183555603027344,10.789186477661133,4773526
1991-11-05,23.24330711364746,23.362810134887695,23.093929290771484,23.093929290771484,10.747480392456055,4901974
1991-11-06,23.123804092407227,23.24330711364746,23.034177780151367,23.093929290771484,10.747480392456055,4216635
1991-11-07,23.512189865112305,23.90057373046875,23.48231315612793,23.870698928833008,11.108980178833008,7946253
1991-11-08,24.13957977294922,24.229206085205078,23.90057373046875,23.960325241088867,11.150687217712402,5794840
1991-11-11,23.930448532104492,24.0798282623291,23.870698928833008,23.930448532104492,11.1367769241333,2779431
1991-11-12,23.960325241088867,24.049951553344727,23.691444396972656,23.751195907592773,11.053360939025879,4811600
1991-11-13,23.571941375732422,23.691444396972656,23.512189865112305,23.63169288635254,10.997748374938965,3860158
1991-11-14,23.691444396972656,23.930448532104492,23.512189865112305,23.90057373046875,11.122869491577148,4612860
1991-11-15,23.90057373046875,23.930448532104492,22.944551467895508,23.004301071166992,10.705772399902344,8189343
1991-11-18,23.1536808013916,23.362810134887695,23.004301071166992,23.24330711364746,10.817000389099121,7160916
1991-11-19,23.093929290771484,23.123804092407227,22.70554542541504,23.064054489135742,10.7335786819458,8888071
1991-11-20,23.183555603027344,23.273183822631836,22.7951717376709,22.825048446655273,10.622345924377441,5640869
1991-11-21,22.73542022705078,23.123804092407227,22.73542022705078,22.7951717376709,10.608442306518555,6388968
1991-11-22,22.7951717376709,22.944551467895508,22.615917205810547,22.645793914794922,10.538928031921387,5722875
1991-11-25,22.70554542541504,22.854923248291016,22.615917205810547,22.73542022705078,10.58063793182373,4449684
1991-11-26,22.854923248291016,23.452438354492188,22.615917205810547,23.39268684387207,10.886515617370605,8149177
1991-11-27,23.093929290771484,23.21343231201172,22.496414184570312,22.526290893554688,10.483311653137207,7547518
1991-11-29,22.436662673950195,22.436662673950195,22.078155517578125,22.108030319213867,10.288662910461426,6871802
1991-12-02,21.77939796447754,22.078155517578125,21.659894943237305,22.04827880859375,10.260854721069336,9823195
1991-12-03,21.928775787353516,22.018402099609375,21.749521255493164,21.80927276611328,10.14962387084961,6542102
1991-12-04,21.839149475097656,21.8690242767334,21.510515213012695,21.510515213012695,10.01058292388916,9790560
1991-12-05,21.54039192199707,21.77939796447754,21.54039192199707,21.570268630981445,10.0383939743042,7919475
1991-12-06,21.510515213012695,21.570268630981445,21.27151107788086,21.27151107788086,9.899359703063965,11282574
1991-12-09,21.36113739013672,21.45076560974121,20.225860595703125,20.34536361694336,9.468348503112793,16297098
1991-12-10,20.405115127563477,20.673995971679688,19.956979751586914,20.61424446105957,9.593485832214355,20949288
1991-12-11,20.793498992919922,21.002628326416016,20.464866638183594,20.972753524780273,9.760327339172363,10837397
1991-12-12,21.152008056640625,21.331262588500977,21.03250503540039,21.181882858276367,9.857650756835938,8757530
1991-12-13,21.211759567260742,21.241634368896484,20.85325050354004,21.03250503540039,9.788128852844238,7444591
1991-12-16,20.972753524780273,21.03250503540039,20.733747482299805,20.763622283935547,9.662995338439941,5406146
1991-12-17,20.733747482299805,20.793498992919922,20.3752384185791,20.43498992919922,9.510050773620605,6200688
1991-12-18,20.43498992919922,20.763622283935547,20.285612106323242,20.61424446105957,9.593485832214355,7974704
1991-12-19,20.464866638183594,20.52461814880371,20.195985794067383,20.285612106323242,9.440546989440918,7959642
1991-12-20,20.554492950439453,20.61424446105957,20.315488815307617,20.494741439819336,9.537866592407227,13486287
1991-12-23,20.52461814880371,21.152008056640625,20.43498992919922,21.092256546020508,9.815939903259277,9798091
1991-12-24,21.092256546020508,21.510515213012695,21.002628326416016,21.092256546020508,9.815939903259277,7193133
1991-12-26,21.092256546020508,21.241634368896484,20.913002014160156,21.092256546020508,9.815939903259277,5141299
1991-12-27,21.12213134765625,21.420888900756836,21.12213134765625,21.36113739013672,9.941070556640625,6447544
1991-12-30,21.45076560974121,21.68977165222168,21.3013858795166,21.600143432617188,10.052298545837402,8142901
1991-12-31,21.54039192199707,21.77939796447754,21.241634368896484,21.27151107788086,9.899359703063965,7976796
1992-01-02,21.27151107788086,21.659894943237305,21.241634368896484,21.570268630981445,10.0383939743042,7451286
1992-01-03,21.570268630981445,21.77939796447754,21.510515213012695,21.600143432617188,10.052298545837402,6069310
1992-01-06,21.749521255493164,22.257408142089844,21.719646453857422,22.04827880859375,10.260854721069336,9198524
1992-01-07,21.988527297973633,22.645793914794922,21.95865249633789,22.615917205810547,10.525020599365234,8255032
1992-01-08,22.46653938293457,22.70554542541504,22.04827880859375,22.078155517578125,10.274759292602539,10526526
1992-01-09,22.13790512084961,22.526290893554688,21.80927276611328,21.80927276611328,10.14962387084961,8535778
1992-01-10,21.839149475097656,22.108030319213867,21.659894943237305,21.719646453857422,10.107913970947266,6742516
1992-01-13,21.68977165222168,21.719646453857422,21.45076560974121,21.570268630981445,10.0383939743042,5578527
1992-01-14,21.600143432617188,22.108030319213867,21.570268630981445,22.078155517578125,10.274759292602539,5599866
1992-01-15,22.46653938293457,22.884798049926758,22.347036361694336,22.7951717376709,10.608442306518555,12986718
1992-01-16,22.73542022705078,23.21343231201172,22.70554542541504,22.825048446655273,10.622345924377441,9427389
1992-01-17,22.70554542541504,23.452438354492188,22.13790512084961,23.034177780151367,10.719672203063965,14987088
1992-01-20,23.004301071166992,23.034177780151367,22.765296936035156,22.765296936035156,10.59454345703125,5062222
1992-01-21,22.765296936035156,22.825048446655273,22.19765853881836,22.19765853881836,10.330370903015137,5968058
1992-01-22,22.19765853881836,22.854923248291016,22.19765853881836,22.854923248291016,10.636252403259277,5327906
1992-01-23,22.825048446655273,22.914674758911133,22.28728485107422,22.347036361694336,10.399890899658203,5603213
1992-01-24,22.376911163330078,22.526290893554688,22.257408142089844,22.257408142089844,10.358174324035645,4415375
1992-01-27,22.347036361694336,22.46653938293457,22.317161560058594,22.406787872314453,10.42770004272461,3004112
1992-01-28,22.436662673950195,22.46653938293457,22.19765853881836,22.28728485107422,10.372087478637695,4094044
1992-01-29,22.167781829833984,22.496414184570312,21.898900985717773,21.95865249633789,10.21914005279541,6019102
1992-01-30,22.018402099609375,22.108030319213867,21.839149475097656,21.928775787353516,10.205239295959473,4383158
1992-01-31,21.95865249633789,21.988527297973633,21.510515213012695,21.510515213012695,10.01058292388916,6236252
1992-02-03,21.510515213012695,21.839149475097656,21.331262588500977,21.839149475097656,10.163527488708496,6356751
1992-02-04,21.77939796447754,22.04827880859375,21.510515213012695,22.04827880859375,10.260854721069336,6286878
1992-02-05,21.928775787353516,22.018402099609375,21.749521255493164,21.80927276611328,10.14962387084961,6830380
1992-02-06,21.600143432617188,21.719646453857422,21.420888900756836,21.480640411376953,10.131025314331055,5864713
1992-02-07,21.510515213012695,21.600143432617188,21.181882858276367,21.331262588500977,10.060571670532227,7214053
1992-02-10,21.420888900756836,21.480640411376953,21.3013858795166,21.45076560974121,10.116935729980469,3957227
1992-02-11,21.45076560974121,21.719646453857422,21.45076560974121,21.570268630981445,10.173295974731445,4730849
1992-02-12,21.63001823425293,22.078155517578125,21.480640411376953,22.018402099609375,10.384650230407715,6616996
1992-02-13,22.167781829833984,22.28728485107422,21.54039192199707,21.68977165222168,10.229652404785156,8175536
1992-02-14,21.63001823425293,21.77939796447754,21.39101219177246,21.45076560974121,10.116935729980469,5418698
1992-02-18,21.510515213012695,21.77939796447754,21.3013858795166,21.420888900756836,10.1028413772583,5499868
1992-02-19,21.510515213012695,21.68977165222168,21.36113739013672,21.420888900756836,10.1028413772583,4804906
1992-02-20,21.45076560974121,21.659894943237305,21.3013858795166,21.45076560974121,10.116935729980469,5703629
1992-02-21,21.45076560974121,21.600143432617188,21.331262588500977,21.480640411376953,10.131025314331055,6050482
1992-02-24,21.480640411376953,21.570268630981445,21.211759567260742,21.36113739013672,10.074663162231445,4420396
1992-02-25,21.331262588500977,21.331262588500977,21.062379837036133,21.092256546020508,9.947851181030273,6609883
1992-02-26,21.12213134765625,21.181882858276367,20.94287872314453,21.092256546020508,9.947851181030273,6507375
1992-02-27,21.03250503540039,21.12213134765625,20.913002014160156,20.972753524780273,9.89148998260498,6199014
1992-02-28,21.12213134765625,21.181882858276367,20.703872680664062,20.763622283935547,9.792852401733398,7310285
1992-03-02,20.763622283935547,20.972753524780273,20.61424446105957,20.913002014160156,9.86330795288086,6030818
1992-03-03,20.94287872314453,21.181882858276367,20.823375701904297,21.092256546020508,9.947851181030273,6599423
1992-03-04,21.092256546020508,21.420888900756836,20.88312530517578,20.88312530517578,9.849220275878906,7541660
1992-03-05,20.733747482299805,21.062379837036133,20.673995971679688,20.703872680664062,9.764671325683594,6935817
1992-03-06,20.733747482299805,20.85325050354004,20.554492950439453,20.644119262695312,9.736495018005371,7584755
1992-03-09,20.644119262695312,20.88312530517578,20.34536361694336,20.88312530517578,9.849220275878906,6605699
1992-03-10,20.972753524780273,21.12213134765625,20.913002014160156,21.002628326416016,9.905574798583984,5287739
1992-03-11,21.002628326416016,21.12213134765625,20.823375701904297,20.972753524780273,9.89148998260498,5094438
1992-03-12,20.94287872314453,21.3013858795166,20.94287872314453,21.3013858795166,10.046480178833008,5647145
1992-03-13,21.570268630981445,21.570268630981445,21.3013858795166,21.420888900756836,10.1028413772583,5620786
1992-03-16,21.331262588500977,21.420888900756836,21.092256546020508,21.211759567260742,10.0042085647583,4082747
1992-03-17,21.211759567260742,21.241634368896484,20.88312530517578,20.94287872314453,9.877400398254395,6157593
1992-03-18,20.88312530517578,21.152008056640625,20.85325050354004,20.913002014160156,9.86330795288086,4489850
1992-03-19,20.52461814880371,20.823375701904297,20.464866638183594,20.52461814880371,9.680132865905762,8045414
1992-03-20,20.52461814880371,20.703872680664062,20.494741439819336,20.584369659423828,9.708308219909668,8210682
1992-03-23,20.554492950439453,20.733747482299805,20.464866638183594,20.464866638183594,9.651952743530273,5225816
1992-03-24,20.494741439819336,20.554492950439453,20.315488815307617,20.3752384185791,9.60968017578125,7671364
1992-03-25,20.34536361694336,20.554492950439453,20.255735397338867,20.34536361694336,9.595588684082031,5503215
1992-03-26,20.405115127563477,20.405115127563477,20.10635757446289,20.10635757446289,9.482868194580078,6652978
1992-03-27,20.07648277282715,20.166109085083008,19.867351531982422,19.897228240966797,9.384230613708496,8966730
1992-03-30,19.92710304260254,20.046606063842773,19.867351531982422,19.92710304260254,9.398324012756348,5650492
1992-03-31,19.92710304260254,20.285612106323242,19.92710304260254,19.956979751586914,9.412410736083984,6777243
1992-04-01,19.956979751586914,19.956979751586914,19.777725219726562,19.807600021362305,9.34195613861084,8236622
1992-04-02,19.897228240966797,19.956979751586914,19.56859588623047,19.658222198486328,9.271512031555176,8672595
1992-04-03,19.628345489501953,19.688098907470703,19.538719177246094,19.538719177246094,9.2151517868042,7227860
1992-04-06,19.59847068786621,19.867351531982422,19.50884246826172,19.867351531982422,9.370139122009277,5946719
1992-04-07,19.92710304260254,20.285612106323242,19.658222198486328,19.688098907470703,9.285600662231445,8060058
1992-04-08,19.747848510742188,20.315488815307617,19.747848510742188,20.285612106323242,9.567412376403809,12636098
1992-04-09,20.405115127563477,20.52461814880371,20.225860595703125,20.34536361694336,9.595588684082031,9521110
1992-04-10,20.464866638183594,20.584369659423828,20.195985794067383,20.554492950439453,9.694219589233398,8589334
1992-04-13,20.584369659423828,20.913002014160156,20.52461814880371,20.913002014160156,9.86330795288086,7164263
1992-04-14,21.39101219177246,21.45076560974121,21.03250503540039,21.092256546020508,9.947851181030273,13876654
1992-04-15,21.211759567260742,21.241634368896484,20.94287872314453,21.152008056640625,9.976029396057129,9270070
1992-04-16,21.152008056640625,21.181882858276367,20.913002014160156,21.181882858276367,9.990123748779297,8632010
1992-04-20,21.152008056640625,21.45076560974121,21.092256546020508,21.39101219177246,10.088754653930664,7501075
1992-04-21,21.420888900756836,21.570268630981445,21.39101219177246,21.510515213012695,10.145112037658691,8858365
1992-04-22,21.480640411376953,21.54039192199707,21.420888900756836,21.54039192199707,10.159207344055176,5543382
1992-04-23,21.510515213012695,21.659894943237305,21.27151107788086,21.331262588500977,10.060571670532227,6173074
1992-04-24,21.3013858795166,21.331262588500977,21.062379837036133,21.062379837036133,9.933759689331055,4155130
1992-04-27,21.002628326416016,21.211759567260742,20.972753524780273,21.062379837036133,9.933759689331055,4187766
1992-04-28,21.062379837036133,21.152008056640625,20.88312530517578,21.152008056640625,9.976029396057129,4639638
1992-04-29,21.241634368896484,21.241634368896484,20.972753524780273,21.062379837036133,9.933759689331055,5307822
1992-04-30,21.152008056640625,21.68977165222168,21.092256546020508,21.68977165222168,10.229652404785156,7037070
1992-05-01,21.80927276611328,22.018402099609375,21.600143432617188,21.659894943237305,10.215570449829102,8679290
1992-05-04,22.108030319213867,22.2275333404541,22.018402099609375,22.108030319213867,10.42692756652832,9795581
1992-05-05,22.108030319213867,22.46653938293457,22.078155517578125,22.436662673950195,10.581918716430664,8555862
1992-05-06,22.46653938293457,22.496414184570312,22.257408142089844,22.317161560058594,10.525552749633789,8489754
1992-05-07,22.167781829833984,22.496414184570312,22.167781829833984,22.406787872314453,10.706567764282227,7931609
1992-05-08,22.496414184570312,22.526290893554688,22.257408142089844,22.257408142089844,10.635188102722168,5960945
1992-05-11,22.347036361694336,22.55616569519043,22.317161560058594,22.436662673950195,10.720842361450195,6894395
1992-05-12,22.406787872314453,22.436662673950195,22.2275333404541,22.347036361694336,10.678018569946289,5368072
1992-05-13,22.347036361694336,22.376911163330078,22.078155517578125,22.078155517578125,10.549539566040039,5808229
1992-05-14,22.018402099609375,22.04827880859375,21.749521255493164,21.928775787353516,10.478165626525879,6148388
1992-05-15,21.839149475097656,22.018402099609375,21.77939796447754,21.898900985717773,10.463889122009277,6703186
1992-05-18,21.898900985717773,21.95865249633789,21.63001823425293,21.68977165222168,10.363962173461914,4894862
1992-05-19,21.719646453857422,22.108030319213867,21.659894943237305,22.108030319213867,10.563817977905273,5142136
1992-05-20,22.078155517578125,22.167781829833984,21.8690242767334,21.898900985717773,10.463889122009277,4838796
1992-05-21,21.839149475097656,21.898900985717773,21.659894943237305,21.8690242767334,10.449617385864258,3907438
1992-05-22,21.8690242767334,22.04827880859375,21.80927276611328,21.928775787353516,10.478165626525879,3512050
1992-05-26,21.80927276611328,21.8690242767334,21.600143432617188,21.63001823425293,10.335409164428711,4054714
1992-05-27,21.600143432617188,21.749521255493164,21.54039192199707,21.719646453857422,10.378238677978516,3796980
1992-05-28,21.719646453857422,21.8690242767334,21.600143432617188,21.77939796447754,10.406784057617188,3401592
1992-05-29,21.839149475097656,21.988527297973633,21.68977165222168,21.68977165222168,10.363962173461914,4329185
1992-06-01,21.63001823425293,21.80927276611328,21.54039192199707,21.659894943237305,10.349686622619629,4902811
1992-06-02,21.659894943237305,21.749521255493164,21.600143432617188,21.659894943237305,10.349686622619629,4295294
1992-06-03,21.659894943237305,21.68977165222168,21.45076560974121,21.45076560974121,10.249756813049316,4724154
1992-06-04,21.420888900756836,21.45076560974121,21.241634368896484,21.27151107788086,10.164107322692871,4376464
1992-06-05,21.181882858276367,21.68977165222168,21.092256546020508,21.600143432617188,10.32112979888916,6456749
1992-06-08,21.600143432617188,21.80927276611328,21.600143432617188,21.749521255493164,10.392512321472168,4060990
1992-06-09,21.749521255493164,21.749521255493164,21.600143432617188,21.659894943237305,10.349686622619629,3682338
1992-06-10,21.63001823425293,21.77939796447754,21.54039192199707,21.54039192199707,10.292583465576172,7506514
1992-06-11,21.63001823425293,22.018402099609375,21.600143432617188,21.988527297973633,10.506718635559082,8223234
1992-06-12,22.108030319213867,22.436662673950195,22.04827880859375,22.2275333404541,10.620915412902832,11684238
1992-06-15,22.108030319213867,22.496414184570312,22.108030319213867,22.496414184570312,10.749398231506348,7835377
1992-06-16,22.46653938293457,22.46653938293457,22.19765853881836,22.257408142089844,10.635188102722168,7137067
1992-06-17,22.19765853881836,22.436662673950195,22.018402099609375,22.13790512084961,10.578084945678711,7711949
1992-06-18,22.317161560058594,22.914674758911133,22.257408142089844,22.586042404174805,10.792220115661621,13354073
1992-06-19,22.70554542541504,22.825048446655273,22.645793914794922,22.70554542541504,10.849321365356445,9834492
1992-06-22,22.645793914794922,22.7951717376709,22.615917205810547,22.765296936035156,10.877875328063965,7778893
1992-06-23,22.825048446655273,23.034177780151367,22.765296936035156,22.914674758911133,10.949257850646973,8717782
1992-06-24,23.034177780151367,23.39268684387207,23.004301071166992,23.332935333251953,11.149107933044434,8874682
1992-06-25,23.332935333251953,23.48231315612793,23.093929290771484,23.21343231201172,11.092007637023926,7681824
1992-06-26,23.123804092407227,23.273183822631836,23.064054489135742,23.24330711364746,11.106289863586426,4378138
1992-06-29,23.39268684387207,23.571941375732422,23.362810134887695,23.571941375732422,11.263319969177246,5417862
1992-06-30,23.571941375732422,23.571941375732422,23.362810134887695,23.39268684387207,11.177659034729004,4472696
1992-07-01,23.39268684387207,23.542064666748047,23.362810134887695,23.48231315612793,11.22048282623291,6388550
1992-07-02,23.48231315612793,23.48231315612793,23.1536808013916,23.1536808013916,11.063457489013672,5319119
1992-07-06,23.21343231201172,23.48231315612793,23.183555603027344,23.452438354492188,11.206206321716309,4806161
1992-07-07,23.452438354492188,23.601816177368164,23.093929290771484,23.123804092407227,11.04918384552002,5663462
1992-07-08,23.123804092407227,23.39268684387207,23.123804092407227,23.39268684387207,11.177659034729004,5243807
1992-07-09,23.362810134887695,23.512189865112305,23.303058624267578,23.303058624267578,11.134836196899414,4771434
1992-07-10,23.362810134887695,23.39268684387207,23.064054489135742,23.332935333251953,11.149107933044434,3832962
1992-07-13,23.422561645507812,23.63169288635254,23.332935333251953,23.39268684387207,11.177659034729004,4992349
1992-07-14,23.39268684387207,23.512189865112305,23.303058624267578,23.39268684387207,11.177659034729004,3853464
1992-07-15,23.422561645507812,23.751195907592773,23.422561645507812,23.7213191986084,11.334688186645508,8715272
1992-07-16,23.66156768798828,23.990201950073242,23.66156768798828,23.960325241088867,11.448896408081055,10714806
1992-07-17,23.183555603027344,23.273183822631836,22.615917205810547,22.70554542541504,10.849321365356445,24842500
1992-07-20,22.28728485107422,22.317161560058594,22.167781829833984,22.19765853881836,10.606642723083496,12159959
1992-07-21,22.257408142089844,22.526290893554688,22.19765853881836,22.406787872314453,10.706567764282227,8326578
1992-07-22,22.347036361694336,22.46653938293457,22.108030319213867,22.108030319213867,10.563817977905273,6427042
1992-07-23,22.167781829833984,22.28728485107422,22.13790512084961,22.167781829833984,10.59237003326416,4475206
1992-07-24,22.13790512084961,22.376911163330078,22.078155517578125,22.167781829833984,10.59237003326416,6432063
1992-07-27,22.167781829833984,22.28728485107422,22.078155517578125,22.078155517578125,10.549539566040039,3653887
1992-07-28,22.13790512084961,22.46653938293457,22.078155517578125,22.406787872314453,10.706567764282227,4832938
1992-07-29,22.615917205810547,22.675668716430664,22.526290893554688,22.55616569519043,10.777949333190918,6640845
1992-07-30,22.55616569519043,22.825048446655273,22.55616569519043,22.7951717376709,10.892151832580566,4666415
1992-07-31,22.675668716430664,22.73542022705078,22.586042404174805,22.645793914794922,10.820775985717773,3436738
1992-08-03,22.586042404174805,22.765296936035156,22.55616569519043,22.675668716430664,10.835051536560059,2777758
1992-08-04,22.645793914794922,22.675668716430664,22.526290893554688,22.526290893554688,10.763671875,2656003
1992-08-05,22.13790512084961,22.2275333404541,21.839149475097656,21.898900985717773,10.463889122009277,11054965
1992-08-06,21.510515213012695,21.54039192199707,21.062379837036133,21.092256546020508,10.213325500488281,14358233
1992-08-07,21.12213134765625,21.181882858276367,20.703872680664062,20.823375701904297,10.083127975463867,11726915
1992-08-10,20.85325050354004,21.211759567260742,20.85325050354004,21.152008056640625,10.242263793945312,6709044
1992-08-11,21.12213134765625,21.181882858276367,20.972753524780273,21.03250503540039,10.184391021728516,6171818
1992-08-12,21.062379837036133,21.27151107788086,21.03250503540039,21.12213134765625,10.227797508239746,6035420
1992-08-13,21.181882858276367,21.3013858795166,21.002628326416016,21.062379837036133,10.198859214782715,5622878
1992-08-14,21.12213134765625,21.211759567260742,21.092256546020508,21.12213134765625,10.227797508239746,4178142
1992-08-17,21.241634368896484,21.3013858795166,21.152008056640625,21.181882858276367,10.256731033325195,3053902
1992-08-18,21.181882858276367,21.181882858276367,21.002628326416016,21.03250503540039,10.184391021728516,3465189
1992-08-19,21.092256546020508,21.152008056640625,20.673995971679688,20.703872680664062,10.025261878967285,5613254
1992-08-20,20.703872680664062,20.763622283935547,20.43498992919922,20.52461814880371,9.938468933105469,6051319
1992-08-21,20.644119262695312,20.673995971679688,20.494741439819336,20.554492950439453,9.952930450439453,7720735
1992-08-24,20.464866638183594,20.61424446105957,20.315488815307617,20.34536361694336,9.851669311523438,5963874
1992-08-25,20.405115127563477,20.823375701904297,20.3752384185791,20.823375701904297,10.083127975463867,7959642
1992-08-26,20.793498992919922,20.823375701904297,20.61424446105957,20.644119262695312,9.996329307556152,3385274
1992-08-27,20.733747482299805,20.88312530517578,20.644119262695312,20.88312530517578,10.112069129943848,4921639
1992-08-28,20.88312530517578,20.88312530517578,20.703872680664062,20.85325050354004,10.09760570526123,3295737
1992-08-31,20.913002014160156,20.913002014160156,20.673995971679688,20.703872680664062,10.025261878967285,4137976
1992-09-01,20.703872680664062,20.94287872314453,20.673995971679688,20.94287872314453,10.141000747680664,4035050
1992-09-02,20.913002014160156,20.94287872314453,20.733747482299805,20.913002014160156,10.126533508300781,3339669
1992-09-03,20.972753524780273,20.972753524780273,20.703872680664062,20.703872680664062,10.025261878967285,4930426
1992-09-04,20.61424446105957,20.703872680664062,20.52461814880371,20.554492950439453,9.952930450439453,3295737
1992-09-08,20.52461814880371,20.644119262695312,20.52461814880371,20.584369659423828,9.967398643493652,3189045
1992-09-09,20.61424446105957,20.763622283935547,20.61424446105957,20.763622283935547,10.054198265075684,3581922
1992-09-10,20.793498992919922,20.913002014160156,20.703872680664062,20.913002014160156,10.126533508300781,4588593
1992-09-11,20.85325050354004,21.092256546020508,20.823375701904297,21.03250503540039,10.184391021728516,4299478
1992-09-14,21.181882858276367,21.211759567260742,21.062379837036133,21.12213134765625,10.227797508239746,5584803
1992-09-15,20.793498992919922,20.793498992919922,20.405115127563477,20.43498992919922,9.895061492919922,7651281
1992-09-16,20.07648277282715,20.195985794067383,19.717973709106445,19.867351531982422,9.620200157165527,20153910
1992-09-17,19.897228240966797,20.0167293548584,19.777725219726562,20.0167293548584,9.692541122436523,9998086
1992-09-18,19.92710304260254,20.07648277282715,19.897228240966797,19.956979751586914,9.663605690002441,9692654
1992-09-21,20.046606063842773,20.195985794067383,20.046606063842773,20.166109085083008,9.764869689941406,5256359
1992-09-22,20.166109085083008,20.225860595703125,19.867351531982422,19.897228240966797,9.63467025756836,6310309
1992-09-23,19.92710304260254,20.0167293548584,19.897228240966797,19.986854553222656,9.678068161010742,4654700
1992-09-24,20.0167293548584,20.0167293548584,19.658222198486328,19.717973709106445,9.54787540435791,6682685
1992-09-25,19.717973709106445,19.867351531982422,19.59847068786621,19.658222198486328,9.518940925598145,6883098
1992-09-28,19.59847068786621,19.807600021362305,19.59847068786621,19.777725219726562,9.576803207397461,4800303
1992-09-29,19.658222198486328,19.777725219726562,19.359464645385742,19.359464645385742,9.374275207519531,8952505
1992-09-30,19.210086822509766,19.449092864990234,19.120458602905273,19.299713134765625,9.345340728759766,12580451
1992-10-01,19.359464645385742,19.389339447021484,19.120458602905273,19.15033531188965,9.273009300231934,8942045
1992-10-02,19.18021011352539,19.239961624145508,18.702199935913086,18.76194953918457,9.084945678710938,13758247
1992-10-05,18.67232322692871,18.851577758789062,18.044933319091797,18.851577758789062,9.128347396850586,16115094
1992-10-06,18.91132926940918,19.210086822509766,18.791826248168945,19.060707092285156,9.229608535766602,7558814
1992-10-07,19.09058380126953,19.120458602905273,18.642446517944336,18.732074737548828,9.070476531982422,5247573
1992-10-08,18.851577758789062,19.00095558166504,18.76194953918457,18.971080780029297,9.186213493347168,5053435
1992-10-09,18.971080780029297,19.09058380126953,18.702199935913086,18.76194953918457,9.084945678710938,5666810
1992-10-12,18.791826248168945,18.881452560424805,18.732074737548828,18.76194953918457,9.084945678710938,3681502
1992-10-13,18.821701049804688,19.120458602905273,18.732074737548828,18.821701049804688,9.113875389099121,6196504
1992-10-14,18.732074737548828,18.851577758789062,18.343690872192383,18.642446517944336,9.027076721191406,8157545
1992-10-15,17.507169723510742,17.716299057006836,17.208412170410156,17.417543411254883,8.433954238891602,34848536
1992-10-16,17.417543411254883,17.417543411254883,16.461519241333008,16.909656524658203,8.188021659851074,32022244
1992-10-19,16.760276794433594,16.79015350341797,16.37189292907715,16.37189292907715,7.927623271942139,16325131
1992-10-20,16.5511474609375,16.64077377319336,16.192638397216797,16.342016220092773,7.9131622314453125,14036902
1992-10-21,16.401769638061523,16.521272659301758,16.31214141845703,16.37189292907715,7.927623271942139,11576710
1992-10-22,16.431644439697266,16.491395950317383,16.252389907836914,16.37189292907715,7.927623271942139,10180090
1992-10-23,16.37189292907715,16.581022262573242,16.342016220092773,16.521272659301758,7.999960899353027,9360026
1992-10-26,16.37189292907715,16.431644439697266,16.13288688659668,16.13288688659668,7.811895370483398,10567529
1992-10-27,16.04326057434082,16.073135375976562,15.535372734069824,15.714627265930176,7.609364032745361,18981553
1992-10-28,15.714627265930176,16.04326057434082,15.6847505569458,16.04326057434082,7.768497943878174,11909756
1992-10-29,16.103010177612305,16.162763595581055,15.6847505569458,15.774378776550293,7.638302803039551,10756227
1992-10-30,15.774378776550293,16.103010177612305,15.774378776550293,15.983509063720703,7.739567279815674,9600188
1992-11-02,16.013383865356445,16.491395950317383,16.013383865356445,16.461519241333008,7.97102689743042,9715666
1992-11-03,16.37189292907715,16.700525283813477,16.37189292907715,16.521272659301758,7.999960899353027,9937837
1992-11-04,16.491395950317383,16.64077377319336,16.28226661682129,16.31214141845703,7.898693561553955,8701883
1992-11-05,16.04326057434082,16.073135375976562,15.6847505569458,15.744503021240234,7.7614336013793945,8937861
1992-11-06,15.625,15.893880844116211,15.535372734069824,15.83413028717041,7.805614948272705,11055383
1992-11-09,15.83413028717041,16.162763595581055,15.83413028717041,16.13288688659668,7.952890872955322,9273418
1992-11-10,16.162763595581055,16.252389907836914,15.744503021240234,15.744503021240234,7.7614336013793945,9150826
1992-11-11,15.6847505569458,15.714627265930176,15.41586971282959,15.535372734069824,7.6583404541015625,13159098
1992-11-12,15.5652494430542,15.625,15.32624340057373,15.32624340057373,7.555248260498047,13108472
1992-11-13,15.505496978759766,15.5652494430542,15.296366691589355,15.505496978759766,7.643612861633301,7745839
1992-11-16,15.475621223449707,15.654875755310059,15.445746421813965,15.505496978759766,7.643612861633301,7385178
1992-11-17,15.505496978759766,15.535372734069824,15.296366691589355,15.356119155883789,7.569976806640625,8454609
1992-11-18,15.32624340057373,15.385993957519531,14.997610092163086,15.087237358093262,7.437422752380371,11326506
1992-11-19,15.057360649108887,15.266490936279297,14.579350471496582,14.639101028442383,7.216508865356445,13838998
1992-11-20,14.668976783752441,14.967734336853027,14.549473762512207,14.878107070922852,7.334335803985596,15544397
1992-11-23,14.90798282623291,15.266490936279297,14.878107070922852,15.11711311340332,7.452150344848633,9289317
1992-11-24,15.236616134643555,15.654875755310059,15.176863670349121,15.505496978759766,7.643612861633301,11912266
1992-11-25,15.625,15.774378776550293,15.5652494430542,15.625,7.7025251388549805,7483921
1992-11-27,15.744503021240234,15.83413028717041,15.595124244689941,15.774378776550293,7.776165962219238,5144228
1992-11-30,16.22251319885254,16.401769638061523,16.13288688659668,16.31214141845703,8.04125690460205,13551976
1992-12-01,16.342016220092773,16.461519241333008,16.13288688659668,16.192638397216797,7.982349395751953,8743723
1992-12-02,16.192638397216797,16.31214141845703,16.162763595581055,16.22251319885254,7.997072696685791,5576854
1992-12-03,16.22251319885254,16.252389907836914,15.953633308410645,16.073135375976562,7.92343807220459,6051738
1992-12-04,16.103010177612305,16.162763595581055,15.92375659942627,16.013383865356445,7.893982887268066,6051738
1992-12-07,16.073135375976562,16.103010177612305,15.714627265930176,15.744503021240234,7.7614336013793945,6980586
1992-12-08,15.654875755310059,15.714627265930176,15.385993957519531,15.625,7.7025251388549805,9260866
1992-12-09,15.296366691589355,15.356119155883789,14.6988525390625,14.967734336853027,7.378514289855957,15079554
1992-12-10,14.728728294372559,14.90798282623291,14.668976783752441,14.758604049682617,7.2754225730896,13342776
1992-12-11,14.758604049682617,15.027485847473145,14.728728294372559,14.90798282623291,7.349059581756592,8145411
1992-12-14,14.90798282623291,15.146988868713379,14.90798282623291,15.027485847473145,7.407969951629639,10634891
1992-12-15,14.310467720031738,14.310467720031738,13.384321212768555,13.414196968078613,6.612682819366455,51017604
1992-12-16,12.816682815551758,13.145315170288086,12.129541397094727,12.398423194885254,6.111943244934082,56154719
1992-12-17,12.458173751831055,12.75693130493164,12.249044418334961,12.667304039001465,6.244494438171387,33578274
1992-12-18,12.697179794311523,12.727054595947266,12.010038375854492,12.27892017364502,6.053035736083984,32038562
1992-12-21,12.249044418334961,12.33867073059082,11.651530265808105,11.681405067443848,5.758483409881592,30896748
1992-12-22,11.950286865234375,12.428297996520996,11.711280822753906,12.368547439575195,6.097216606140137,25588089
1992-12-23,12.33867073059082,12.577676773071289,12.189292907714844,12.249044418334961,6.038304328918457,17515061
1992-12-24,12.27892017364502,12.667304039001465,12.249044418334961,12.607552528381348,6.215038299560547,7478063
1992-12-28,12.637428283691406,12.667304039001465,12.219167709350586,12.368547439575195,6.097216606140137,11592190
1992-12-29,11.980162620544434,12.219167709350586,11.77103328704834,11.890535354614258,5.861577033996582,20926276
1992-12-30,12.03991413116455,12.159417152404785,11.890535354614258,11.980162620544434,5.905759334564209,16661106
1992-12-31,11.980162620544434,12.249044418334961,11.950286865234375,12.03991413116455,5.935213565826416,17499162
1993-01-04,12.368547439575195,12.398423194885254,11.950286865234375,11.980162620544434,5.905759334564209,14879978
1993-01-05,11.950286865234375,11.950286865234375,11.591777801513672,11.681405067443848,5.758483409881592,14576219
1993-01-06,11.681405067443848,11.741156578063965,11.263145446777344,11.472274780273438,5.65539026260376,20248886
1993-01-07,11.472274780273438,11.62165355682373,11.14364242553711,11.233269691467285,5.537567615509033,15412601
1993-01-08,11.173518180847168,11.203393936157227,10.964387893676758,11.11376667022705,5.478657245635986,16517177
1993-01-11,11.173518180847168,11.561902046203613,11.173518180847168,11.412524223327637,5.6259307861328125,16211745
1993-01-12,11.472274780273438,11.920411109924316,11.412524223327637,11.651530265808105,5.743755340576172,20359762
1993-01-13,11.711280822753906,11.711280822753906,11.352771759033203,11.412524223327637,5.6259307861328125,13423527
1993-01-14,11.561902046203613,11.83078384399414,11.412524223327637,11.651530265808105,5.743755340576172,17935971
1993-01-15,11.532027244567871,11.711280822753906,11.412524223327637,11.532027244567871,5.684845447540283,14113469
1993-01-18,11.681405067443848,11.980162620544434,11.62165355682373,11.83078384399414,5.832119941711426,12449492
1993-01-19,12.010038375854492,12.159417152404785,11.293021202087402,11.561902046203613,5.699573040008545,21084013
1993-01-20,11.532027244567871,11.532027244567871,11.14364242553711,11.203393936157227,5.522842884063721,14051127
1993-01-21,11.233269691467285,11.233269691467285,10.964387893676758,11.083890914916992,5.463931560516357,15225158
1993-01-22,11.11376667022705,11.651530265808105,11.11376667022705,11.62165355682373,5.729028224945068,14311372
1993-01-25,11.651530265808105,11.77103328704834,11.352771759033203,11.681405067443848,5.758483409881592,12780028
1993-01-26,12.637428283691406,12.727054595947266,11.651530265808105,11.711280822753906,5.773210048675537,32653610
1993-01-27,11.741156578063965,11.950286865234375,11.532027244567871,11.8606595993042,5.8468475341796875,13839417
1993-01-28,11.950286865234375,12.159417152404785,11.890535354614258,12.010038375854492,5.92048454284668,12952409
1993-01-29,12.189292907714844,12.33867073059082,12.159417152404785,12.308794975280762,6.067763328552246,12474596
1993-02-01,12.428297996520996,12.577676773071289,12.428297996520996,12.577676773071289,6.2003092765808105,12717268
1993-02-02,12.48805046081543,12.667304039001465,12.428297996520996,12.458173751831055,6.14139461517334,11026514
1993-02-03,12.54780101776123,12.607552528381348,12.159417152404785,12.219167709350586,6.02357816696167,13378758
1993-02-04,12.189292907714844,12.398423194885254,12.129541397094727,12.27892017364502,6.1176533699035645,9924866
1993-02-05,12.368547439575195,12.577676773071289,12.33867073059082,12.428297996520996,6.19207239151001,13164956
1993-02-08,12.48805046081543,12.697179794311523,12.458173751831055,12.637428283691406,6.296267986297607,10805180
1993-02-09,12.667304039001465,13.025813102722168,12.637428283691406,12.75693130493164,6.355807304382324,14981649
1993-02-10,12.816682815551758,12.876434326171875,12.33867073059082,12.48805046081543,6.221842288970947,15072442
1993-02-11,12.398423194885254,12.398423194885254,12.06978988647461,12.219167709350586,6.087880611419678,12943622
1993-02-12,12.219167709350586,12.33867073059082,12.06978988647461,12.129541397094727,6.043227672576904,6729127
1993-02-16,12.06978988647461,12.159417152404785,11.651530265808105,11.950286865234375,5.953916072845459,12486730
1993-02-17,12.010038375854492,12.129541397094727,11.890535354614258,12.06978988647461,6.013457298278809,8401472
1993-02-18,12.189292907714844,12.249044418334961,11.890535354614258,12.06978988647461,6.013457298278809,8715690
1993-02-19,12.099664688110352,12.129541397094727,11.950286865234375,12.06978988647461,6.013457298278809,8009850
1993-02-22,12.06978988647461,12.27892017364502,12.06978988647461,12.249044418334961,6.1027631759643555,7891861
1993-02-23,12.308794975280762,12.368547439575195,12.129541397094727,12.219167709350586,6.087880611419678,7066358
1993-02-24,12.219167709350586,12.428297996520996,12.189292907714844,12.398423194885254,6.177188873291016,7788516
1993-02-25,12.368547439575195,12.876434326171875,12.33867073059082,12.8465576171875,6.400464057922363,11054546
1993-02-26,12.906310081481934,13.115440368652344,12.75693130493164,12.99593734741211,6.474886894226074,12680867
1993-03-01,13.085563659667969,13.234943389892578,13.025813102722168,13.085563659667969,6.519539833068848,10979653
1993-03-02,13.05568790435791,13.05568790435791,12.8465576171875,12.966060638427734,6.4600019454956055,7469277
1993-03-03,12.99593734741211,13.26481819152832,12.816682815551758,13.205066680908203,6.579078674316406,11371694
1993-03-04,13.205066680908203,13.205066680908203,13.025813102722168,13.115440368652344,6.534424781799316,7197317
1993-03-05,13.234943389892578,13.354446411132812,13.085563659667969,13.205066680908203,6.579078674316406,11151615
1993-03-08,13.26481819152832,13.444072723388672,13.205066680908203,13.414196968078613,6.6832733154296875,14043178
1993-03-09,13.414196968078613,13.563575744628906,13.384321212768555,13.533699989318848,6.742811679840088,10173396
1993-03-10,13.593450546264648,13.653203010559082,13.145315170288086,13.354446411132812,6.653502464294434,15156122
1993-03-11,13.354446411132812,13.354446411132812,13.085563659667969,13.115440368652344,6.534424781799316,9458350
1993-03-12,12.906310081481934,13.324569702148438,12.816682815551758,13.294693946838379,6.62373161315918,10157497
1993-03-15,13.414196968078613,13.444072723388672,13.145315170288086,13.145315170288086,6.549308776855469,5052180
1993-03-16,13.175190925598145,13.234943389892578,13.115440368652344,13.175190925598145,6.5641961097717285,4787333
1993-03-17,13.145315170288086,13.294693946838379,12.936184883117676,13.025813102722168,6.489769458770752,5739611
1993-03-18,13.05568790435791,13.085563659667969,12.966060638427734,13.05568790435791,6.504655361175537,5840446
1993-03-19,13.025813102722168,13.025813102722168,12.816682815551758,12.8465576171875,6.400464057922363,9339943
1993-03-22,12.7868070602417,12.8465576171875,12.607552528381348,12.816682815551758,6.385578155517578,7040835
1993-03-23,12.75693130493164,12.966060638427734,12.637428283691406,12.966060638427734,6.4600019454956055,6934143
1993-03-24,12.75693130493164,12.8465576171875,12.159417152404785,12.219167709350586,6.087880611419678,14960310
1993-03-25,12.129541397094727,12.159417152404785,11.980162620544434,12.06978988647461,6.013457298278809,11736538
1993-03-26,12.099664688110352,12.33867073059082,12.099664688110352,12.27892017364502,6.1176533699035645,10045366
1993-03-29,12.428297996520996,12.607552528381348,12.33867073059082,12.368547439575195,6.162304401397705,8609835
1993-03-30,12.428297996520996,12.428297996520996,11.920411109924316,11.950286865234375,5.953916072845459,10671292
1993-03-31,12.010038375854492,12.308794975280762,11.980162620544434,12.159417152404785,6.058112621307373,10850367
1993-04-01,12.308794975280762,12.458173751831055,12.27892017364502,12.398423194885254,6.177188873291016,8023238
1993-04-02,12.428297996520996,12.697179794311523,12.368547439575195,12.577676773071289,6.266497611999512,11754111
1993-04-05,12.577676773071289,12.667304039001465,12.33867073059082,12.577676773071289,6.266497611999512,7121586
1993-04-06,12.577676773071289,12.577676773071289,12.368547439575195,12.428297996520996,6.19207239151001,5901532
1993-04-07,12.249044418334961,12.48805046081543,12.159417152404785,12.48805046081543,6.221842288970947,5174353
1993-04-08,12.48805046081543,12.517925262451172,12.010038375854492,12.010038375854492,5.9836859703063965,5044230
1993-04-12,12.129541397094727,12.398423194885254,12.099664688110352,12.189292907714844,6.073000431060791,5854671
1993-04-13,12.189292907714844,12.219167709350586,11.77103328704834,11.800908088684082,5.8794941902160645,9681358
1993-04-14,11.741156578063965,11.8606595993042,11.591777801513672,11.711280822753906,5.834840297698975,11555790
1993-04-15,11.711280822753906,11.77103328704834,11.591777801513672,11.651530265808105,5.805070877075195,6539174
1993-04-16,11.711280822753906,11.741156578063965,11.591777801513672,11.711280822753906,5.834840297698975,8827822
1993-04-19,12.010038375854492,12.099664688110352,11.681405067443848,11.77103328704834,5.864612102508545,7319908
1993-04-20,11.920411109924316,12.099664688110352,11.651530265808105,12.099664688110352,6.028345584869385,12341963
1993-04-21,11.950286865234375,12.010038375854492,11.741156578063965,11.741156578063965,5.849724769592285,9132835
1993-04-22,11.681405067443848,11.711280822753906,11.502150535583496,11.591777801513672,5.775300979614258,8998110
1993-04-23,11.502150535583496,11.561902046203613,11.322896957397461,11.412524223327637,5.685988903045654,9023214
1993-04-26,11.502150535583496,11.77103328704834,11.442399978637695,11.561902046203613,5.760416507720947,8368837
1993-04-27,11.561902046203613,11.651530265808105,11.442399978637695,11.561902046203613,5.760416507720947,6163032
1993-04-28,11.651530265808105,12.129541397094727,11.62165355682373,11.920411109924316,5.9390339851379395,13500094
1993-04-29,11.920411109924316,11.980162620544434,11.561902046203613,11.681405067443848,5.819955825805664,6581850
1993-04-30,11.681405067443848,11.800908088684082,11.62165355682373,11.62165355682373,5.790185451507568,5571414
1993-05-03,11.741156578063965,11.800908088684082,11.591777801513672,11.77103328704834,5.864612102508545,5531666
1993-05-04,11.8606595993042,11.920411109924316,11.77103328704834,11.77103328704834,5.864612102508545,5745469
1993-05-05,11.711280822753906,11.83078384399414,11.681405067443848,11.800908088684082,5.8794941902160645,5660952
1993-05-06,11.591777801513672,11.62165355682373,11.472274780273438,11.532027244567871,5.80906343460083,4819968
1993-05-07,11.502150535583496,11.62165355682373,11.412524223327637,11.62165355682373,5.854212760925293,5907390
1993-05-10,11.681405067443848,11.741156578063965,11.561902046203613,11.681405067443848,5.884309768676758,7159242
1993-05-11,11.681405067443848,11.681405067443848,11.561902046203613,11.681405067443848,5.884309768676758,4711602
1993-05-12,11.532027244567871,11.62165355682373,11.442399978637695,11.472274780273438,5.778964519500732,5485224
1993-05-13,11.352771759033203,11.412524223327637,11.263145446777344,11.352771759033203,5.718766689300537,5486061
1993-05-14,11.352771759033203,11.502150535583496,11.322896957397461,11.442399978637695,5.763914585113525,5076866
1993-05-17,11.442399978637695,11.532027244567871,11.352771759033203,11.382648468017578,5.733816146850586,3533806
1993-05-18,11.412524223327637,11.711280822753906,11.412524223327637,11.711280822753906,5.899358749389648,11137390
1993-05-19,11.741156578063965,11.980162620544434,11.561902046203613,11.8606595993042,5.974606513977051,12623128
1993-05-20,11.800908088684082,11.83078384399414,11.651530265808105,11.77103328704834,5.9294586181640625,5911155
1993-05-21,11.651530265808105,11.77103328704834,11.532027244567871,11.561902046203613,5.824112415313721,6465535
1993-05-24,11.62165355682373,11.920411109924316,11.591777801513672,11.890535354614258,5.9896559715271,7426600
1993-05-25,11.920411109924316,12.159417152404785,11.920411109924316,12.03991413116455,6.064904689788818,12304307
1993-05-26,12.06978988647461,12.607552528381348,12.06978988647461,12.607552528381348,6.350840091705322,16971978
1993-05-27,12.727054595947266,12.906310081481934,12.637428283691406,12.727054595947266,6.411037921905518,16803781
1993-05-28,12.697179794311523,12.697179794311523,12.428297996520996,12.607552528381348,6.350840091705322,9480107
1993-06-01,12.727054595947266,12.75693130493164,12.398423194885254,12.428297996520996,6.260544776916504,8153361
1993-06-02,12.368547439575195,12.906310081481934,12.368547439575195,12.876434326171875,6.4862847328186035,10388872
1993-06-03,12.906310081481934,12.99593734741211,12.7868070602417,12.876434326171875,6.4862847328186035,10974214
1993-06-04,12.906310081481934,12.99593734741211,12.816682815551758,12.906310081481934,6.501336097717285,7860481
1993-06-07,12.906310081481934,12.906310081481934,12.48805046081543,12.48805046081543,6.290643215179443,7074307
1993-06-08,12.48805046081543,12.54780101776123,12.33867073059082,12.48805046081543,6.290643215179443,6129142
1993-06-09,12.667304039001465,12.75693130493164,12.577676773071289,12.637428283691406,6.365890979766846,5096949
1993-06-10,12.607552528381348,12.607552528381348,12.308794975280762,12.54780101776123,6.320744514465332,6297757
1993-06-11,12.637428283691406,12.667304039001465,12.517925262451172,12.54780101776123,6.320744514465332,5607815
1993-06-14,12.48805046081543,12.54780101776123,12.398423194885254,12.428297996520996,6.260544776916504,4914945
1993-06-15,12.398423194885254,12.398423194885254,11.890535354614258,11.920411109924316,6.00470495223999,12664131
1993-06-16,11.83078384399414,12.03991413116455,11.681405067443848,12.03991413116455,6.064904689788818,11017309
1993-06-17,11.980162620544434,12.010038375854492,11.800908088684082,11.8606595993042,5.974606513977051,5451334
1993-06-18,11.8606595993042,11.8606595993042,11.681405067443848,11.800908088684082,5.944507598876953,8683055
1993-06-21,11.980162620544434,11.980162620544434,11.711280822753906,11.77103328704834,5.9294586181640625,5193181
1993-06-22,11.741156578063965,11.8606595993042,11.741156578063965,11.77103328704834,5.9294586181640625,4476043
1993-06-23,11.77103328704834,11.800908088684082,11.591777801513672,11.62165355682373,5.854212760925293,6282276
1993-06-24,11.62165355682373,11.741156578063965,11.62165355682373,11.651530265808105,5.869259834289551,4617462
1993-06-25,11.711280822753906,11.890535354614258,11.711280822753906,11.890535354614258,5.9896559715271,5758439
1993-06-28,11.920411109924316,12.129541397094727,11.890535354614258,12.03991413116455,6.064904689788818,5851324
1993-06-29,12.03991413116455,12.06978988647461,11.651530265808105,11.800908088684082,5.944507598876953,6015755
1993-06-30,11.83078384399414,11.920411109924316,11.741156578063965,11.800908088684082,5.944507598876953,4126679
1993-07-01,11.8606595993042,11.890535354614258,11.741156578063965,11.77103328704834,5.9294586181640625,3745935
1993-07-02,11.591777801513672,11.62165355682373,11.412524223327637,11.532027244567871,5.80906343460083,10185948
1993-07-06,11.472274780273438,11.502150535583496,11.203393936157227,11.203393936157227,5.643520355224609,7646260
1993-07-07,11.203393936157227,11.233269691467285,11.083890914916992,11.14364242553711,5.6134233474731445,6186462
1993-07-08,11.203393936157227,11.382648468017578,11.083890914916992,11.14364242553711,5.6134233474731445,7591450
1993-07-09,11.173518180847168,11.233269691467285,11.083890914916992,11.14364242553711,5.6134233474731445,4931262
1993-07-12,11.203393936157227,11.532027244567871,11.173518180847168,11.502150535583496,5.79401159286499,5265982
1993-07-13,11.502150535583496,11.591777801513672,11.293021202087402,11.382648468017578,5.733816146850586,4520394
1993-07-14,11.352771759033203,11.442399978637695,11.263145446777344,11.322896957397461,5.703718185424805,3879405
1993-07-15,11.322896957397461,11.442399978637695,11.263145446777344,11.352771759033203,5.718766689300537,4738798
1993-07-16,11.352771759033203,11.352771759033203,10.874760627746582,10.904637336730957,5.493025779724121,11051618
1993-07-19,10.904637336730957,10.994263648986816,10.366873741149902,10.42662525177002,5.252237319946289,18754780
1993-07-20,10.42662525177002,10.456501007080078,9.948614120483398,10.247370719909668,5.161938667297363,19197447
1993-07-21,10.307122230529785,10.486376762390137,10.277247428894043,10.42662525177002,5.252237319946289,8057129
1993-07-22,10.456501007080078,10.695507049560547,10.277247428894043,10.366873741149902,5.222137928009033,10764595
1993-07-23,10.42662525177002,10.42662525177002,10.038241386413574,10.097991943359375,5.086692810058594,10435733
1993-07-26,10.0083646774292,10.277247428894043,9.829111099243164,10.127867698669434,5.101741313934326,16412995
1993-07-27,10.725381851196289,10.964387893676758,10.635754585266113,10.904637336730957,5.493025779724121,26193095
1993-07-28,10.994263648986816,11.083890914916992,10.486376762390137,10.516251564025879,5.2973809242248535,17642673
1993-07-29,10.516251564025879,10.635754585266113,10.366873741149902,10.486376762390137,5.282334327697754,10606022
1993-07-30,10.42662525177002,10.635754585266113,10.42662525177002,10.635754585266113,5.357580661773682,7866338
1993-08-02,10.605879783630371,10.695507049560547,10.486376762390137,10.486376762390137,5.282334327697754,5598610
1993-08-03,10.516251564025879,10.546128273010254,10.307122230529785,10.366873741149902,5.222137928009033,5241297
1993-08-04,10.366873741149902,10.605879783630371,10.336997985839844,10.605879783630371,5.342532634735107,5574343
1993-08-05,10.546128273010254,10.695507049560547,10.396750450134277,10.456501007080078,5.297128677368164,5167240
1993-08-06,10.42662525177002,10.456501007080078,10.307122230529785,10.366873741149902,5.2517242431640625,4688590
1993-08-09,10.366873741149902,10.456501007080078,10.247370719909668,10.307122230529785,5.221455097198486,5622041
1993-08-10,10.307122230529785,10.366873741149902,10.247370719909668,10.336997985839844,5.236588001251221,4680641
1993-08-11,10.396750450134277,10.396750450134277,10.038241386413574,10.097991943359375,5.115512371063232,7344175
1993-08-12,10.157744407653809,10.157744407653809,9.858986854553223,9.97848892211914,5.054973125457764,8714854
1993-08-13,10.038241386413574,10.038241386413574,9.91873836517334,9.948614120483398,5.039837837219238,4661394
1993-08-16,9.948614120483398,9.97848892211914,9.70960807800293,9.799235343933105,4.964166641235352,8055874
1993-08-17,9.799235343933105,10.277247428894043,9.799235343933105,10.277247428894043,5.2063164710998535,8447496
1993-08-18,10.366873741149902,10.396750450134277,10.127867698669434,10.21749496459961,5.176049709320068,8177628
1993-08-19,10.307122230529785,10.336997985839844,10.21749496459961,10.277247428894043,5.2063164710998535,6545031
1993-08-20,10.277247428894043,10.336997985839844,10.187620162963867,10.307122230529785,5.221455097198486,7096482
1993-08-23,10.307122230529785,10.695507049560547,10.277247428894043,10.605879783630371,5.372802257537842,11014380
1993-08-24,10.635754585266113,10.665631294250488,10.42662525177002,10.486376762390137,5.312260627746582,6371395
1993-08-25,10.516251564025879,10.546128273010254,10.396750450134277,10.516251564025879,5.327398300170898,5527901
1993-08-26,10.546128273010254,10.695507049560547,10.42662525177002,10.516251564025879,5.327398300170898,7755462
1993-08-27,10.486376762390137,10.546128273010254,10.42662525177002,10.546128273010254,5.342532634735107,4076890
1993-08-30,10.546128273010254,10.695507049560547,10.546128273010254,10.665631294250488,5.403071880340576,6516998
1993-08-31,10.695507049560547,10.964387893676758,10.695507049560547,10.9345121383667,5.539280414581299,10307702
1993-09-01,10.9345121383667,11.083890914916992,10.904637336730957,10.964387893676758,5.554417133331299,8321558
1993-09-02,10.994263648986816,11.083890914916992,10.9345121383667,10.994263648986816,5.56955099105835,4962642
1993-09-03,11.054015159606934,11.083890914916992,10.904637336730957,10.9345121383667,5.539280414581299,4301152
1993-09-07,11.024140357971191,11.054015159606934,10.815010070800781,10.874760627746582,5.509011745452881,5545474
1993-09-08,10.815010070800781,10.844884872436523,10.456501007080078,10.605879783630371,5.372802257537842,9849136
1993-09-09,10.576004028320312,10.665631294250488,10.546128273010254,10.605879783630371,5.372802257537842,7367187
1993-09-10,10.665631294250488,10.665631294250488,10.396750450134277,10.456501007080078,5.297128677368164,9057105
1993-09-13,10.486376762390137,10.605879783630371,10.396750450134277,10.486376762390137,5.312260627746582,5686474
1993-09-14,10.486376762390137,10.486376762390137,10.366873741149902,10.396750450134277,5.266857147216797,4558886
1993-09-15,10.396750450134277,10.486376762390137,10.336997985839844,10.42662525177002,5.281992435455322,8080559
1993-09-16,10.396750450134277,10.516251564025879,10.366873741149902,10.396750450134277,5.266857147216797,3299084
1993-09-17,10.336997985839844,10.366873741149902,10.21749496459961,10.366873741149902,5.2517242431640625,13356583
1993-09-20,10.336997985839844,10.366873741149902,10.097991943359375,10.097991943359375,5.115512371063232,5564720
1993-09-21,10.157744407653809,10.187620162963867,10.0083646774292,10.068117141723633,5.100378036499023,7760483
1993-09-22,10.097991943359375,10.157744407653809,9.948614120483398,10.0083646774292,5.0701093673706055,7150874
1993-09-23,10.038241386413574,10.127867698669434,9.97848892211914,10.0083646774292,5.0701093673706055,8043740
1993-09-24,10.0083646774292,10.038241386413574,9.91873836517334,9.97848892211914,5.054973125457764,5460957
1993-09-27,9.97848892211914,10.0083646774292,9.91873836517334,9.97848892211914,5.054973125457764,6711973
1993-09-28,9.97848892211914,10.187620162963867,9.948614120483398,9.97848892211914,5.054973125457764,9932398
1993-09-29,9.97848892211914,10.068117141723633,9.858986854553223,9.948614120483398,5.039837837219238,9188901
1993-09-30,9.948614120483398,10.068117141723633,9.888861656188965,10.038241386413574,5.085241794586182,6127050
1993-10-01,10.068117141723633,10.486376762390137,10.068117141723633,10.486376762390137,5.312260627746582,13962426
1993-10-04,10.576004028320312,10.695507049560547,10.456501007080078,10.576004028320312,5.357668876647949,10102268
1993-10-05,10.605879783630371,10.635754585266113,10.336997985839844,10.456501007080078,5.297128677368164,6544613
1993-10-06,10.396750450134277,10.605879783630371,10.336997985839844,10.516251564025879,5.327398300170898,6872220
1993-10-07,10.516251564025879,10.546128273010254,10.42662525177002,10.516251564025879,5.327398300170898,4376046
1993-10-08,10.605879783630371,10.605879783630371,10.366873741149902,10.576004028320312,5.357668876647949,6724106
1993-10-11,10.576004028320312,10.605879783630371,10.486376762390137,10.546128273010254,5.342532634735107,2238022
1993-10-12,10.546128273010254,10.605879783630371,10.456501007080078,10.456501007080078,5.297128677368164,5597774
1993-10-13,10.396750450134277,10.486376762390137,10.307122230529785,10.307122230529785,5.221455097198486,4621646
1993-10-14,10.307122230529785,10.336997985839844,10.157744407653809,10.187620162963867,5.160916328430176,7022844
1993-10-15,10.277247428894043,10.725381851196289,10.247370719909668,10.635754585266113,5.387933254241943,13478338
1993-10-18,10.635754585266113,10.785134315490723,10.486376762390137,10.516251564025879,5.327398300170898,8653349
1993-10-19,10.516251564025879,10.665631294250488,10.247370719909668,10.366873741149902,5.2517242431640625,8166750
1993-10-20,10.366873741149902,10.42662525177002,10.247370719909668,10.42662525177002,5.281992435455322,5453007
1993-10-21,10.42662525177002,10.815010070800781,10.396750450134277,10.755257606506348,5.4484734535217285,10368370
1993-10-22,10.844884872436523,10.9345121383667,10.605879783630371,10.635754585266113,5.387933254241943,11377133
1993-10-25,10.486376762390137,10.755257606506348,10.456501007080078,10.725381851196289,5.433338165283203,9276765
1993-10-26,10.9345121383667,11.054015159606934,10.605879783630371,11.054015159606934,5.599819183349609,18208350
1993-10-27,11.083890914916992,11.14364242553711,10.9345121383667,10.994263648986816,5.56955099105835,18348095
1993-10-28,10.9345121383667,11.083890914916992,10.904637336730957,10.9345121383667,5.539280414581299,11139900
1993-10-29,10.994263648986816,11.14364242553711,10.964387893676758,10.994263648986816,5.56955099105835,7998134
1993-11-01,10.994263648986816,11.472274780273438,10.9345121383667,11.412524223327637,5.781436920166016,16581610
1993-11-02,11.711280822753906,12.219167709350586,11.591777801513672,12.159417152404785,6.15980339050293,42710690
1993-11-03,12.189292907714844,12.219167709350586,11.980162620544434,12.129541397094727,6.144667148590088,21858890
1993-11-04,12.010038375854492,12.06978988647461,11.800908088684082,11.890535354614258,6.053410053253174,12649487
1993-11-05,11.890535354614258,11.980162620544434,11.800908088684082,11.920411109924316,6.0686211585998535,13805526
1993-11-08,12.010038375854492,12.129541397094727,11.950286865234375,12.010038375854492,6.1142497062683105,7869686
1993-11-09,12.06978988647461,12.099664688110352,11.711280822753906,11.741156578063965,5.977359294891357,10534475
1993-11-10,11.83078384399414,11.980162620544434,11.711280822753906,11.920411109924316,6.0686211585998535,8605233
1993-11-11,12.010038375854492,12.517925262451172,11.980162620544434,12.428297996520996,6.327184677124023,15411346
1993-11-12,12.48805046081543,12.54780101776123,12.308794975280762,12.33867073059082,6.281554698944092,13377085
1993-11-15,12.33867073059082,12.33867073059082,12.159417152404785,12.189292907714844,6.205503463745117,6081026
1993-11-16,12.219167709350586,12.667304039001465,12.129541397094727,12.607552528381348,6.4184417724609375,14180413
1993-11-17,12.7868070602417,12.966060638427734,12.398423194885254,12.398423194885254,6.311970233917236,18328849
1993-11-18,12.48805046081543,12.697179794311523,12.458173751831055,12.607552528381348,6.4184417724609375,10188458
1993-11-19,12.48805046081543,12.577676773071289,12.308794975280762,12.398423194885254,6.311970233917236,9755833
1993-11-22,12.398423194885254,12.54780101776123,12.33867073059082,12.428297996520996,6.327184677124023,10858735
1993-11-23,12.517925262451172,12.727054595947266,12.398423194885254,12.697179794311523,6.464069366455078,8649165
1993-11-24,12.906310081481934,13.205066680908203,12.8465576171875,13.175190925598145,6.707423686981201,17505856
1993-11-26,13.26481819152832,13.384321212768555,13.175190925598145,13.324569702148438,6.7834672927856445,5066824
1993-11-29,13.384321212768555,13.414196968078613,12.99593734741211,12.99593734741211,6.616161346435547,10409374
1993-11-30,13.025813102722168,13.175190925598145,12.8465576171875,12.876434326171875,6.555323600769043,8270931
1993-12-01,13.085563659667969,13.085563659667969,12.697179794311523,12.697179794311523,6.464069366455078,9980095
1993-12-02,12.727054595947266,12.936184883117676,12.727054595947266,12.8465576171875,6.540118217468262,7806507
1993-12-03,12.906310081481934,12.906310081481934,12.697179794311523,12.7868070602417,6.509696960449219,7362585
1993-12-06,12.667304039001465,12.99593734741211,12.607552528381348,12.8465576171875,6.540118217468262,7350033
1993-12-07,12.936184883117676,12.966060638427734,12.727054595947266,12.8465576171875,6.540118217468262,6488966
1993-12-08,12.876434326171875,12.936184883117676,12.75693130493164,12.876434326171875,6.555323600769043,4188184
1993-12-09,12.876434326171875,12.936184883117676,12.727054595947266,12.816682815551758,6.524907112121582,5924544
1993-12-10,12.906310081481934,13.26481819152832,12.876434326171875,13.205066680908203,6.722630977630615,16139362
1993-12-13,13.354446411132812,13.802580833435059,13.234943389892578,13.712953567504883,6.9811930656433105,20422522
1993-12-14,13.683077812194824,13.712953567504883,13.384321212768555,13.414196968078613,6.829095363616943,10190132
1993-12-15,13.414196968078613,13.772706031799316,13.294693946838379,13.593450546264648,6.920355796813965,9565879
1993-12-16,13.683077812194824,13.772706031799316,13.653203010559082,13.742830276489258,6.996404647827148,12354515
1993-12-17,13.802580833435059,14.310467720031738,13.802580833435059,14.280592918395996,7.270176887512207,24124107
1993-12-20,14.161089897155762,14.19096565246582,13.922083854675293,13.951959609985352,7.102873802185059,11863732
1993-12-21,13.922083854675293,14.131214141845703,13.892208099365234,14.011711120605469,7.133290767669678,9507303
1993-12-22,14.041586875915527,14.161089897155762,13.981836318969727,14.161089897155762,7.209338665008545,6402775
1993-12-23,14.161089897155762,14.19096565246582,13.981836318969727,14.011711120605469,7.133290767669678,5536687
1993-12-27,14.011711120605469,14.161089897155762,13.862333297729492,14.131214141845703,7.194124698638916,5906553
1993-12-28,14.071462631225586,14.19096565246582,13.922083854675293,13.951959609985352,7.102873802185059,5344642
1993-12-29,13.981836318969727,14.041586875915527,13.892208099365234,13.892208099365234,7.072453498840332,4522486
1993-12-30,13.862333297729492,13.951959609985352,13.593450546264648,13.623327255249023,6.935568809509277,6957155
1993-12-31,13.533699989318848,13.712953567504883,13.473947525024414,13.503824234008789,6.874728202819824,8028678
1994-01-03,13.593450546264648,13.802580833435059,13.593450546264648,13.772706031799316,7.011615753173828,5986467
1994-01-04,13.892208099365234,14.131214141845703,13.862333297729492,14.101338386535645,7.1789164543151855,7727011
1994-01-05,14.101338386535645,14.310467720031738,13.981836318969727,14.220841407775879,7.239756107330322,10752880
1994-01-06,14.340344429016113,14.340344429016113,13.981836318969727,13.981836318969727,7.118078708648682,9957083
1994-01-07,13.981836318969727,14.19096565246582,13.862333297729492,14.071462631225586,7.163712024688721,6102782
1994-01-10,14.071462631225586,14.220841407775879,13.981836318969727,14.161089897155762,7.209338665008545,7259240
1994-01-11,14.131214141845703,14.19096565246582,13.981836318969727,14.011711120605469,7.133290767669678,7073470
1994-01-12,14.041586875915527,14.071462631225586,13.892208099365234,13.892208099365234,7.072453498840332,6288970
1994-01-13,13.922083854675293,14.101338386535645,13.922083854675293,14.041586875915527,7.148499965667725,7548773
1994-01-14,14.041586875915527,14.220841407775879,13.951959609985352,14.011711120605469,7.133290767669678,6635824
1994-01-17,13.981836318969727,13.981836318969727,13.653203010559082,13.742830276489258,6.996404647827148,6393570
1994-01-18,13.712953567504883,13.712953567504883,13.473947525024414,13.653203010559082,6.950777053833008,9438686
1994-01-19,13.563575744628906,13.623327255249023,13.324569702148438,13.384321212768555,6.813891410827637,8198548
1994-01-20,13.354446411132812,13.354446411132812,13.175190925598145,13.205066680908203,6.722630977630615,9533244
1994-01-21,13.175190925598145,13.294693946838379,13.085563659667969,13.205066680908203,6.722630977630615,13290894
1994-01-24,13.324569702148438,14.041586875915527,13.324569702148438,14.011711120605469,7.133290767669678,17653551
1994-01-25,14.071462631225586,14.19096565246582,13.234943389892578,13.922083854675293,7.087660789489746,42486428
1994-01-26,14.041586875915527,14.041586875915527,13.384321212768555,13.473947525024414,6.8595170974731445,17110886
1994-01-27,13.533699989318848,13.742830276489258,13.503824234008789,13.653203010559082,6.950777053833008,9268397
1994-01-28,13.892208099365234,13.892208099365234,13.742830276489258,13.802580833435059,7.026823997497559,6459678
1994-01-31,13.832456588745117,13.832456588745117,13.503824234008789,13.503824234008789,6.874728202819824,8754602
1994-02-01,13.593450546264648,13.712953567504883,13.503824234008789,13.503824234008789,6.874728202819824,7775546
1994-02-02,13.503824234008789,13.503824234008789,13.26481819152832,13.473947525024414,6.8595170974731445,9008989
1994-02-03,13.444072723388672,13.593450546264648,13.324569702148438,13.324569702148438,6.7834672927856445,7379739
1994-02-04,13.26481819152832,13.294693946838379,12.428297996520996,12.428297996520996,6.355684280395508,14894622
1994-02-07,12.517925262451172,13.05568790435791,12.48805046081543,12.966060638427734,6.63068962097168,17233059
1994-02-08,13.085563659667969,13.085563659667969,12.75693130493164,12.816682815551758,6.554297924041748,8404819
1994-02-09,12.876434326171875,12.966060638427734,12.697179794311523,12.697179794311523,6.493187427520752,8280554
1994-02-10,12.75693130493164,12.816682815551758,12.607552528381348,12.637428283691406,6.462631702423096,6550470
1994-02-11,12.54780101776123,12.75693130493164,12.428297996520996,12.727054595947266,6.508465766906738,8307332
1994-02-14,12.75693130493164,13.05568790435791,12.75693130493164,12.906310081481934,6.600132465362549,7839561
1994-02-15,12.99593734741211,13.05568790435791,12.906310081481934,13.025813102722168,6.661250114440918,7227442
1994-02-16,13.205066680908203,13.205066680908203,13.025813102722168,13.05568790435791,6.676524639129639,6258009
1994-02-17,13.115440368652344,13.145315170288086,12.54780101776123,12.607552528381348,6.447351932525635,9582197
1994-02-18,12.577676773071289,12.637428283691406,12.458173751831055,12.577676773071289,6.432070255279541,11207681
1994-02-22,12.577676773071289,12.876434326171875,12.577676773071289,12.816682815551758,6.554297924041748,5342550
1994-02-23,12.8465576171875,12.966060638427734,12.727054595947266,12.7868070602417,6.539018154144287,5000717
1994-02-24,12.727054595947266,12.75693130493164,12.577676773071289,12.637428283691406,6.462631702423096,6915734
1994-02-25,12.75693130493164,12.75693130493164,12.577676773071289,12.637428283691406,6.462631702423096,4442153
1994-02-28,12.697179794311523,12.727054595947266,12.577676773071289,12.637428283691406,6.462631702423096,4019569
1994-03-01,12.637428283691406,12.876434326171875,12.54780101776123,12.816682815551758,6.554297924041748,8514022
1994-03-02,12.607552528381348,12.7868070602417,12.458173751831055,12.667304039001465,6.477910041809082,11389266
1994-03-03,12.637428283691406,12.75693130493164,12.577676773071289,12.577676773071289,6.432070255279541,6763436
1994-03-04,12.727054595947266,12.727054595947266,12.517925262451172,12.577676773071289,6.432070255279541,7203593
1994-03-07,12.667304039001465,12.667304039001465,12.458173751831055,12.48805046081543,6.386241436004639,7463001
1994-03-08,12.458173751831055,13.115440368652344,12.27892017364502,13.085563659667969,6.691801071166992,19432588
1994-03-09,13.145315170288086,13.324569702148438,13.085563659667969,13.234943389892578,6.768192768096924,15648578
1994-03-10,13.26481819152832,13.444072723388672,13.175190925598145,13.384321212768555,6.844582557678223,12667060
1994-03-11,13.414196968078613,13.444072723388672,13.205066680908203,13.354446411132812,6.829304218292236,7063847
1994-03-14,13.414196968078613,13.832456588745117,13.354446411132812,13.742830276489258,7.027920246124268,12200544
1994-03-15,13.802580833435059,13.951959609985352,13.712953567504883,13.712953567504883,7.01263952255249,10261260
1994-03-16,13.772706031799316,13.922083854675293,13.653203010559082,13.922083854675293,7.11958646774292,7880146
1994-03-17,13.922083854675293,13.922083854675293,13.742830276489258,13.832456588745117,7.073754787445068,7924914
1994-03-18,13.832456588745117,13.922083854675293,13.563575744628906,13.653203010559082,6.982083797454834,13623941
1994-03-21,13.593450546264648,14.071462631225586,13.563575744628906,14.011711120605469,7.165422439575195,11300984
1994-03-22,13.862333297729492,14.011711120605469,13.802580833435059,13.922083854675293,7.11958646774292,7737471
1994-03-23,13.623327255249023,13.832456588745117,13.533699989318848,13.683077812194824,6.997363090515137,11141574
1994-03-24,13.593450546264648,13.653203010559082,13.384321212768555,13.473947525024414,6.890412330627441,8539126
1994-03-25,13.503824234008789,13.503824234008789,12.816682815551758,12.906310081481934,6.600132465362549,12482964
1994-03-28,12.99593734741211,13.05568790435791,12.54780101776123,12.816682815551758,6.554297924041748,14043596
1994-03-29,12.816682815551758,12.99593734741211,12.54780101776123,12.577676773071289,6.432070255279541,13241105
1994-03-30,12.54780101776123,13.145315170288086,12.54780101776123,12.7868070602417,6.539018154144287,17290380
1994-03-31,12.906310081481934,13.05568790435791,12.428297996520996,13.05568790435791,6.676524639129639,14478314
1994-04-04,12.667304039001465,12.7868070602417,12.48805046081543,12.667304039001465,6.477910041809082,11568760
1994-04-05,12.7868070602417,12.936184883117676,12.667304039001465,12.75693130493164,6.523745536804199,9786794
1994-04-06,12.7868070602417,12.798009872436523,12.607552528381348,12.697179794311523,6.493187427520752,8075120
1994-04-07,12.727054595947266,12.727054595947266,12.48805046081543,12.697179794311523,6.493187427520752,7426182
1994-04-08,12.637428283691406,12.697179794311523,12.517925262451172,12.54780101776123,6.416792392730713,5477274
1994-04-11,12.577676773071289,12.75693130493164,12.48805046081543,12.667304039001465,6.477910041809082,5448823
1994-04-12,12.8465576171875,12.876434326171875,12.54780101776123,12.637428283691406,6.462631702423096,7900229
1994-04-13,12.637428283691406,12.75693130493164,12.398423194885254,12.517925262451172,6.401515483856201,14627682
1994-04-14,12.54780101776123,12.876434326171875,12.54780101776123,12.876434326171875,6.584853172302246,10995552
1994-04-15,12.876434326171875,13.025813102722168,12.577676773071289,12.667304039001465,6.477910041809082,11041576
1994-04-18,12.637428283691406,12.936184883117676,12.607552528381348,12.75693130493164,6.523745536804199,13054080
1994-04-19,12.7868070602417,12.8465576171875,12.27892017364502,12.75693130493164,6.523745536804199,8761296
1994-04-20,12.727054595947266,12.7868070602417,12.368547439575195,12.48805046081543,6.386241436004639,9237017
1994-04-21,13.145315170288086,14.011711120605469,12.906310081481934,13.951959609985352,7.134865760803223,36643890
1994-04-22,13.951959609985352,14.220841407775879,13.862333297729492,14.041586875915527,7.180699348449707,23683532
1994-04-25,13.981836318969727,14.161089897155762,13.922083854675293,14.161089897155762,7.241814136505127,12812663
1994-04-26,14.071462631225586,14.161089897155762,13.981836318969727,13.981836318969727,7.150140762329102,9276765
1994-04-28,13.832456588745117,13.922083854675293,13.563575744628906,13.653203010559082,6.982083797454834,9612740
1994-04-29,13.712953567504883,13.832456588745117,13.593450546264648,13.742830276489258,7.027920246124268,7985582
1994-05-02,13.742830276489258,13.951959609985352,13.593450546264648,13.862333297729492,7.089029312133789,6729964
1994-05-03,13.892208099365234,14.011711120605469,13.832456588745117,13.951959609985352,7.134865760803223,5759694
1994-05-04,13.922083854675293,13.922083854675293,13.742830276489258,13.802580833435059,7.058475971221924,6277255
1994-05-05,13.712953567504883,13.742830276489258,13.593450546264648,13.653203010559082,7.012440204620361,4355962
1994-05-06,13.503824234008789,13.653203010559082,13.444072723388672,13.503824234008789,6.935717582702637,8281391
1994-05-09,13.503824234008789,13.832456588745117,13.503824234008789,13.623327255249023,6.997095584869385,7865920
1994-05-10,13.772706031799316,13.922083854675293,13.712953567504883,13.862333297729492,7.1198506355285645,8307750
1994-05-11,13.862333297729492,13.922083854675293,13.623327255249023,13.683077812194824,7.027786731719971,6471393
1994-05-12,13.772706031799316,13.802580833435059,13.623327255249023,13.683077812194824,7.027786731719971,3860158
1994-05-13,13.742830276489258,13.832456588745117,13.683077812194824,13.742830276489258,7.058475971221924,4604492
1994-05-16,13.772706031799316,14.011711120605469,13.712953567504883,13.981836318969727,7.181228160858154,6686450
1994-05-17,14.011711120605469,14.6988525390625,14.011711120605469,14.639101028442383,7.5188069343566895,22580630
1994-05-18,14.728728294372559,14.788479804992676,14.459847450256348,14.519598007202148,7.45743465423584,20060606
1994-05-19,14.549473762512207,14.848231315612793,14.459847450256348,14.668976783752441,7.534153461456299,15781630
1994-05-20,14.668976783752441,14.90798282623291,14.579350471496582,14.848231315612793,7.626224517822266,15648578
1994-05-23,14.848231315612793,14.937858581542969,14.668976783752441,14.758604049682617,7.580186367034912,8678034
1994-05-24,14.818355560302734,15.146988868713379,14.788479804992676,15.087237358093262,7.748976230621338,11718547
1994-05-25,15.057360649108887,15.32624340057373,14.937858581542969,15.206740379333496,7.810351848602295,15390426
1994-05-26,15.11711311340332,15.32624340057373,14.937858581542969,15.296366691589355,7.856387138366699,9602280
1994-05-27,15.266490936279297,15.32624340057373,15.206740379333496,15.206740379333496,7.810351848602295,5696934
1994-05-31,15.176863670349121,15.236616134643555,14.997610092163086,15.057360649108887,7.733636856079102,6293154
1994-06-01,15.057360649108887,15.206740379333496,14.937858581542969,15.176863670349121,7.795012474060059,7069286
1994-06-02,15.146988868713379,15.176863670349121,14.788479804992676,14.818355560302734,7.6108808517456055,10377994
1994-06-03,14.758604049682617,14.788479804992676,14.519598007202148,14.579350471496582,7.488120079040527,9963778
1994-06-06,14.639101028442383,15.176863670349121,14.60922622680664,14.967734336853027,7.687598705291748,9808133
1994-06-07,14.997610092163086,15.11711311340332,14.967734336853027,14.967734336853027,7.687598705291748,5853834
1994-06-08,15.027485847473145,15.057360649108887,14.6988525390625,14.728728294372559,7.56484317779541,6909876
1994-06-09,14.6988525390625,14.848231315612793,14.6988525390625,14.818355560302734,7.6108808517456055,4550937
1994-06-10,14.878107070922852,15.027485847473145,14.878107070922852,14.967734336853027,7.687598705291748,5543382
1994-06-13,14.90798282623291,15.32624340057373,14.878107070922852,15.236616134643555,7.8257012367248535,9056268
1994-06-14,15.266490936279297,15.535372734069824,15.266490936279297,15.535372734069824,7.9791436195373535,11625662
1994-06-15,15.41586971282959,15.475621223449707,15.176863670349121,15.236616134643555,7.8257012367248535,7486431
1994-06-16,15.11711311340332,15.176863670349121,15.027485847473145,15.027485847473145,7.718287944793701,5993998
1994-06-17,14.967734336853027,15.087237358093262,14.878107070922852,14.90798282623291,7.656909942626953,12694674
1994-06-20,14.788479804992676,14.878107070922852,14.728728294372559,14.728728294372559,7.56484317779541,6523693
1994-06-21,14.758604049682617,14.848231315612793,14.429970741271973,14.579350471496582,7.488120079040527,10365023
1994-06-22,14.668976783752441,14.848231315612793,14.60922622680664,14.818355560302734,7.6108808517456055,5552168
1994-06-23,14.788479804992676,14.878107070922852,14.549473762512207,14.549473762512207,7.472773551940918,4829591
1994-06-24,14.519598007202148,14.579350471496582,14.220841407775879,14.310467720031738,7.3500237464904785,9478015
1994-06-27,14.101338386535645,14.728728294372559,13.892208099365234,14.6988525390625,7.549499034881592,16217184
1994-06-28,14.6988525390625,14.788479804992676,14.340344429016113,14.60922622680664,7.503466606140137,7265098
1994-06-29,14.549473762512207,14.6988525390625,14.370220184326172,14.429970741271973,7.41140079498291,9502282
1994-06-30,14.429970741271973,14.459847450256348,14.011711120605469,14.041586875915527,7.21191930770874,11436964
1994-07-01,14.101338386535645,14.131214141845703,13.563575744628906,13.623327255249023,6.997095584869385,15974930
1994-07-05,13.623327255249023,13.832456588745117,13.444072723388672,13.444072723388672,6.905029296875,11673360
1994-07-06,13.503824234008789,13.623327255249023,13.473947525024414,13.623327255249023,6.997095584869385,8113194
1994-07-07,13.712953567504883,13.712953567504883,13.533699989318848,13.563575744628906,6.9664082527160645,7187694
1994-07-08,13.503824234008789,13.832456588745117,13.503824234008789,13.533699989318848,6.951064586639404,9687634
1994-07-11,13.593450546264648,13.653203010559082,13.234943389892578,13.294693946838379,6.828307151794434,11292198
1994-07-12,13.324569702148438,13.414196968078613,13.115440368652344,13.354446411132812,6.858996868133545,12525641
1994-07-13,13.384321212768555,13.563575744628906,13.354446411132812,13.563575744628906,6.9664082527160645,10381341
1994-07-14,13.742830276489258,13.981836318969727,13.683077812194824,13.922083854675293,7.150542736053467,12563297
1994-07-15,13.802580833435059,13.832456588745117,13.563575744628906,13.593450546264648,6.981751441955566,10369207
1994-07-18,13.683077812194824,13.772706031799316,13.533699989318848,13.593450546264648,6.981751441955566,6927030
1994-07-19,13.563575744628906,13.593450546264648,13.294693946838379,13.294693946838379,6.828307151794434,7603165
1994-07-20,13.324569702148438,13.444072723388672,13.025813102722168,13.354446411132812,6.858996868133545,13344031
1994-07-21,14.101338386535645,14.967734336853027,13.862333297729492,14.90798282623291,7.656909942626953,36846396
1994-07-22,14.878107070922852,14.937858581542969,14.60922622680664,14.668976783752441,7.534153461456299,15540213
1994-07-25,14.668976783752441,14.90798282623291,14.657773971557617,14.878107070922852,7.641567707061768,9799765
1994-07-26,14.937858581542969,15.087237358093262,14.848231315612793,14.90798282623291,7.656909942626953,12120630
1994-07-27,14.878107070922852,14.937858581542969,14.788479804992676,14.937858581542969,7.672257900238037,6030399
1994-07-28,14.90798282623291,15.057360649108887,14.878107070922852,14.878107070922852,7.641567707061768,5279371
1994-07-29,14.967734336853027,14.997610092163086,14.758604049682617,14.788479804992676,7.595531940460205,7087278
1994-08-01,14.788479804992676,15.087237358093262,14.6988525390625,15.027485847473145,7.718287944793701,7411538
1994-08-02,15.057360649108887,15.146988868713379,14.878107070922852,14.878107070922852,7.641567707061768,8718619
1994-08-03,14.90798282623291,15.087237358093262,14.878107070922852,15.057360649108887,7.733636856079102,5665973
1994-08-04,15.057360649108887,15.176863670349121,14.997610092163086,15.087237358093262,7.779848575592041,8562138
1994-08-05,14.997610092163086,15.087237358093262,14.788479804992676,14.90798282623291,7.687414646148682,6693982
1994-08-08,14.997610092163086,15.146988868713379,14.967734336853027,15.11711311340332,7.795255184173584,7014894
1994-08-09,15.146988868713379,15.41586971282959,15.11711311340332,15.41586971282959,7.949312686920166,12606392
1994-08-10,15.41586971282959,15.535372734069824,15.32624340057373,15.32624340057373,7.9030961990356445,11332782
1994-08-11,15.296366691589355,15.445746421813965,15.236616134643555,15.445746421813965,7.964719772338867,10232809
1994-08-12,15.475621223449707,15.5652494430542,15.236616134643555,15.236616134643555,7.856876850128174,8374694
1994-08-15,15.236616134643555,15.41586971282959,15.236616134643555,15.385993957519531,7.933905124664307,4509515
1994-08-16,15.41586971282959,15.475621223449707,15.236616134643555,15.445746421813965,7.964719772338867,8514858
1994-08-17,15.505496978759766,15.6847505569458,15.385993957519531,15.505496978759766,7.9955244064331055,12322717
1994-08-18,15.625,15.983509063720703,15.625,15.83413028717041,8.164990425109863,17559411
1994-08-19,15.864006042480469,16.401769638061523,15.774378776550293,16.28226661682129,8.396073341369629,19511666
1994-08-22,16.13288688659668,16.342016220092773,16.073135375976562,16.192638397216797,8.349858283996582,12428990
1994-08-23,16.22251319885254,16.31214141845703,16.162763595581055,16.162763595581055,8.334455490112305,12180879
1994-08-24,16.103010177612305,16.103010177612305,15.92375659942627,16.103010177612305,8.303642272949219,11711853
1994-08-25,16.013383865356445,16.670650482177734,15.983509063720703,16.581022262573242,8.550132751464844,22065998
1994-08-26,16.581022262573242,16.760276794433594,16.521272659301758,16.73040199279785,8.627163887023926,17338914
1994-08-29,16.670650482177734,16.73040199279785,16.5511474609375,16.581022262573242,8.550132751464844,9683450
1994-08-30,16.581022262573242,16.670650482177734,16.461519241333008,16.581022262573242,8.550132751464844,7830356
1994-08-31,16.5511474609375,16.610898971557617,16.37189292907715,16.37189292907715,8.44229507446289,10341593
1994-09-01,15.983509063720703,16.31214141845703,15.983509063720703,16.22251319885254,8.365265846252441,11625244
1994-09-02,16.252389907836914,16.252389907836914,15.953633308410645,16.073135375976562,8.28823471069336,6128305
1994-09-06,16.04326057434082,16.162763595581055,15.92375659942627,16.13288688659668,8.319047927856445,5214519
1994-09-07,16.13288688659668,16.31214141845703,16.103010177612305,16.13288688659668,8.319047927856445,8496867
1994-09-08,16.073135375976562,16.28226661682129,16.073135375976562,16.22251319885254,8.365265846252441,5708231
1994-09-09,15.983509063720703,16.252389907836914,15.953633308410645,16.073135375976562,8.28823471069336,9661693
1994-09-12,16.13288688659668,16.28226661682129,16.13288688659668,16.22251319885254,8.365265846252441,5045486
1994-09-13,16.431644439697266,16.64077377319336,16.401769638061523,16.5511474609375,8.534727096557617,12151173
1994-09-14,16.521272659301758,16.760276794433594,16.491395950317383,16.670650482177734,8.596348762512207,10612716
1994-09-15,16.610898971557617,16.79015350341797,16.610898971557617,16.670650482177734,8.596348762512207,8606906
1994-09-16,16.670650482177734,17.05903434753418,16.610898971557617,16.969406127929688,8.750406265258789,21545926
1994-09-19,16.879779815673828,17.029159545898438,16.79015350341797,16.82002830505371,8.673375129699707,7734124
1994-09-20,16.700525283813477,16.849903106689453,16.64077377319336,16.79015350341797,8.657970428466797,11485917
1994-09-21,16.969406127929688,17.05903434753418,16.581022262573242,16.610898971557617,8.56553840637207,15217626
1994-09-22,16.670650482177734,16.79015350341797,16.581022262573242,16.64077377319336,8.580944061279297,8872172
1994-09-23,16.581022262573242,16.610898971557617,16.461519241333008,16.521272659301758,8.51932144165039,7367187
1994-09-26,16.491395950317383,16.521272659301758,16.192638397216797,16.491395950317383,8.503915786743164,7383923
1994-09-27,16.461519241333008,16.581022262573242,16.401769638061523,16.491395950317383,8.503915786743164,4668089
1994-09-28,16.521272659301758,16.700525283813477,16.37189292907715,16.37189292907715,8.44229507446289,5439200
1994-09-29,16.342016220092773,16.700525283813477,16.192638397216797,16.610898971557617,8.56553840637207,9649141
1994-09-30,16.5511474609375,16.760276794433594,16.461519241333008,16.64077377319336,8.580944061279297,8534523
1994-10-03,16.581022262573242,16.610898971557617,16.401769638061523,16.461519241333008,8.48851203918457,4880636
1994-10-04,16.521272659301758,16.610898971557617,16.31214141845703,16.342016220092773,8.426887512207031,7198572
1994-10-05,16.28226661682129,16.521272659301758,16.103010177612305,16.521272659301758,8.51932144165039,11261236
1994-10-06,16.491395950317383,16.610898971557617,16.401769638061523,16.431644439697266,8.473106384277344,7569693
1994-10-07,16.461519241333008,17.148662567138672,16.431644439697266,16.999282836914062,8.76580810546875,18809590
1994-10-10,17.029159545898438,17.178537368774414,16.909656524658203,17.088909149169922,8.812026977539062,7551702
1994-10-11,17.148662567138672,17.29804039001465,17.088909149169922,17.118785858154297,8.827437400817871,11746998
1994-10-12,16.969406127929688,17.56692123413086,16.969406127929688,17.477294921875,9.012300491333008,13504278
1994-10-13,17.596797943115234,17.716299057006836,17.268163681030273,17.268163681030273,8.904459953308105,9797254
1994-10-14,17.32791519165039,17.477294921875,17.178537368774414,17.477294921875,9.012300491333008,8538707
1994-10-17,17.417543411254883,17.626672744750977,17.387666702270508,17.507169723510742,9.027710914611816,6428298
1994-10-18,17.56692123413086,17.805927276611328,17.537046432495117,17.805927276611328,9.181763648986816,10306866
1994-10-19,17.686424255371094,18.104684829711914,17.626672744750977,18.015056610107422,9.289607048034668,16460693
1994-10-20,18.044933319091797,18.194311141967773,17.65654945373535,17.925430297851562,9.243385314941406,21827510
1994-10-21,17.83580207824707,18.015056610107422,17.716299057006836,17.83580207824707,9.197166442871094,14110540
1994-10-24,17.83580207824707,17.83580207824707,17.417543411254883,17.447418212890625,8.996895790100098,10941997
1994-10-25,17.357791900634766,17.776052474975586,17.357791900634766,17.65654945373535,9.104737281799316,11839046
1994-10-26,17.686424255371094,17.805927276611328,17.596797943115234,17.776052474975586,9.166358947753906,10208123
1994-10-27,17.805927276611328,17.83580207824707,17.626672744750977,17.716299057006836,9.135541915893555,5228326
1994-10-28,17.716299057006836,18.25406265258789,17.716299057006836,18.194311141967773,9.382036209106445,11352447
1994-10-31,18.07480812072754,18.07480812072754,17.805927276611328,17.805927276611328,9.181763648986816,8060058
1994-11-01,17.776052474975586,17.98518180847168,17.56692123413086,17.65654945373535,9.104737281799316,10460000
1994-11-02,17.686424255371094,17.98518180847168,17.626672744750977,17.74617576599121,9.150955200195312,11169606
1994-11-03,17.805927276611328,17.83580207824707,17.477294921875,17.56692123413086,9.05851936340332,6950879
1994-11-04,17.537046432495117,17.56692123413086,16.999282836914062,16.999282836914062,8.795726776123047,13568294
1994-11-07,17.05903434753418,17.268163681030273,16.909656524658203,17.178537368774414,8.888479232788086,9534918
1994-11-08,17.118785858154297,17.56692123413086,17.05903434753418,17.447418212890625,9.027602195739746,7819896
1994-11-09,17.626672744750977,17.776052474975586,17.507169723510742,17.686424255371094,9.151266098022461,10949946
1994-11-10,17.56692123413086,17.596797943115234,17.118785858154297,17.208412170410156,8.903940200805664,11240316
1994-11-11,17.208412170410156,17.447418212890625,17.148662567138672,17.29804039001465,8.950310707092285,7731614
1994-11-14,17.387666702270508,17.447418212890625,17.268163681030273,17.417543411254883,9.01214599609375,6327882
1994-11-15,17.417543411254883,17.65654945373535,17.32791519165039,17.477294921875,9.04306411743164,7319071
1994-11-16,17.447418212890625,17.477294921875,17.357791900634766,17.387666702270508,8.996685028076172,5323303
1994-11-17,17.507169723510742,17.626672744750977,17.387666702270508,17.477294921875,9.04306411743164,7596052
1994-11-18,17.447418212890625,17.537046432495117,17.387666702270508,17.507169723510742,9.05851936340332,13064958
1994-11-21,17.507169723510742,17.716299057006836,17.357791900634766,17.417543411254883,9.01214599609375,6987698
1994-11-22,17.387666702270508,17.417543411254883,16.581022262573242,16.670650482177734,8.625690460205078,10004362
1994-11-23,16.5511474609375,16.73040199279785,16.252389907836914,16.73040199279785,8.656608581542969,19618358
1994-11-25,16.73040199279785,16.939531326293945,16.73040199279785,16.909656524658203,8.749354362487793,4584409
1994-11-28,16.939531326293945,17.118785858154297,16.79015350341797,16.879779815673828,8.733894348144531,8345825
1994-11-29,16.879779815673828,16.969406127929688,16.79015350341797,16.879779815673828,8.733894348144531,5633756
1994-11-30,16.999282836914062,17.029159545898438,16.879779815673828,16.909656524658203,8.749354362487793,8207334
1994-12-01,16.879779815673828,16.909656524658203,16.5511474609375,16.610898971557617,8.594772338867188,6943348
1994-12-02,16.5511474609375,17.05903434753418,16.461519241333008,17.05903434753418,8.826643943786621,8342059
1994-12-05,17.118785858154297,17.29804039001465,17.05903434753418,17.05903434753418,8.826643943786621,8575526
1994-12-06,17.029159545898438,17.208412170410156,17.029159545898438,17.118785858154297,8.857559204101562,8070099
1994-12-07,16.909656524658203,17.05903434753418,16.879779815673828,17.029159545898438,8.811182975769043,5504470
1994-12-08,16.999282836914062,17.088909149169922,16.670650482177734,16.760276794433594,8.672059059143066,7187694
1994-12-09,16.64077377319336,17.088909149169922,16.610898971557617,17.088909149169922,8.842105865478516,10347032
1994-12-12,16.999282836914062,17.05903434753418,16.64077377319336,16.879779815673828,8.733894348144531,9228230
1994-12-13,16.909656524658203,16.969406127929688,16.64077377319336,16.670650482177734,8.625690460205078,5728314
1994-12-14,16.610898971557617,16.879779815673828,16.581022262573242,16.79015350341797,8.687520980834961,8552933
1994-12-15,16.82002830505371,16.969406127929688,16.760276794433594,16.849903106689453,8.71843433380127,7888095
1994-12-16,16.939531326293945,16.939531326293945,16.700525283813477,16.760276794433594,8.672059059143066,12317696
1994-12-19,16.849903106689453,17.118785858154297,16.849903106689453,17.118785858154297,8.857559204101562,10134066
1994-12-20,17.05903434753418,17.118785858154297,16.909656524658203,16.909656524658203,8.749354362487793,7224931
1994-12-21,16.999282836914062,17.596797943115234,16.969406127929688,17.596797943115234,9.10489273071289,13438590
1994-12-22,17.596797943115234,17.83580207824707,17.56692123413086,17.56692123413086,9.089438438415527,11138226
1994-12-23,17.596797943115234,17.74617576599121,17.507169723510742,17.56692123413086,9.089438438415527,3926266
1994-12-27,17.716299057006836,17.805927276611328,17.626672744750977,17.74617576599121,9.182184219360352,5160127
1994-12-28,17.776052474975586,17.776052474975586,17.32791519165039,17.447418212890625,9.027602195739746,5672249
1994-12-29,17.447418212890625,17.776052474975586,17.447418212890625,17.776052474975586,9.197647094726562,8059221
1994-12-30,17.74617576599121,17.805927276611328,17.477294921875,17.56692123413086,9.089438438415527,6046717
1995-01-03,17.56692123413086,17.65654945373535,17.537046432495117,17.626672744750977,9.120353698730469,4886494
1995-01-04,17.65654945373535,17.83580207824707,17.507169723510742,17.776052474975586,9.197647094726562,8345825
1995-01-05,17.776052474975586,17.98518180847168,17.626672744750977,17.686424255371094,9.151266098022461,9501446
1995-01-06,17.74617576599121,18.104684829711914,17.716299057006836,17.955305099487305,9.290393829345703,12721452
1995-01-09,17.925430297851562,18.134559631347656,17.895553588867188,18.044933319091797,9.336770057678223,7167192
1995-01-10,18.16443634033203,18.463193893432617,18.07480812072754,18.313814163208008,9.4758939743042,14312627
1995-01-11,18.4034423828125,18.433317184448242,17.98518180847168,18.16443634033203,9.398601531982422,10252055
1995-01-12,18.134559631347656,18.25406265258789,18.044933319091797,18.16443634033203,9.398601531982422,9522366
1995-01-13,18.343690872192383,18.373565673828125,18.104684829711914,18.25406265258789,9.444973945617676,8494775
1995-01-16,18.25406265258789,18.642446517944336,18.25406265258789,18.522945404052734,9.584101676940918,11363744
1995-01-17,18.463193893432617,18.642446517944336,18.433317184448242,18.522945404052734,9.584101676940918,6678919
1995-01-18,18.552820205688477,18.612571716308594,18.313814163208008,18.463193893432617,9.553189277648926,7709438
1995-01-19,18.433317184448242,18.552820205688477,18.25406265258789,18.283939361572266,9.460434913635254,7170958
1995-01-20,18.25406265258789,18.283939361572266,17.925430297851562,18.015056610107422,9.321310997009277,13946946
1995-01-23,17.805927276611328,17.805927276611328,17.29804039001465,17.74617576599121,9.182184219360352,20558921
1995-01-24,17.716299057006836,17.895553588867188,17.56692123413086,17.686424255371094,9.151266098022461,13290894
1995-01-25,17.208412170410156,17.477294921875,17.208412170410156,17.29804039001465,8.950310707092285,15932672
1995-01-26,17.29804039001465,17.537046432495117,17.268163681030273,17.29804039001465,8.950310707092285,9024051
1995-01-27,17.387666702270508,17.477294921875,16.879779815673828,17.32791519165039,8.965770721435547,11368346
1995-01-30,17.387666702270508,17.447418212890625,17.088909149169922,17.148662567138672,8.87302303314209,5935004
1995-01-31,17.208412170410156,17.417543411254883,16.79015350341797,17.23828887939453,8.919395446777344,11474202
1995-02-01,17.29804039001465,17.65654945373535,17.268163681030273,17.596797943115234,9.10489273071289,13773728
1995-02-02,17.596797943115234,17.776052474975586,17.56692123413086,17.776052474975586,9.197647094726562,6102782
1995-02-03,17.895553588867188,17.98518180847168,17.805927276611328,17.83580207824707,9.228557586669922,10722755
1995-02-06,17.776052474975586,17.895553588867188,17.716299057006836,17.776052474975586,9.22856330871582,5657186
1995-02-07,17.74617576599121,17.776052474975586,17.65654945373535,17.74617576599121,9.213048934936523,6069729
1995-02-08,17.716299057006836,17.895553588867188,17.716299057006836,17.74617576599121,9.213048934936523,6260938
1995-02-09,17.74617576599121,17.98518180847168,17.74617576599121,17.925430297851562,9.306109428405762,8259216
1995-02-10,17.955305099487305,18.104684829711914,17.925430297851562,17.925430297851562,9.306109428405762,6439176
1995-02-13,17.955305099487305,18.015056610107422,17.865678787231445,17.895553588867188,9.290599822998047,5112011
1995-02-14,17.925430297851562,18.07480812072754,17.83580207824707,18.07480812072754,9.383661270141602,7097738
1995-02-15,18.07480812072754,18.134559631347656,17.955305099487305,18.07480812072754,9.383661270141602,6806113
1995-02-16,18.134559631347656,18.22418785095215,18.044933319091797,18.044933319091797,9.368154525756836,7122842
1995-02-17,18.104684829711914,18.104684829711914,17.865678787231445,17.925430297851562,9.306109428405762,12208912
1995-02-21,17.925430297851562,17.955305099487305,17.716299057006836,17.74617576599121,9.213048934936523,6514488
1995-02-22,17.74617576599121,17.805927276611328,17.716299057006836,17.74617576599121,9.213048934936523,7179744
1995-02-23,17.865678787231445,18.104684829711914,17.716299057006836,17.74617576599121,9.213048934936523,9232414
1995-02-24,17.74617576599121,18.015056610107422,17.74617576599121,17.895553588867188,9.290599822998047,6542102
1995-02-27,17.83580207824707,18.015056610107422,17.626672744750977,17.686424255371094,9.182026863098145,8590589
1995-02-28,17.686424255371094,17.98518180847168,17.686424255371094,17.98518180847168,9.337127685546875,7529108
1995-03-01,17.955305099487305,18.25406265258789,17.955305099487305,18.015056610107422,9.352643013000488,8579292
1995-03-02,18.015056610107422,18.49306869506836,18.015056610107422,18.463193893432617,9.58530044555664,10086787
1995-03-03,18.433317184448242,19.120458602905273,18.4034423828125,19.09058380126953,9.9110107421875,23279776
1995-03-06,19.00095558166504,19.41921615600586,19.00095558166504,19.18021011352539,9.957540512084961,21101167
1995-03-07,19.210086822509766,19.32958984375,18.971080780029297,19.060707092285156,9.895498275756836,14437310
1995-03-08,19.060707092285156,19.120458602905273,18.76194953918457,19.060707092285156,9.895498275756836,12691327
1995-03-09,19.210086822509766,19.449092864990234,19.210086822509766,19.26983642578125,10.004066467285156,13089226
1995-03-10,19.32958984375,19.50884246826172,19.210086822509766,19.389339447021484,10.0661039352417,9929050
1995-03-13,19.478967666625977,19.83747673034668,19.478967666625977,19.59847068786621,10.174681663513184,14607181
1995-03-14,19.658222198486328,19.777725219726562,19.478967666625977,19.478967666625977,10.112643241882324,9484710
1995-03-15,19.41921615600586,19.658222198486328,19.41921615600586,19.538719177246094,10.143659591674805,7410701
1995-03-16,19.538719177246094,19.986854553222656,19.50884246826172,19.956979751586914,10.36080551147461,11906409
1995-03-17,19.956979751586914,19.986854553222656,19.747848510742188,19.747848510742188,10.25223159790039,12415602
1995-03-20,19.777725219726562,20.07648277282715,19.717973709106445,19.956979751586914,10.36080551147461,7707765
1995-03-21,19.956979751586914,20.07648277282715,19.628345489501953,19.658222198486328,10.205702781677246,8321976
1995-03-22,19.628345489501953,19.747848510742188,19.41921615600586,19.50884246826172,10.128152847290039,10239085
1995-03-23,19.478967666625977,19.92710304260254,19.478967666625977,19.92710304260254,10.345295906066895,11564994
1995-03-24,19.986854553222656,20.166109085083008,19.956979751586914,19.986854553222656,10.376312255859375,10792628
1995-03-27,20.046606063842773,20.34536361694336,20.046606063842773,20.315488815307617,10.54692554473877,8487244
1995-03-28,20.285612106323242,20.285612106323242,20.136232376098633,20.195985794067383,10.484884262084961,5660952
1995-03-29,20.136232376098633,20.255735397338867,19.717973709106445,19.83747673034668,10.298759460449219,12432338
1995-03-30,19.867351531982422,19.92710304260254,19.538719177246094,19.688098907470703,10.221207618713379,12372506
1995-03-31,19.628345489501953,19.956979751586914,19.449092864990234,19.628345489501953,10.19018840789795,10953712
1995-04-03,19.658222198486328,19.956979751586914,19.658222198486328,19.807600021362305,10.283254623413086,7924914
1995-04-04,19.867351531982422,19.986854553222656,19.717973709106445,19.83747673034668,10.298759460449219,7048366
1995-04-05,19.807600021362305,20.10635757446289,19.807600021362305,20.07648277282715,10.422843933105469,8402727
1995-04-06,20.166109085083008,20.225860595703125,19.986854553222656,20.046606063842773,10.407330513000488,6219516
1995-04-07,20.0167293548584,20.34536361694336,19.956979751586914,20.07648277282715,10.422843933105469,10160007
1995-04-10,20.07648277282715,20.554492950439453,20.07648277282715,20.554492950439453,10.671005249023438,8851670
1995-04-11,20.52461814880371,20.763622283935547,20.464866638183594,20.733747482299805,10.764070510864258,10798904
1995-04-12,20.673995971679688,20.94287872314453,20.584369659423828,20.823375701904297,10.81059741973877,7962989
1995-04-13,20.763622283935547,20.88312530517578,20.584369659423828,20.644119262695312,10.717535018920898,5779778
1995-04-17,20.793498992919922,21.152008056640625,20.763622283935547,21.002628326416016,10.90366268157959,9161286
1995-04-18,21.062379837036133,21.152008056640625,20.823375701904297,21.092256546020508,10.95019245147705,8237459
1995-04-19,21.002628326416016,21.092256546020508,20.554492950439453,20.823375701904297,10.81059741973877,10779658
1995-04-20,21.420888900756836,21.600143432617188,21.181882858276367,21.27151107788086,11.043252944946289,25094377
1995-04-21,21.36113739013672,21.988527297973633,21.3013858795166,21.898900985717773,11.368966102600098,24628698
1995-04-24,21.8690242767334,22.436662673950195,21.749521255493164,22.347036361694336,11.601614952087402,18070278
1995-04-25,22.257408142089844,22.436662673950195,22.19765853881836,22.376911163330078,11.617131233215332,14000919
1995-04-26,22.257408142089844,22.884798049926758,22.19765853881836,22.765296936035156,11.818760871887207,15478708
1995-04-27,22.675668716430664,23.1536808013916,22.615917205810547,23.1536808013916,12.0203857421875,14539818
1995-04-28,22.944551467895508,23.004301071166992,22.526290893554688,22.615917205810547,11.741204261779785,20922510
1995-05-01,22.436662673950195,22.526290893554688,21.928775787353516,22.018402099609375,11.430999755859375,14241499
1995-05-02,21.898900985717773,22.317161560058594,21.898900985717773,22.19765853881836,11.524067878723145,14237315
1995-05-03,22.2275333404541,22.615917205810547,22.2275333404541,22.526290893554688,11.694674491882324,11181322
1995-05-04,22.645793914794922,22.97442626953125,22.28728485107422,22.406787872314453,11.663575172424316,18229688
1995-05-05,22.526290893554688,22.615917205810547,22.19765853881836,22.257408142089844,11.585814476013184,12781283
1995-05-08,22.167781829833984,22.765296936035156,22.13790512084961,22.406787872314453,11.663575172424316,11311026
1995-05-09,22.496414184570312,22.55616569519043,22.317161560058594,22.376911163330078,11.648022651672363,11631102
1995-05-10,22.436662673950195,22.70554542541504,22.436662673950195,22.436662673950195,11.679121017456055,12095526
1995-05-11,22.347036361694336,22.73542022705078,22.28728485107422,22.526290893554688,11.725777626037598,10814803
1995-05-12,22.406787872314453,22.854923248291016,22.406787872314453,22.55616569519043,11.741332054138184,11147850
1995-05-15,22.586042404174805,22.7951717376709,22.496414184570312,22.70554542541504,11.819090843200684,7986419
1995-05-16,22.526290893554688,22.914674758911133,22.526290893554688,22.615917205810547,11.77243423461914,11437801
1995-05-17,22.70554542541504,22.854923248291016,22.645793914794922,22.675668716430664,11.803542137145996,10060428
1995-05-18,22.615917205810547,22.97442626953125,22.257408142089844,22.257408142089844,11.585814476013184,14356978
1995-05-19,22.04827880859375,22.406787872314453,22.04827880859375,22.317161560058594,11.616926193237305,17007123
1995-05-22,22.347036361694336,22.7951717376709,22.347036361694336,22.765296936035156,11.850198745727539,9330738
1995-05-23,22.825048446655273,23.332935333251953,22.825048446655273,23.24330711364746,12.099016189575195,14767846
1995-05-24,23.303058624267578,23.39268684387207,22.586042404174805,22.97442626953125,11.959051132202148,13228553
1995-05-25,23.004301071166992,23.39268684387207,22.914674758911133,23.123804092407227,12.036808013916016,12082137
1995-05-26,23.093929290771484,23.303058624267578,22.586042404174805,22.70554542541504,11.819090843200684,9291827
1995-05-30,22.854923248291016,22.884798049926758,21.8690242767334,22.13790512084961,11.523612022399902,13179600
1995-05-31,22.078155517578125,22.376911163330078,21.95865249633789,22.2275333404541,11.570265769958496,11508092
1995-06-01,22.347036361694336,22.70554542541504,22.317161560058594,22.526290893554688,11.725777626037598,10576734
1995-06-02,22.376911163330078,22.7951717376709,22.317161560058594,22.436662673950195,11.679121017456055,8333273
1995-06-05,21.928775787353516,22.347036361694336,21.510515213012695,21.80927276611328,11.352546691894531,24480584
1995-06-06,22.078155517578125,22.167781829833984,21.839149475097656,21.839149475097656,11.368090629577637,12562042
1995-06-07,21.68977165222168,21.839149475097656,21.27151107788086,21.480640411376953,11.181482315063477,16512574
1995-06-08,21.54039192199707,21.68977165222168,21.12213134765625,21.36113739013672,11.119274139404297,14200496
1995-06-09,21.420888900756836,21.570268630981445,21.181882858276367,21.3013858795166,11.08817195892334,13842346
1995-06-12,21.63001823425293,21.68977165222168,21.45076560974121,21.570268630981445,11.228134155273438,12534009
1995-06-13,21.839149475097656,22.04827880859375,21.719646453857422,21.928775787353516,11.414752006530762,12155357
1995-06-14,21.95865249633789,22.317161560058594,21.95865249633789,22.2275333404541,11.570265769958496,10721500
1995-06-15,22.376911163330078,22.46653938293457,22.2275333404541,22.2275333404541,11.570265769958496,9175094
1995-06-16,22.257408142089844,22.376911163330078,22.13790512084961,22.13790512084961,11.523612022399902,11283411
1995-06-19,22.317161560058594,22.615917205810547,22.28728485107422,22.406787872314453,11.663575172424316,9944113
1995-06-20,22.436662673950195,23.422561645507812,22.436662673950195,23.362810134887695,12.161218643188477,14932278
1995-06-21,23.422561645507812,23.571941375732422,23.21343231201172,23.21343231201172,12.083466529846191,14980812
1995-06-22,23.273183822631836,23.691444396972656,23.273183822631836,23.303058624267578,12.130119323730469,18176133
1995-06-23,23.303058624267578,23.751195907592773,23.24330711364746,23.571941375732422,12.270081520080566,10299334
1995-06-26,23.542064666748047,23.7213191986084,23.422561645507812,23.48231315612793,12.223427772521973,9121120
1995-06-27,23.452438354492188,23.58687973022461,22.586042404174805,22.7951717376709,11.865743637084961,13723102
1995-06-28,22.70554542541504,23.093929290771484,22.55616569519043,22.97442626953125,11.959051132202148,13056590
1995-06-29,23.034177780151367,23.452438354492188,23.034177780151367,23.183555603027344,12.067914962768555,10403934
1995-06-30,23.362810134887695,23.452438354492188,22.7951717376709,22.944551467895508,11.943500518798828,9036603
1995-07-03,23.004301071166992,23.39268684387207,22.884798049926758,23.332935333251953,12.14566707611084,2859346
1995-07-05,23.39268684387207,23.571941375732422,23.123804092407227,23.123804092407227,12.036808013916016,10119422
1995-07-06,23.21343231201172,23.63169288635254,23.1536808013916,23.63169288635254,12.301187515258789,9827379
1995-07-07,23.571941375732422,24.049951553344727,23.571941375732422,23.781070709228516,12.378935813903809,16347306
1995-07-10,23.90057373046875,24.199331283569336,23.90057373046875,24.049951553344727,12.518909454345703,9597259
1995-07-11,23.90057373046875,24.13957977294922,23.781070709228516,23.840822219848633,12.410046577453613,8817362
1995-07-12,23.990201950073242,24.378585815429688,23.810945510864258,24.288957595825195,12.64332103729248,11917287
1995-07-13,24.31883430480957,24.91634750366211,24.199331283569336,24.796844482421875,12.90768814086914,14586261
1995-07-14,24.527963638305664,24.886472702026367,24.40846061706543,24.82672119140625,12.923239707946777,11066680
1995-07-17,24.886472702026367,25.693117141723633,24.856597900390625,25.633365631103516,13.343137741088867,15616362
1995-07-18,25.5736141204834,25.961997985839844,24.58771514892578,25.5736141204834,13.312030792236328,37451402
1995-07-19,25.155353546142578,25.215105056762695,23.362810134887695,24.199331283569336,12.596661567687988,35868177
1995-07-20,24.378585815429688,24.946224212646484,24.229206085205078,24.886472702026367,12.954340934753418,21194889
1995-07-21,24.856597900390625,25.06572723388672,24.6474666595459,24.766969680786133,12.892139434814453,18286590
1995-07-24,24.886472702026367,25.782743453979492,24.73709487915039,25.693117141723633,13.374237060546875,21622494
1995-07-25,25.693117141723633,26.35038185119629,25.693117141723633,25.902246475219727,13.483089447021484,22267248
1995-07-26,26.081501007080078,26.201004028320312,25.872371673583984,26.051624298095703,13.5608491897583,14990017
1995-07-27,26.171127319335938,26.4997615814209,26.171127319335938,26.469884872436523,13.778560638427734,12941112
1995-07-28,26.4997615814209,26.589387893676758,26.26075553894043,26.44001007080078,13.763025283813477,10192642
1995-07-31,26.44001007080078,26.589387893676758,25.93212127685547,26.02174949645996,13.545299530029297,11025677
1995-08-01,26.081501007080078,26.320507049560547,25.633365631103516,26.201004028320312,13.638606071472168,12662458
1995-08-02,26.44001007080078,26.708890914916992,25.5736141204834,25.693117141723633,13.374237060546875,12811826
1995-08-03,25.454111099243164,26.171127319335938,25.24498176574707,26.051624298095703,13.5608491897583,13746950
1995-08-04,26.081501007080078,26.230880737304688,25.93212127685547,25.961997985839844,13.514190673828125,5260125
1995-08-07,26.081501007080078,26.141252517700195,25.961997985839844,26.02174949645996,13.545299530029297,5986467
1995-08-08,26.02174949645996,26.290630340576172,26.02174949645996,26.201004028320312,13.670004844665527,7511535
1995-08-09,26.290630340576172,26.380258560180664,26.201004028320312,26.26075553894043,13.701172828674316,8229091
1995-08-10,26.26075553894043,26.380258560180664,26.02174949645996,26.081501007080078,13.607649803161621,8248338
1995-08-11,26.171127319335938,26.201004028320312,25.902246475219727,26.111377716064453,13.6232271194458,9739097
1995-08-14,26.111377716064453,26.4997615814209,26.111377716064453,26.469884872436523,13.810279846191406,7314887
1995-08-15,26.52963638305664,26.79851722717285,26.35038185119629,26.76864242553711,13.966150283813477,11300984
1995-08-16,26.79851722717285,26.94789695739746,26.469884872436523,26.8582706451416,14.012917518615723,12329411
1995-08-17,26.8582706451416,27.396032333374023,26.828393936157227,27.157026290893555,14.168787002563477,12676265
1995-08-18,27.216777801513672,27.246654510498047,26.559511184692383,26.619264602661133,13.888215065002441,15472850
1995-08-21,26.619264602661133,26.619264602661133,25.454111099243164,25.51386260986328,13.311488151550293,19667729
1995-08-22,25.5736141204834,25.872371673583984,25.24498176574707,25.722991943359375,13.420600891113281,23071831
1995-08-23,25.84249496459961,25.93212127685547,25.454111099243164,25.48398780822754,13.295907020568848,13551976
1995-08-24,25.48398780822754,25.48398780822754,24.976099014282227,25.06572723388672,13.077686309814453,15886648
1995-08-25,24.796844482421875,25.18522834777832,24.796844482421875,24.82672119140625,12.952980041503906,11641143
1995-08-28,24.796844482421875,24.82672119140625,24.229206085205078,24.288957595825195,12.672414779663086,17212558
1995-08-29,24.40846061706543,24.527963638305664,23.571941375732422,24.468212127685547,12.76593017578125,25714864
1995-08-30,24.6474666595459,24.73709487915039,24.16945457458496,24.288957595825195,12.672414779663086,13596326
1995-08-31,24.498088836669922,24.796844482421875,24.378585815429688,24.707218170166016,12.890631675720215,9691818
1995-09-01,24.557838439941406,24.976099014282227,24.468212127685547,24.557838439941406,12.812697410583496,7610278
1995-09-05,24.617591857910156,24.617591857910156,23.930448532104492,24.16945457458496,12.610065460205078,27900167
1995-09-06,24.378585815429688,24.527963638305664,24.049951553344727,24.0798282623291,12.563310623168945,17537236
1995-09-07,24.020076751708984,24.199331283569336,23.66156768798828,23.751195907592773,12.391844749450684,16950639
1995-09-08,23.90057373046875,23.90057373046875,23.452438354492188,23.63169288635254,12.329501152038574,22407412
1995-09-11,23.48231315612793,23.512189865112305,22.914674758911133,23.034177780151367,12.017752647399902,27695988
1995-09-12,22.97442626953125,23.542064666748047,22.73542022705078,23.303058624267578,12.15804386138916,30492155
1995-09-13,23.303058624267578,23.601816177368164,22.078155517578125,22.615917205810547,11.799522399902344,58252158
1995-09-14,22.765296936035156,22.854923248291016,22.108030319213867,22.317161560058594,11.643654823303223,32908834
1995-09-15,22.167781829833984,22.167781829833984,21.898900985717773,22.04827880859375,11.503373146057129,28369194
1995-09-18,22.108030319213867,22.526290893554688,22.078155517578125,22.496414184570312,11.737180709838867,18634281
1995-09-19,22.615917205810547,23.1536808013916,22.526290893554688,23.123804092407227,12.0645112991333,17655225
1995-09-20,23.332935333251953,23.452438354492188,22.854923248291016,22.884798049926758,11.939812660217285,12370833
1995-09-21,22.884798049926758,23.064054489135742,22.436662673950195,22.55616569519043,11.768354415893555,11995528
1995-09-22,22.436662673950195,22.55616569519043,22.317161560058594,22.436662673950195,11.706002235412598,9808551
1995-09-25,22.46653938293457,22.645793914794922,22.13790512084961,22.167781829833984,11.565727233886719,12432756
1995-09-26,22.28728485107422,22.436662673950195,22.108030319213867,22.19765853881836,11.58130168914795,11609763
1995-09-27,22.13790512084961,22.586042404174805,21.95865249633789,22.55616569519043,11.768354415893555,19625889
1995-09-28,22.675668716430664,22.7951717376709,22.436662673950195,22.436662673950195,11.706002235412598,11945738
1995-09-29,22.526290893554688,22.765296936035156,22.376911163330078,22.586042404174805,11.783940315246582,10867103
1995-10-02,22.70554542541504,22.854923248291016,22.317161560058594,22.347036361694336,11.659241676330566,9924030
1995-10-03,22.347036361694336,22.765296936035156,22.317161560058594,22.675668716430664,11.830700874328613,13767870
1995-10-04,22.526290893554688,22.615917205810547,22.317161560058594,22.406787872314453,11.69041919708252,8397288
1995-10-05,22.436662673950195,22.70554542541504,22.347036361694336,22.586042404174805,11.783940315246582,10331551
1995-10-06,22.765296936035156,22.7951717376709,22.496414184570312,22.496414184570312,11.737180709838867,10870032
1995-10-09,22.436662673950195,22.496414184570312,21.988527297973633,21.988527297973633,11.472196578979492,12641956
1995-10-10,21.510515213012695,21.77939796447754,21.3013858795166,21.68977165222168,11.316325187683105,27061275
1995-10-11,21.8690242767334,22.19765853881836,21.80927276611328,22.108030319213867,11.53454875946045,14054056
1995-10-12,22.28728485107422,22.347036361694336,22.018402099609375,22.2275333404541,11.596893310546875,9822777
1995-10-13,22.46653938293457,22.526290893554688,22.108030319213867,22.108030319213867,11.53454875946045,9842442
1995-10-16,22.108030319213867,22.496414184570312,22.108030319213867,22.46653938293457,11.72159481048584,11081742
1995-10-17,22.108030319213867,23.183555603027344,21.80927276611328,23.1536808013916,12.08010196685791,47879186
1995-10-18,23.39268684387207,23.48231315612793,22.884798049926758,23.034177780151367,12.017752647399902,30561610
1995-10-19,23.1536808013916,23.512189865112305,22.944551467895508,23.48231315612793,12.25156307220459,19609153
1995-10-20,23.48231315612793,23.542064666748047,22.765296936035156,22.7951717376709,11.893045425415039,18633862
1995-10-23,22.854923248291016,23.66156768798828,22.854923248291016,23.66156768798828,12.345081329345703,17361090
1995-10-24,23.63169288635254,23.7213191986084,23.24330711364746,23.422561645507812,12.220382690429688,13018098
1995-10-25,23.542064666748047,23.542064666748047,22.944551467895508,22.97442626953125,11.986576080322266,11455792
1995-10-26,23.004301071166992,23.093929290771484,22.615917205810547,22.914674758911133,11.955405235290527,14023931
1995-10-27,22.914674758911133,23.093929290771484,22.884798049926758,23.064054489135742,12.033332824707031,10349961
1995-10-30,23.303058624267578,23.601816177368164,23.21343231201172,23.48231315612793,12.25156307220459,13300099
1995-10-31,23.512189865112305,23.691444396972656,23.1536808013916,23.24330711364746,12.126860618591309,12354515
1995-11-01,23.24330711364746,23.332935333251953,23.034177780151367,23.1536808013916,12.08010196685791,8614019
1995-11-02,23.183555603027344,23.870698928833008,23.123804092407227,23.810945510864258,12.423015594482422,13780422
1995-11-03,23.90057373046875,24.259082794189453,23.870698928833008,24.259082794189453,12.656830787658691,13582101
1995-11-06,24.199331283569336,24.468212127685547,23.90057373046875,24.020076751708984,12.53212833404541,13043620
1995-11-07,23.781070709228516,24.049951553344727,23.452438354492188,23.601816177368164,12.313902854919434,16224297
1995-11-08,23.691444396972656,23.930448532104492,23.24330711364746,23.362810134887695,12.2201509475708,11252450
1995-11-09,23.66156768798828,23.840822219848633,23.422561645507812,23.512189865112305,12.298282623291016,13361604
1995-11-10,23.303058624267578,23.48231315612793,23.093929290771484,23.273183822631836,12.17326831817627,9778426
1995-11-13,23.303058624267578,23.422561645507812,23.183555603027344,23.273183822631836,12.17326831817627,9934071
1995-11-14,23.1536808013916,23.273183822631836,22.765296936035156,22.7951717376709,11.923238754272461,9654162
1995-11-15,22.854923248291016,23.004301071166992,22.645793914794922,22.825048446655273,11.938864707946777,9395590
1995-11-16,22.854923248291016,23.123804092407227,22.73542022705078,22.854923248291016,11.954492568969727,12428572
1995-11-17,22.7951717376709,22.914674758911133,22.645793914794922,22.73542022705078,11.891983985900879,11569178
1995-11-20,22.70554542541504,22.7951717376709,22.2275333404541,22.2275333404541,11.62633228302002,10985929
1995-11-21,22.257408142089844,22.675668716430664,22.2275333404541,22.586042404174805,11.813851356506348,13096757
1995-11-22,22.645793914794922,23.034177780151367,22.55616569519043,22.765296936035156,11.907607078552246,9198524
1995-11-24,22.765296936035156,23.093929290771484,22.765296936035156,22.914674758911133,11.985743522644043,3111222
1995-11-27,23.064054489135742,23.273183822631836,22.854923248291016,22.914674758911133,11.985743522644043,9212331
1995-11-28,22.884798049926758,23.303058624267578,22.854923248291016,23.183555603027344,12.12637996673584,12096781
1995-11-29,23.24330711364746,23.303058624267578,23.123804092407227,23.21343231201172,12.142013549804688,11809340
1995-11-30,23.24330711364746,23.452438354492188,23.093929290771484,23.093929290771484,12.079509735107422,10729450
1995-12-01,23.183555603027344,23.183555603027344,22.645793914794922,22.645793914794922,11.845104217529297,10526526
1995-12-04,22.70554542541504,23.24330711364746,22.615917205810547,22.97442626953125,12.017005920410156,11318138
1995-12-05,23.1536808013916,23.21343231201172,22.854923248291016,22.884798049926758,11.970115661621094,11511858
1995-12-06,23.004301071166992,23.064054489135742,22.526290893554688,22.884798049926758,11.970115661621094,12633170
1995-12-07,22.765296936035156,22.825048446655273,22.46653938293457,22.645793914794922,11.845104217529297,11488846
1995-12-08,22.70554542541504,23.1536808013916,22.615917205810547,23.1536808013916,12.110756874084473,10703509
1995-12-11,23.21343231201172,23.24330711364746,22.914674758911133,23.004301071166992,12.032630920410156,8824893
1995-12-12,23.034177780151367,23.123804092407227,22.765296936035156,22.7951717376709,11.923238754272461,9065891
1995-12-13,22.73542022705078,22.7951717376709,22.55616569519043,22.586042404174805,11.813851356506348,11530686
1995-12-14,22.645793914794922,22.73542022705078,22.078155517578125,22.406787872314453,11.72008991241455,14185852
1995-12-15,21.988527297973633,21.988527297973633,21.480640411376953,21.570268630981445,11.282541275024414,28653706
1995-12-18,21.510515213012695,21.54039192199707,20.972753524780273,21.27151107788086,11.126270294189453,26590157
1995-12-19,21.3013858795166,21.95865249633789,21.3013858795166,21.95865249633789,11.48569393157959,15666570
1995-12-20,21.988527297973633,21.988527297973633,21.3013858795166,21.36113739013672,11.173152923583984,15086667
1995-12-21,21.480640411376953,21.77939796447754,21.45076560974121,21.719646453857422,11.360671043395996,11188016
1995-12-22,21.719646453857422,21.95865249633789,21.719646453857422,21.80927276611328,11.407556533813477,7855042
1995-12-26,21.988527297973633,22.018402099609375,21.898900985717773,21.928775787353516,11.470067977905273,3955554
1995-12-27,21.928775787353516,21.988527297973633,21.68977165222168,21.988527297973633,11.501313209533691,6577248
1995-12-28,21.77939796447754,21.839149475097656,21.510515213012695,21.54039192199707,11.266911506652832,7436642
1995-12-29,21.600143432617188,21.928775787353516,21.39101219177246,21.839149475097656,11.42318058013916,14491284
1996-01-02,21.839149475097656,22.018402099609375,21.659894943237305,21.719646453857422,11.360671043395996,10495146
1996-01-03,21.749521255493164,21.80927276611328,21.27151107788086,21.331262588500977,11.157526016235352,13104288
1996-01-04,21.3013858795166,21.3013858795166,20.464866638183594,20.763622283935547,10.86061954498291,33820109
1996-01-05,20.554492950439453,21.211759567260742,20.554492950439453,21.181882858276367,11.079391479492188,16218858
1996-01-08,21.181882858276367,21.331262588500977,21.181882858276367,21.3013858795166,11.14189624786377,3694054
1996-01-09,21.3013858795166,21.3013858795166,20.584369659423828,20.733747482299805,10.844990730285645,15579124
1996-01-10,20.703872680664062,21.331262588500977,20.703872680664062,20.85325050354004,10.90749740600586,23798174
1996-01-11,21.062379837036133,21.152008056640625,20.554492950439453,20.85325050354004,10.90749740600586,19349326
1996-01-12,20.85325050354004,20.85325050354004,20.584369659423828,20.644119262695312,10.798110008239746,11147850
1996-01-15,20.673995971679688,20.673995971679688,19.867351531982422,19.867351531982422,10.391813278198242,15659875
1996-01-16,20.10635757446289,20.972753524780273,19.956979751586914,20.793498992919922,10.876243591308594,19300792
1996-01-17,20.733747482299805,21.331262588500977,20.494741439819336,20.94287872314453,10.954379081726074,20171901
1996-01-18,21.510515213012695,23.004301071166992,21.420888900756836,23.004301071166992,12.032630920410156,41241688
1996-01-19,23.093929290771484,24.886472702026367,23.064054489135742,24.378585815429688,12.75145149230957,55002864
1996-01-22,24.259082794189453,24.82672119140625,24.229206085205078,24.438337326049805,12.782709121704102,22145912
1996-01-23,24.0798282623291,24.976099014282227,24.0798282623291,24.617591857910156,12.876466751098633,20749293
1996-01-24,24.6474666595459,26.051624298095703,24.6474666595459,25.5736141204834,13.376529693603516,33425558
1996-01-25,25.722991943359375,25.812620162963867,24.886472702026367,24.886472702026367,13.017115592956543,19756011
1996-01-26,24.82672119140625,25.394359588623047,24.73709487915039,25.035850524902344,13.095246315002441,11075466
1996-01-29,25.035850524902344,25.48398780822754,24.91634750366211,25.454111099243164,13.314020156860352,9910222
1996-01-30,25.454111099243164,26.051624298095703,25.42423439025879,25.961997985839844,13.579678535461426,19219622
1996-01-31,25.812620162963867,26.26075553894043,25.693117141723633,25.93212127685547,13.564048767089844,20981923
1996-02-01,25.99187469482422,26.380258560180664,25.84249496459961,26.051624298095703,13.62656307220459,17061515
1996-02-02,26.051624298095703,26.26075553894043,25.99187469482422,26.201004028320312,13.70469856262207,13016006
1996-02-05,26.141252517700195,26.8582706451416,26.111377716064453,26.828393936157227,14.032867431640625,13744022
1996-02-06,26.977771759033203,27.515535354614258,26.918020248413086,27.425907135009766,14.34538745880127,21085686
1996-02-07,27.246654510498047,27.396032333374023,26.649139404296875,26.918020248413086,14.11047077178955,16841437
1996-02-08,26.8582706451416,27.36615753173828,26.738767623901367,27.127151489257812,14.220099449157715,13366206
1996-02-09,27.097274780273438,27.336280822753906,27.007648468017578,27.127151489257812,14.220099449157715,14106356
1996-02-12,27.27652931213379,27.69478988647461,27.216777801513672,27.54541015625,14.439352989196777,15341054
1996-02-13,27.246654510498047,27.45578384399414,27.127151489257812,27.157026290893555,14.235763549804688,14508857
1996-02-14,27.216777801513672,27.485660552978516,27.186901092529297,27.30640411376953,14.314069747924805,13545282
1996-02-15,27.336280822753906,28.322179794311523,27.30640411376953,28.11305046081543,14.73691177368164,24414895
1996-02-16,28.20267677307129,28.411806106567383,28.083173751831055,28.20267677307129,14.78390121459961,20861006
1996-02-20,27.903919219970703,28.88981819152832,27.903919219970703,28.4715576171875,14.924846649169922,22268085
1996-02-21,28.441682815551758,28.830066680908203,28.352054595947266,28.740440368652344,15.065792083740234,17143103
1996-02-22,29.098947525024414,30.025096893310547,28.979446411132812,29.666587829589844,15.551287651062012,22408667
1996-02-23,29.875717163085938,30.14459800720215,29.63671112060547,30.025096893310547,15.739209175109863,17264021
1996-02-26,29.606836318969727,29.995220184326172,29.606836318969727,29.845840454101562,15.645238876342773,12060380
1996-02-27,29.905593872070312,30.801864624023438,29.756214141845703,30.771989822387695,16.1307373046875,19300374
1996-02-28,30.50310707092285,30.801864624023438,30.353727340698242,30.443355560302734,15.958457946777344,18355208
1996-02-29,29.875717163085938,30.443355560302734,29.158700942993164,29.30807876586914,15.363351821899414,30513494
1996-03-01,29.069072723388672,29.098947525024414,27.96367073059082,28.232553482055664,14.799560546875,33659862
1996-03-04,28.38193130493164,28.979446411132812,27.54541015625,27.754541397094727,14.548980712890625,18083666
1996-03-05,27.993547439575195,28.561185836791992,27.754541397094727,28.441682815551758,14.909180641174316,14828933
1996-03-06,28.62093734741211,28.65081214904785,27.814292907714844,27.96367073059082,14.658611297607422,11439893
1996-03-07,27.96367073059082,28.083173751831055,27.575286865234375,27.993547439575195,14.674270629882812,10336154
1996-03-08,27.60516357421875,27.933795928955078,26.828393936157227,27.30640411376953,14.314069747924805,22510338
1996-03-11,27.216777801513672,28.172800064086914,27.216777801513672,28.023422241210938,14.689937591552734,16468224
1996-03-12,27.635038375854492,27.72466468811035,27.157026290893555,27.30640411376953,14.314069747924805,17579494
1996-03-13,27.36615753173828,27.87404441833496,27.36615753173828,27.69478988647461,14.517662048339844,11760387
1996-03-14,27.844167709350586,28.38193130493164,27.754541397094727,27.933795928955078,14.642946243286133,12017703
1996-03-15,27.933795928955078,28.680688858032227,27.664913177490234,28.65081214904785,15.01880931854248,14733956
1996-03-18,28.830066680908203,29.905593872070312,28.80019187927246,29.786090850830078,15.613930702209473,15712594
1996-03-19,29.81596565246582,29.995220184326172,29.03919792175293,29.098947525024414,15.253725051879883,11706832
1996-03-20,28.88981819152832,28.88981819152832,27.30640411376953,27.96367073059082,14.658611297607422,31664094
1996-03-21,28.083173751831055,28.172800064086914,27.27652931213379,27.45578384399414,14.39237117767334,15810499
1996-03-22,27.485660552978516,27.664913177490234,27.30640411376953,27.30640411376953,14.314069747924805,9361282
1996-03-25,27.45578384399414,27.515535354614258,25.902246475219727,25.99187469482422,13.624995231628418,19758522
1996-03-26,25.902246475219727,26.76864242553711,25.722991943359375,26.469884872436523,13.875554084777832,19074438
1996-03-27,26.559511184692383,27.186901092529297,26.35038185119629,26.589387893676758,13.938204765319824,15145243
1996-03-28,26.738767623901367,26.8582706451416,26.171127319335938,26.230880737304688,13.750276565551758,12746974
1996-03-29,26.380258560180664,27.186901092529297,26.380258560180664,26.589387893676758,13.938204765319824,12265814
1996-04-01,26.79851722717285,26.94789695739746,26.290630340576172,26.380258560180664,13.828580856323242,9955828
1996-04-02,26.52963638305664,28.232553482055664,26.410133361816406,28.11305046081543,14.73691177368164,22623725
1996-04-03,28.083173751831055,28.80019187927246,27.754541397094727,28.62093734741211,15.003141403198242,17363182
1996-04-04,28.65081214904785,28.65081214904785,28.023422241210938,28.142925262451172,14.75257396697998,10470460
1996-04-08,27.635038375854492,28.531309127807617,27.36615753173828,28.531309127807617,14.956172943115234,16726377
1996-04-09,28.62093734741211,28.71056365966797,28.083173751831055,28.172800064086914,14.768232345581055,8219050
1996-04-10,28.142925262451172,28.88981819152832,27.515535354614258,27.72466468811035,14.533323287963867,13339010
1996-04-11,27.814292907714844,28.29230308532715,27.425907135009766,28.083173751831055,14.721254348754883,15772843
1996-04-12,27.54541015625,27.635038375854492,26.320507049560547,26.649139404296875,13.969515800476074,32472024
1996-04-15,26.918020248413086,27.336280822753906,26.649139404296875,27.27652931213379,14.298404693603516,9599351
1996-04-16,27.515535354614258,27.814292907714844,27.396032333374023,27.60516357421875,14.47067928314209,10202684
1996-04-17,27.903919219970703,28.71056365966797,24.707218170166016,25.155353546142578,13.18648624420166,68195434
1996-04-18,25.24498176574707,25.633365631103516,24.766969680786133,25.215105056762695,13.217802047729492,43421552
1996-04-19,25.274856567382812,25.60348892211914,25.0059757232666,25.18522834777832,13.202142715454102,20484027
1996-04-22,25.543737411499023,25.722991943359375,25.24498176574707,25.633365631103516,13.437063217163086,13864939
1996-04-23,25.693117141723633,25.75286865234375,25.51386260986328,25.5736141204834,13.405732154846191,10332388
1996-04-24,25.722991943359375,25.722991943359375,25.24498176574707,25.51386260986328,13.374409675598145,12666223
1996-04-25,25.5736141204834,25.93212127685547,25.48398780822754,25.872371673583984,13.56234359741211,18767332
1996-04-26,25.93212127685547,26.02174949645996,25.722991943359375,25.75286865234375,13.499698638916016,9547051
1996-04-29,25.75286865234375,25.99187469482422,25.663240432739258,25.961997985839844,13.609328269958496,11244082
1996-04-30,26.290630340576172,26.35038185119629,25.693117141723633,25.75286865234375,13.499698638916016,11146176
1996-05-01,25.75286865234375,25.93212127685547,25.722991943359375,25.782743453979492,13.515363693237305,8775522
1996-05-02,25.812620162963867,26.141252517700195,25.663240432739258,25.782743453979492,13.515363693237305,14708852
1996-05-03,25.872371673583984,26.051624298095703,25.75286865234375,25.84249496459961,13.546684265136719,8383899
1996-05-06,25.93212127685547,25.93212127685547,25.42423439025879,25.5736141204834,13.405732154846191,12184226
1996-05-07,25.5736141204834,25.633365631103516,25.24498176574707,25.304731369018555,13.264787673950195,9973401
1996-05-08,25.09560203552246,25.33460807800293,24.766969680786133,25.304731369018555,13.308786392211914,15058216
1996-05-09,25.274856567382812,25.75286865234375,25.274856567382812,25.5736141204834,13.450200080871582,9972982
1996-05-10,25.663240432739258,25.902246475219727,25.364484786987305,25.42423439025879,13.37164306640625,8742050
1996-05-13,25.42423439025879,25.93212127685547,25.304731369018555,25.722991943359375,13.528757095336914,9593494
1996-05-14,25.872371673583984,26.02174949645996,25.693117141723633,25.961997985839844,13.65446949005127,13057427
1996-05-15,26.051624298095703,26.26075553894043,25.93212127685547,26.051624298095703,13.701605796813965,11462068
1996-05-16,25.812620162963867,26.111377716064453,25.722991943359375,25.961997985839844,13.65446949005127,11366673
1996-05-17,26.051624298095703,26.679014205932617,26.051624298095703,26.4997615814209,13.937296867370605,16124299
1996-05-20,26.76864242553711,26.888145446777344,26.52963638305664,26.79851722717285,14.094416618347168,10086369
1996-05-21,26.738767623901367,26.79851722717285,26.469884872436523,26.52963638305664,13.953012466430664,9003550
1996-05-22,26.469884872436523,26.52963638305664,26.230880737304688,26.380258560180664,13.874452590942383,9369231
1996-05-23,26.26075553894043,26.410133361816406,26.111377716064453,26.111377716064453,13.733036041259766,10893881
1996-05-24,26.171127319335938,26.26075553894043,25.812620162963867,25.99187469482422,13.670182228088379,5870152
1996-05-28,26.111377716064453,26.141252517700195,25.782743453979492,25.872371673583984,13.607325553894043,7211124
1996-05-29,25.75286865234375,25.902246475219727,25.24498176574707,25.543737411499023,13.43448543548584,13644024
1996-05-30,25.543737411499023,25.722991943359375,25.364484786987305,25.633365631103516,13.4816312789917,10952875
1996-05-31,25.722991943359375,25.872371673583984,25.48398780822754,25.51386260986328,13.41877269744873,9419021
1996-06-03,25.42423439025879,25.454111099243164,25.09560203552246,25.18522834777832,13.245932579040527,7278068
1996-06-04,25.18522834777832,25.48398780822754,25.18522834777832,25.304731369018555,13.308786392211914,8317792
1996-06-05,25.33460807800293,25.42423439025879,25.035850524902344,25.06572723388672,13.183084487915039,7480574
1996-06-06,25.06572723388672,25.06572723388672,24.13957977294922,24.199331283569336,12.727413177490234,25010697
1996-06-07,23.064054489135742,24.378585815429688,22.97442626953125,24.31883430480957,12.790266036987305,30868715
1996-06-10,24.378585815429688,24.67734146118164,24.229206085205078,24.527963638305664,12.900252342224121,12616852
1996-06-11,24.67734146118164,24.946224212646484,24.468212127685547,24.6474666595459,12.963096618652344,11291361
1996-06-12,24.766969680786133,24.82672119140625,24.557838439941406,24.617591857910156,12.947393417358398,8937442
1996-06-13,24.617591857910156,24.886472702026367,24.31883430480957,24.67734146118164,12.978812217712402,8924472
1996-06-14,24.707218170166016,24.91634750366211,24.288957595825195,24.288957595825195,12.774551391601562,11348263
1996-06-17,24.348709106445312,24.557838439941406,24.109703063964844,24.498088836669922,12.884529113769531,7984746
1996-06-18,24.378585815429688,24.498088836669922,24.199331283569336,24.199331283569336,12.727413177490234,8009850
1996-06-19,24.31883430480957,24.527963638305664,24.259082794189453,24.40846061706543,12.837394714355469,5981028
1996-06-20,24.438337326049805,24.438337326049805,23.751195907592773,24.0798282623291,12.66456413269043,17320086
1996-06-21,24.0798282623291,24.31883430480957,23.48231315612793,23.571941375732422,12.397443771362305,17673634
1996-06-24,23.810945510864258,23.930448532104492,23.542064666748047,23.810945510864258,12.523139953613281,10337827
1996-06-25,23.751195907592773,23.840822219848633,23.63169288635254,23.840822219848633,12.538857460021973,9293919
1996-06-26,23.840822219848633,23.930448532104492,23.542064666748047,23.571941375732422,12.397443771362305,10642841
1996-06-27,23.512189865112305,23.810945510864258,23.332935333251953,23.63169288635254,12.428869247436523,13906361
1996-06-28,23.691444396972656,23.870698928833008,23.63169288635254,23.66156768798828,12.444580078125,9807714
1996-07-01,23.7213191986084,24.438337326049805,23.691444396972656,24.259082794189453,12.758831024169922,10156660
1996-07-02,24.13957977294922,24.199331283569336,23.870698928833008,23.90057373046875,12.57027816772461,8468834
1996-07-03,23.840822219848633,23.930448532104492,23.452438354492188,23.542064666748047,12.381725311279297,10171304
1996-07-05,23.39268684387207,23.7213191986084,23.362810134887695,23.39268684387207,12.30316162109375,6976402
1996-07-08,23.452438354492188,23.7213191986084,23.452438354492188,23.512189865112305,12.366019248962402,7714878
1996-07-09,23.601816177368164,23.960325241088867,23.601816177368164,23.66156768798828,12.444580078125,8285157
1996-07-10,23.601816177368164,23.781070709228516,23.362810134887695,23.63169288635254,12.428869247436523,11929421
1996-07-11,23.332935333251953,23.332935333251953,22.496414184570312,22.944551467895508,12.067468643188477,24401925
1996-07-12,22.854923248291016,22.944551467895508,22.615917205810547,22.78023338317871,11.981045722961426,13490471
1996-07-15,22.586042404174805,22.675668716430664,21.45076560974121,21.719646453857422,11.423239707946777,17069046
1996-07-16,22.04827880859375,22.884798049926758,21.45076560974121,22.884798049926758,12.036046981811523,25970506
1996-07-17,23.39268684387207,23.39268684387207,22.46653938293457,22.496414184570312,11.831780433654785,15855268
1996-07-18,22.526290893554688,22.854923248291016,22.257408142089844,22.526290893554688,11.847491264343262,11177138
1996-07-19,22.586042404174805,22.765296936035156,22.347036361694336,22.406787872314453,11.784634590148926,8849578
1996-07-22,22.317161560058594,22.317161560058594,21.95865249633789,22.108030319213867,11.627510070800781,7450867
1996-07-23,22.108030319213867,22.28728485107422,21.510515213012695,21.570268630981445,11.344681739807129,13033160
1996-07-24,21.420888900756836,22.13790512084961,21.3013858795166,21.928775787353516,11.533233642578125,15412182
1996-07-25,22.944551467895508,24.796844482421875,22.70554542541504,24.766969680786133,13.02595043182373,37718342
1996-07-26,24.6474666595459,24.886472702026367,24.288957595825195,24.82672119140625,13.057374954223633,16695834
1996-07-29,24.73709487915039,25.215105056762695,24.707218170166016,25.035850524902344,13.167367935180664,13967029
1996-07-30,25.155353546142578,25.812620162963867,24.796844482421875,25.663240432739258,13.497334480285645,16705875
1996-07-31,25.60348892211914,26.02174949645996,25.5736141204834,25.693117141723633,13.513053894042969,14666175
1996-08-01,25.812620162963867,26.051624298095703,25.633365631103516,25.633365631103516,13.4816312789917,13056590
1996-08-02,25.902246475219727,26.141252517700195,25.75286865234375,26.02174949645996,13.685888290405273,9480107
1996-08-05,25.812620162963867,26.141252517700195,25.812620162963867,26.111377716064453,13.733036041259766,9000202
1996-08-06,26.111377716064453,26.320507049560547,25.872371673583984,26.201004028320312,13.780173301696777,15047338
1996-08-07,26.290630340576172,26.977771759033203,26.230880737304688,26.918020248413086,14.202615737915039,12832328
1996-08-08,26.679014205932617,27.216777801513672,26.649139404296875,27.127151489257812,14.312960624694824,12303470
1996-08-09,27.007648468017578,27.186901092529297,26.79851722717285,26.8582706451416,14.171090126037598,7309030
1996-08-12,26.76864242553711,27.067399978637695,26.679014205932617,26.79851722717285,14.13956356048584,8083070
1996-08-13,26.679014205932617,26.888145446777344,26.081501007080078,26.141252517700195,13.792778968811035,12484219
1996-08-14,26.141252517700195,26.649139404296875,26.141252517700195,26.589387893676758,14.029227256774902,10800996
1996-08-15,26.679014205932617,26.679014205932617,26.469884872436523,26.4997615814209,13.981940269470215,4839633
1996-08-16,26.52963638305664,26.589387893676758,26.26075553894043,26.290630340576172,13.871593475341797,6324953
1996-08-19,26.26075553894043,26.380258560180664,26.171127319335938,26.290630340576172,13.871593475341797,7378484
1996-08-20,26.320507049560547,26.469884872436523,26.290630340576172,26.410133361816406,13.93465518951416,4747585
1996-08-21,26.410133361816406,26.94789695739746,26.320507049560547,26.828393936157227,14.155329704284668,7389362
1996-08-22,26.94789695739746,27.216777801513672,26.8582706451416,26.918020248413086,14.202615737915039,8628663
1996-08-23,26.79851722717285,27.157026290893555,26.76864242553711,27.007648468017578,14.249902725219727,6457586
1996-08-26,27.007648468017578,27.03752326965332,26.828393936157227,26.888145446777344,14.18686294555664,3822921
1996-08-27,26.918020248413086,26.94789695739746,26.589387893676758,26.708890914916992,14.092284202575684,5041302
1996-08-28,27.246654510498047,27.664913177490234,27.216777801513672,27.485660552978516,14.502121925354004,15511762
1996-08-29,27.515535354614258,27.60516357421875,27.396032333374023,27.515535354614258,14.517894744873047,9604790
1996-08-30,27.396032333374023,27.485660552978516,27.157026290893555,27.336280822753906,14.423304557800293,6434574
1996-09-03,27.067399978637695,27.575286865234375,26.90308380126953,27.54541015625,14.533639907836914,9236598
1996-09-04,27.485660552978516,27.635038375854492,27.36615753173828,27.396032333374023,14.454833984375,5732917
1996-09-05,27.246654510498047,27.36615753173828,27.007648468017578,27.03752326965332,14.265674591064453,7525342
1996-09-06,27.127151489257812,27.69478988647461,27.127151489257812,27.60516357421875,14.565178871154785,10081348
1996-09-09,27.72466468811035,28.142925262451172,27.69478988647461,28.11305046081543,14.833152770996094,10742002
1996-09-10,28.11305046081543,28.531309127807617,27.844167709350586,28.232553482055664,14.89620304107666,16789555
1996-09-11,27.903919219970703,28.262428283691406,27.903919219970703,28.20267677307129,14.880448341369629,9157939
1996-09-12,28.20267677307129,28.262428283691406,27.993547439575195,28.023422241210938,14.785858154296875,9073841
1996-09-13,28.232553482055664,29.367830276489258,28.232553482055664,29.188575744628906,15.400629997253418,23050074
1996-09-16,29.188575744628906,29.487333297729492,29.098947525024414,29.337953567504883,15.47944164276123,11143247
1996-09-17,29.397705078125,29.54708480834961,29.03919792175293,29.54708480834961,15.589783668518066,13805526
1996-09-18,29.726337432861328,29.935468673706055,29.397705078125,29.756214141845703,15.700129508972168,14742324
1996-09-19,29.696462631225586,29.905593872070312,29.397705078125,29.517208099365234,15.574013710021973,8591007
1996-09-20,29.54708480834961,29.845840454101562,29.367830276489258,29.397705078125,15.510972023010254,12805132
1996-09-23,29.21845054626465,29.81596565246582,29.188575744628906,29.696462631225586,15.668597221374512,7076818
1996-09-24,29.696462631225586,30.3238525390625,29.63671112060547,29.666587829589844,15.652838706970215,15673264
1996-09-25,29.756214141845703,30.3238525390625,29.756214141845703,30.23422622680664,15.9523344039917,11269186
1996-09-26,30.174474716186523,30.56285858154297,29.666587829589844,29.726337432861328,15.684361457824707,13288384
1996-09-27,29.81596565246582,29.995220184326172,29.63671112060547,29.81596565246582,15.731648445129395,5490245
1996-09-30,29.845840454101562,30.383604049682617,29.666587829589844,29.756214141845703,15.700129508972168,7800650
1996-10-01,29.63671112060547,29.935468673706055,29.427581787109375,29.57695960998535,15.605552673339844,10236156
1996-10-02,29.696462631225586,30.08484649658203,29.63671112060547,30.08484649658203,15.873517036437988,8423229
1996-10-03,30.05497169494629,30.174474716186523,29.786090850830078,29.875717163085938,15.76318359375,7719898
1996-10-04,30.08484649658203,30.383604049682617,30.025096893310547,30.264101028442383,15.968095779418945,9632823
1996-10-07,30.3238525390625,30.59273338317871,30.3238525390625,30.56285858154297,16.125736236572266,7679314
1996-10-08,30.59273338317871,30.951242446899414,30.50310707092285,30.682361602783203,16.188783645629883,13168722
1996-10-09,30.83173942565918,30.921367645263672,30.14459800720215,30.174474716186523,15.920811653137207,10051642
1996-10-10,29.995220184326172,30.59273338317871,29.995220184326172,30.532983779907227,16.10995864868164,9407724
1996-10-11,30.712236404418945,31.10062026977539,30.65248680114746,31.040870666503906,16.37794303894043,11959127
1996-10-14,31.040870666503906,31.07074546813965,30.861616134643555,31.07074546813965,16.393709182739258,5861366
1996-10-15,31.25,31.369503021240234,30.74211311340332,30.951242446899414,16.330657958984375,11982558
1996-10-16,30.951242446899414,30.951242446899414,30.443355560302734,30.50310707092285,16.094205856323242,7847929
1996-10-17,30.771989822387695,30.861616134643555,29.935468673706055,30.025096893310547,15.841992378234863,8934514
1996-10-18,29.995220184326172,30.951242446899414,29.63671112060547,30.921367645263672,16.31488609313965,14533961
1996-10-21,30.59273338317871,32.355403900146484,30.293977737426758,31.10062026977539,16.409465789794922,34870711
1996-10-22,30.98111915588379,31.25,30.174474716186523,30.353727340698242,16.0153865814209,12549071
1996-10-23,30.23422622680664,31.040870666503906,30.14459800720215,30.891490936279297,16.299123764038086,12587564
1996-10-24,30.951242446899414,31.01099395751953,30.443355560302734,30.443355560302734,16.06266975402832,7504004
1996-10-25,30.204349517822266,30.59273338317871,30.204349517822266,30.23422622680664,15.9523344039917,6800674
1996-10-28,30.264101028442383,30.622610092163086,30.23422622680664,30.443355560302734,16.06266975402832,7729940
1996-10-29,30.473230361938477,30.532983779907227,29.905593872070312,30.025096893310547,15.841992378234863,10595980
1996-10-30,30.05497169494629,30.473230361938477,30.05497169494629,30.204349517822266,15.936574935913086,8713180
1996-10-31,30.23422622680664,30.861616134643555,30.08484649658203,30.83173942565918,16.267597198486328,8917359
1996-11-01,30.801864624023438,30.98111915588379,30.383604049682617,30.473230361938477,16.078445434570312,8649583
1996-11-04,30.443355560302734,30.921367645263672,30.443355560302734,30.771989822387695,16.236068725585938,6390223
1996-11-05,31.01099395751953,31.42925453186035,30.891490936279297,31.130496978759766,16.42522430419922,12255354
1996-11-06,31.220123291015625,31.99689292907715,31.130496978759766,31.877389907836914,16.8646240234375,12076698
1996-11-07,31.817638397216797,32.295650482177734,31.728010177612305,31.967016220092773,16.91204071044922,14567014
1996-11-08,31.877389907836914,32.146270751953125,31.75788688659668,32.116397857666016,16.99107551574707,6566370
1996-11-11,32.116397857666016,32.23590087890625,32.02676773071289,32.146270751953125,17.006877899169922,5979773
1996-11-12,32.26577377319336,32.445030212402344,31.787763595581055,31.84751319885254,16.84881591796875,11397634
1996-11-13,31.90726661682129,32.47490310668945,31.84751319885254,32.206024169921875,17.038490295410156,10009383
1996-11-14,32.1761474609375,32.893165588378906,32.1761474609375,32.71390914916992,17.30718231201172,11608508
1996-11-15,32.893165588378906,34.775333404541016,32.833412170410156,34.65583038330078,18.334550857543945,32651099
1996-11-18,34.5960807800293,35.850860595703125,34.177818298339844,35.074092864990234,18.55583381652832,24171386
1996-11-19,35.103965759277344,37.016014099121094,35.014339447021484,36.83675765991211,19.48836326599121,25227846
1996-11-20,36.65750503540039,38.00191116333008,36.41849899291992,36.478248596191406,19.2987060546875,34462353
1996-11-21,36.59775161743164,37.016014099121094,36.4483757019043,36.83675765991211,19.48836326599121,19460202
1996-11-22,36.83675765991211,37.9720344543457,36.83675765991211,37.882408142089844,20.04156494140625,17081180
1996-11-25,37.792781829833984,37.882408142089844,37.31476974487305,37.67327880859375,19.930919647216797,11853272
1996-11-26,37.643402099609375,38.42017364501953,37.523902893066406,37.76290512084961,19.97834587097168,23076434
1996-11-27,37.82265853881836,38.3006706237793,37.703155517578125,37.792781829833984,19.994138717651367,11713945
1996-11-29,37.792781829833984,38.15129089355469,37.792781829833984,38.09153747558594,20.152206420898438,3896559
1996-12-02,38.15129089355469,39.07743835449219,38.15129089355469,38.95793533325195,20.610563278198242,13874144
1996-12-03,39.10731506347656,39.67495346069336,38.868309020996094,38.868309020996094,20.56314468383789,19571915
1996-12-04,38.92805862426758,39.19694137573242,38.03178787231445,38.718929290771484,20.484113693237305,18565663
1996-12-05,38.569549560546875,38.868309020996094,37.85253143310547,37.882408142089844,20.04156494140625,12703879
1996-12-06,36.806884765625,37.76290512084961,36.65750503540039,37.19526672363281,19.67803955078125,25252114
1996-12-09,37.43427276611328,38.27079391479492,37.34464645385742,38.24091720581055,20.231229782104492,11589262
1996-12-10,38.59942626953125,38.68905258178711,37.703155517578125,37.703155517578125,19.946735382080078,12943204
1996-12-11,37.10564041137695,37.91228485107422,36.74713134765625,37.31476974487305,19.741256713867188,24501922
1996-12-12,37.792781829833984,37.882408142089844,36.20936965942383,36.2392463684082,19.172245025634766,15083738
1996-12-13,36.38862228393555,37.016014099121094,36.32887268066406,36.538002014160156,19.33030891418457,16278270
1996-12-16,36.56787872314453,36.627628326416016,35.19359588623047,35.5222282409668,18.792924880981445,15038970
1996-12-17,35.46247482299805,36.717254638671875,35.22346878051758,36.29899597167969,19.203866958618164,16822190
1996-12-18,36.4483757019043,38.00191116333008,36.41849899291992,37.91228485107422,20.057355880737305,15107587
1996-12-19,38.18116760253906,38.18116760253906,37.58365249633789,37.792781829833984,19.994138717651367,14240244
1996-12-20,37.792781829833984,37.85253143310547,36.83675765991211,36.956260681152344,19.55158805847168,17494141
1996-12-23,36.806884765625,37.13551712036133,36.50812530517578,36.866634368896484,19.504165649414062,9134509
1996-12-24,36.83675765991211,37.28489685058594,36.83675765991211,37.22514343261719,19.693843841552734,2782360
1996-12-26,37.613529205322266,37.85253143310547,37.07576370239258,37.22514343261719,19.693843841552734,4735451
1996-12-27,37.19526672363281,37.19526672363281,36.687381744384766,37.07576370239258,19.61480712890625,5281463
1996-12-30,37.10564041137695,37.1653938293457,36.717254638671875,36.717254638671875,19.425142288208008,4359728
1996-12-31,36.74713134765625,37.13551712036133,36.05998992919922,36.20936965942383,19.15645408630371,7373882
1997-01-02,36.74713134765625,36.89651107788086,35.91061019897461,36.627628326416016,19.377727508544922,17562340
1997-01-03,37.04589080810547,38.03178787231445,37.016014099121094,38.03178787231445,20.120595932006836,13525198
1997-01-06,38.09153747558594,39.04756164550781,37.882408142089844,38.539676666259766,20.389284133911133,20129642
1997-01-07,38.45004653930664,39.13718795776367,38.09153747558594,39.04756164550781,20.657983779907227,11026095
1997-01-08,39.22681427001953,39.256690979003906,38.03178787231445,38.21104049682617,20.215423583984375,12235690
1997-01-09,38.18116760253906,38.718929290771484,37.85253143310547,38.68905258178711,20.468324661254883,13207633
1997-01-10,38.36042022705078,39.19694137573242,38.27079391479492,38.95793533325195,20.610563278198242,18305837
1997-01-13,38.95793533325195,39.734703063964844,38.89818572998047,39.16706466674805,20.721206665039062,16370737
1997-01-14,39.43594741821289,40.06333541870117,39.316444396972656,39.91769027709961,21.118310928344727,12328574
1997-01-15,39.76457977294922,40.242591857910156,39.04756164550781,39.346317291259766,20.8160343170166,18527589
1997-01-16,39.37619400024414,39.85420608520508,39.01768493652344,39.555450439453125,20.92669105529785,14535216
1997-01-17,39.4658203125,39.61520004272461,39.16706466674805,39.495697021484375,20.895076751708984,9276765
1997-01-20,39.406070709228516,40.06333541870117,39.316444396972656,39.91395950317383,21.11635971069336,11198476
1997-01-21,39.76457977294922,40.660850524902344,39.76457977294922,40.1529655456543,21.242794036865234,15682887
1997-01-22,38.00191116333008,38.24091720581055,37.04589080810547,37.76290512084961,19.97834587097168,51447301
1997-01-23,37.9720344543457,38.3006706237793,36.000240325927734,36.26911926269531,19.188051223754883,35357310
1997-01-24,36.29899597167969,36.806884765625,35.611854553222656,35.97036361694336,19.030004501342773,34284533
1997-01-27,36.17949295043945,36.26911926269531,34.65583038330078,34.835086822509766,18.429380416870117,24794802
1997-01-28,35.82098388671875,36.866634368896484,35.5222282409668,36.030113220214844,19.061609268188477,33792076
1997-01-29,36.687381744384766,37.464149475097656,36.41849899291992,37.3745231628418,19.772869110107422,19522962
1997-01-30,37.703155517578125,37.82265853881836,37.22514343261719,37.58365249633789,19.883501052856445,19137616
1997-01-31,37.67327880859375,37.7330322265625,37.31476974487305,37.49402618408203,19.836084365844727,12097618
1997-02-03,37.613529205322266,37.613529205322266,36.926387786865234,37.016014099121094,19.583202362060547,11086763
1997-02-04,36.98613739013672,36.98613739013672,36.030113220214844,36.717254638671875,19.425142288208008,14167861
1997-02-05,36.717254638671875,36.717254638671875,34.775333404541016,35.552101135253906,18.808725357055664,23093170
1997-02-06,35.611854553222656,35.791107177734375,34.775333404541016,34.89483642578125,18.504539489746094,21734206
1997-02-07,35.49235153198242,35.850860595703125,34.86496353149414,35.552101135253906,18.853084564208984,20718331
1997-02-10,35.552101135253906,35.552101135253906,33.93881607055664,34.11806869506836,18.092628479003906,22554689
1997-02-11,34.26744842529297,34.71558380126953,33.72968673706055,34.71558380126953,18.409481048583984,22531258
1997-02-12,34.41682434082031,35.04421615600586,34.177818298339844,34.65583038330078,18.377798080444336,19366899
1997-02-13,34.685707092285156,35.40272521972656,34.685707092285156,34.984466552734375,18.552072525024414,16580774
1997-02-14,34.984466552734375,35.3130989074707,34.41682434082031,34.65583038330078,18.377798080444336,14328945
1997-02-18,34.775333404541016,34.775333404541016,34.20769500732422,34.71558380126953,18.409481048583984,11234877
1997-02-19,34.71558380126953,34.86496353149414,34.177818298339844,34.32719802856445,18.203516006469727,14067863
1997-02-20,34.20769500732422,34.29732131958008,33.52055358886719,33.759559631347656,17.902511596679688,14991272
1997-02-21,33.64005661010742,33.6699333190918,32.77366256713867,32.893165588378906,17.443063735961914,26394764
1997-02-24,32.893165588378906,34.41682434082031,32.86328887939453,34.3869514465332,18.235210418701172,17918817
1997-02-25,34.50645446777344,35.37284851074219,34.44670104980469,35.014339447021484,18.56791114807129,17566106
1997-02-26,35.13384246826172,35.25334548950195,34.41682434082031,35.103965759277344,18.615432739257812,15356954
1997-02-27,35.103965759277344,35.103965759277344,34.177818298339844,34.177818298339844,18.124305725097656,7414885
1997-02-28,34.20769500732422,34.835086822509766,33.61018371582031,34.35707473754883,18.2193660736084,12826470
1997-03-03,34.35707473754883,35.074092864990234,34.32719802856445,34.685707092285156,18.39362907409668,13823518
1997-03-04,34.80521011352539,35.074092864990234,34.05831527709961,34.62595748901367,18.36195182800293,12816429
1997-03-05,34.86496353149414,35.014339447021484,34.50645446777344,34.775333404541016,18.4411678314209,8373021
1997-03-06,34.80521011352539,35.611854553222656,34.56620407104492,35.04421615600586,18.583757400512695,15461554
1997-03-07,35.19359588623047,35.28322219848633,34.44670104980469,34.5960807800293,18.346105575561523,11116051
1997-03-10,34.5960807800293,35.13384246826172,34.50645446777344,34.924713134765625,18.52037811279297,8547075
1997-03-11,34.984466552734375,35.791107177734375,34.89483642578125,34.89483642578125,18.504539489746094,14039830
1997-03-12,34.89483642578125,35.19359588623047,34.44670104980469,34.62595748901367,18.36195182800293,11828586
1997-03-13,34.5960807800293,34.95458984375,33.998565673828125,34.147945404052734,18.10846710205078,12710155
1997-03-14,34.32719802856445,34.50645446777344,33.96868896484375,34.32719802856445,18.203516006469727,8393941
1997-03-17,34.11806869506836,34.20769500732422,32.833412170410156,33.34130096435547,17.680707931518555,21314970
1997-03-18,33.43092727661133,33.64005661010742,32.95291519165039,33.311424255371094,17.66486167907715,15213442
1997-03-19,33.132171630859375,33.162044525146484,32.47490310668945,32.95291519165039,17.47474479675293,17235570
1997-03-20,32.982791900634766,33.40105056762695,32.62428283691406,32.71390914916992,17.34800148010254,15590421
1997-03-21,32.71390914916992,32.77366256713867,31.578632354736328,31.66826057434082,16.793502807617188,27352063
1997-03-24,31.698135375976562,32.71390914916992,31.07074546813965,32.68403244018555,17.332162857055664,18845573
1997-03-25,32.71390914916992,33.072418212890625,32.206024169921875,32.47490310668945,17.221261978149414,14473711
1997-03-26,32.62428283691406,33.72968673706055,32.385276794433594,33.52055358886719,17.775766372680664,14706342
1997-03-27,33.58030700683594,33.849185943603516,32.5346565246582,32.7437858581543,17.363849639892578,13422272
1997-03-31,32.80353546142578,33.34130096435547,32.116397857666016,32.80353546142578,17.395532608032227,16221368
1997-04-01,32.7437858581543,32.923038482666016,32.41515350341797,32.68403244018555,17.332162857055664,12256610
1997-04-02,32.71390914916992,32.833412170410156,31.84751319885254,31.967016220092773,16.95193099975586,14802992
1997-04-03,31.548757553100586,31.608509063720703,30.801864624023438,31.33962631225586,16.619230270385742,22528748
1997-04-04,30.413480758666992,31.33962631225586,30.383604049682617,30.891490936279297,16.38157844543457,26156694
1997-04-07,31.25,31.90726661682129,31.190248489379883,31.66826057434082,16.793502807617188,11161238
1997-04-08,31.608509063720703,32.71390914916992,31.608509063720703,32.65415954589844,17.316326141357422,11330272
1997-04-09,32.982791900634766,32.982791900634766,31.787763595581055,31.817638397216797,16.872722625732422,14417646
1997-04-10,31.967016220092773,32.23590087890625,31.75788688659668,31.787763595581055,16.85686683654785,10389290
1997-04-11,31.608509063720703,32.206024169921875,31.39937973022461,31.877389907836914,16.90440559387207,17315902
1997-04-14,32.146270751953125,32.71390914916992,31.84751319885254,32.62428283691406,17.30047607421875,11022330
1997-04-15,33.132171630859375,33.221797943115234,32.116397857666016,32.95291519165039,17.47474479675293,16451070
1997-04-16,32.833412170410156,33.072418212890625,32.445030212402344,32.86328887939453,17.42722511291504,7720735
1997-04-17,32.833412170410156,33.40105056762695,32.68403244018555,32.923038482666016,17.458906173706055,11108938
1997-04-18,32.982791900634766,33.49068069458008,32.923038482666016,33.40105056762695,17.712387084960938,9803949
1997-04-21,33.371177673339844,33.759559631347656,32.65415954589844,32.833412170410156,17.411376953125,9860433
1997-04-22,32.80353546142578,33.49068069458008,32.206024169921875,33.4608039855957,17.744081497192383,12644885
1997-04-23,33.4608039855957,34.35707473754883,33.221797943115234,34.0284423828125,18.04509925842285,16389146
1997-04-24,35.97036361694336,37.523902893066406,35.97036361694336,36.717254638671875,19.470945358276367,44597674
1997-04-25,36.38862228393555,36.538002014160156,36.000240325927734,36.030113220214844,19.106569290161133,12572920
1997-04-28,35.761234283447266,36.26911926269531,35.64173126220703,35.940486907958984,19.059036254882812,10443264
1997-04-29,36.41849899291992,38.00191116333008,36.32887268066406,37.85253143310547,20.072988510131836,19351000
1997-04-30,37.7330322265625,38.50979995727539,37.58365249633789,38.36042022705078,20.342315673828125,19156026
1997-05-01,38.36042022705078,38.629302978515625,38.09153747558594,38.569549560546875,20.453218460083008,12523967
1997-05-02,38.479923248291016,38.92805862426758,38.21104049682617,38.74880599975586,20.548276901245117,12689654
1997-05-05,38.92805862426758,39.734703063964844,38.868309020996094,39.70482635498047,21.055246353149414,12987554
1997-05-06,39.645076751708984,40.00358581542969,39.346317291259766,39.555450439453125,20.976043701171875,13795903
1997-05-07,39.28656768798828,39.88408279418945,38.74880599975586,38.74880599975586,20.598060607910156,11884652
1997-05-08,39.19694137573242,40.45172119140625,39.07743835449219,40.00358581542969,21.265087127685547,20050983
1997-05-09,40.332218170166016,40.45172119140625,39.8243293762207,40.03346252441406,21.280956268310547,12287990
1997-05-12,40.21271514892578,41.46749496459961,40.182838439941406,41.46749496459961,22.043262481689453,15669498
1997-05-13,41.76625061035156,42.333892822265625,41.437618255615234,41.497371673583984,22.05914306640625,23691063
1997-05-14,41.646751403808594,41.82600402832031,41.07910919189453,41.55712127685547,22.09088897705078,14426850
1997-05-15,41.61687469482422,41.97538375854492,41.37786865234375,41.55712127685547,22.09088897705078,11447842
1997-05-16,41.347991943359375,41.52724838256836,40.54134750366211,40.63097381591797,21.598581314086914,14745671
1997-05-19,40.601097106933594,40.72060012817383,39.88408279418945,40.332218170166016,21.439760208129883,10140761
1997-05-20,40.27246856689453,41.94550704956055,40.242591857910156,41.52724838256836,22.075029373168945,13106798
1997-05-21,41.76625061035156,42.39364242553711,41.6766242980957,41.85588073730469,22.24970817565918,13264535
1997-05-22,41.85588073730469,42.06501007080078,41.22848892211914,41.22848892211914,21.91621971130371,7562162
1997-05-23,41.437618255615234,41.79612731933594,41.37786865234375,41.437618255615234,22.02737045288086,7234136
1997-05-27,41.586997985839844,42.84177780151367,41.586997985839844,42.84177780151367,22.7738037109375,13546537
1997-05-28,43.26003646850586,43.91730499267578,42.30401611328125,43.08078384399414,22.900856018066406,18722145
1997-05-29,43.021034240722656,43.021034240722656,41.82600402832031,41.94550704956055,22.297367095947266,12079626
1997-05-30,40.63097381591797,42.184513092041016,40.3919677734375,41.347991943359375,21.979724884033203,14113469
1997-06-02,41.94550704956055,42.00525665283203,41.407745361328125,41.646751403808594,22.138540267944336,6912596
1997-06-03,41.28824234008789,41.407745361328125,40.21271514892578,40.332218170166016,21.439760208129883,10279879
1997-06-04,40.63097381591797,40.92973327636719,39.07743835449219,39.85420608520508,21.185670852661133,9554582
1997-06-05,40.1529655456543,40.571224212646484,39.256690979003906,39.61520004272461,21.058616638183594,7671364
1997-06-06,39.91395950317383,41.108985900878906,39.495697021484375,40.92973327636719,21.757394790649414,9586381
1997-06-09,41.108985900878906,41.8857536315918,40.92973327636719,41.52724838256836,22.075029373168945,7567810
1997-06-10,41.646751403808594,42.00525665283203,40.86997985839844,41.22848892211914,21.91621971130371,7975122
1997-06-11,41.22848892211914,41.76625061035156,41.168739318847656,41.646751403808594,22.138540267944336,6545031
1997-06-12,41.22848892211914,42.2442626953125,40.86997985839844,42.124759674072266,22.392641067504883,7939768
1997-06-13,42.184513092041016,42.90153121948242,42.124759674072266,42.54302215576172,22.614978790283203,8913803
1997-06-16,42.423519134521484,43.021034240722656,42.363765716552734,42.66252517700195,22.678512573242188,5583548
1997-06-17,42.90153121948242,43.379539489746094,42.54302215576172,42.961280822753906,22.837326049804688,8315491
1997-06-18,42.72227478027344,42.78202819824219,42.184513092041016,42.54302215576172,22.614978790283203,6076005
1997-06-19,42.6027717590332,43.379539489746094,42.6027717590332,42.84177780151367,22.7738037109375,6339806
1997-06-20,42.961280822753906,43.947181701660156,42.90153121948242,42.961280822753906,22.837326049804688,14271833
1997-06-23,42.961280822753906,43.67829895019531,41.8857536315918,41.94550704956055,22.297367095947266,9705834
1997-06-24,42.90153121948242,44.0965576171875,42.78202819824219,43.887428283691406,23.32963752746582,11156427
1997-06-25,43.91730499267578,44.813575744628906,43.67829895019531,43.91730499267578,23.345531463623047,10036370
1997-06-26,43.887428283691406,44.42518997192383,43.140533447265625,43.31978988647461,23.027908325195312,8530758
1997-06-27,43.61854553222656,43.977054595947266,43.58867263793945,43.61854553222656,23.18671417236328,4959295
1997-06-30,44.0965576171875,44.216060638427734,43.08078384399414,43.140533447265625,22.932613372802734,7100039
1997-07-01,43.140533447265625,44.0965576171875,43.08078384399414,43.887428283691406,23.32963752746582,5493174
1997-07-02,43.79780197143555,44.753822326660156,43.79780197143555,44.6641960144043,23.742563247680664,5604259
1997-07-03,45.35133743286133,45.47084045410156,45.08245849609375,45.32146453857422,24.091949462890625,6644401
1997-07-07,45.41109085083008,45.65009689331055,44.93307876586914,45.17208480834961,24.012550354003906,6747328
1997-07-08,45.17208480834961,45.769596099853516,45.17208480834961,45.769596099853516,24.330169677734375,5376231
1997-07-09,45.88909912109375,46.217735290527344,45.56046676635742,45.978729248046875,24.441341400146484,9271535
1997-07-10,45.26171112060547,45.978729248046875,44.962955474853516,45.769596099853516,24.330169677734375,6689170
1997-07-11,45.79947280883789,46.54636764526367,45.70984649658203,45.769596099853516,24.330169677734375,7202965
1997-07-14,45.70984649658203,46.09823226928711,44.93307876586914,45.53059387207031,24.203109741210938,6745445
1997-07-15,45.35133743286133,46.008602142333984,44.63431930541992,45.88909912109375,24.39369010925293,7824708
1997-07-16,45.769596099853516,46.845123291015625,45.5903434753418,46.665870666503906,24.806596755981445,11267512
1997-07-17,46.755496978759766,48.63766860961914,46.42686462402344,47.62189483642578,25.314809799194336,16500859
1997-07-18,47.8011474609375,50.310707092285156,47.8011474609375,49.95219802856445,26.553550720214844,24240213
1997-07-21,50.310707092285156,50.81859588623047,48.846797943115234,49.59368896484375,26.36296844482422,17164023
1997-07-22,48.04015350341797,49.474185943603516,47.50239181518555,49.23518371582031,26.172405242919922,19260835
1997-07-23,49.89244842529297,51.1472282409668,49.32481002807617,50.25095748901367,26.712343215942383,11499724
1997-07-24,50.48996353149414,51.83436965942383,49.95219802856445,51.53561019897461,27.395263671875,10673802
1997-07-25,51.59536361694336,51.83436965942383,50.48996353149414,51.1472282409668,27.18880844116211,7667180
1997-07-28,50.90822219848633,51.08747482299805,50.10157775878906,50.19120407104492,26.68059730529785,6801510
1997-07-29,49.95219802856445,50.0119514465332,49.11568069458008,49.17543029785156,26.140649795532227,9035976
1997-07-30,49.17543029785156,50.66921615600586,49.17543029785156,50.66921615600586,26.9346981048584,9103338
1997-07-31,50.728965759277344,51.1472282409668,50.19120407104492,50.549713134765625,26.871179580688477,7200873
1997-08-01,50.43021011352539,50.639339447021484,49.384559631347656,50.07170104980469,26.617076873779297,8371766
1997-08-04,49.98207473754883,50.90822219848633,49.862571716308594,50.788719177246094,26.99822425842285,6362609
1997-08-05,50.90822219848633,51.59536361694336,50.90822219848633,50.90822219848633,27.061748504638672,5620158
1997-08-06,50.87834548950195,52.312381744384766,50.57958984375,51.565486907958984,27.411148071289062,8707113
1997-08-07,51.8642463684082,52.22275161743164,51.08747482299805,51.326480865478516,27.33475685119629,6771595
1997-08-08,50.81859588623047,51.20697784423828,49.713191986083984,50.310707092285156,26.793794631958008,8026376
1997-08-11,50.07170104980469,50.34058380126953,49.23518371582031,49.23518371582031,26.22103500366211,7084558
1997-08-12,49.41443634033203,50.48996353149414,49.23518371582031,49.444313049316406,26.332401275634766,7332042
1997-08-13,50.57958984375,50.66921615600586,49.11568069458008,49.89244842529297,26.571048736572266,10731960
1997-08-14,49.98207473754883,50.25095748901367,49.05592727661133,49.533939361572266,26.3801212310791,7078282
1997-08-15,49.384559631347656,49.95219802856445,47.741397857666016,47.771270751953125,25.44138526916504,9628639
1997-08-18,48.27915954589844,49.772945404052734,47.65176773071289,49.713191986083984,26.475589752197266,10407072
1997-08-19,50.07170104980469,51.625240325927734,49.83269500732422,51.59536361694336,27.47796630859375,10023609
1997-08-20,51.44598388671875,51.83436965942383,50.728965759277344,51.625240325927734,27.493877410888672,9512115
1997-08-21,51.386234283447266,51.59536361694336,50.310707092285156,50.549713134765625,26.92109489440918,6817410
1997-08-22,48.996177673339844,50.96797180175781,48.96630096435547,50.84846878051758,27.0802001953125,9264004
1997-08-25,50.84846878051758,51.1472282409668,49.95219802856445,50.19120407104492,26.73017120361328,5208662
1997-08-26,49.41443634033203,49.89244842529297,49.26505661010742,49.384559631347656,26.300561904907227,6251942
1997-08-27,49.32481002807617,50.10157775878906,48.996177673339844,49.6534423828125,26.44377326965332,5802162
1997-08-28,49.11568069458008,49.6534423828125,48.27915954589844,48.33890914916992,25.743680953979492,5962200
1997-08-29,48.070030212402344,49.17543029785156,48.02521514892578,48.458412170410156,25.807344436645508,7857552
1997-09-02,48.458412170410156,49.862571716308594,48.39866256713867,49.74306869506836,26.491504669189453,9504584
1997-09-03,49.623565673828125,50.25095748901367,49.474185943603516,49.50406265258789,26.364208221435547,7343548
1997-09-04,49.50406265258789,49.98207473754883,49.23518371582031,49.59368896484375,26.411941528320312,5258660
1997-09-05,50.16132736206055,50.310707092285156,49.50406265258789,49.533939361572266,26.3801212310791,5613254
1997-09-08,49.68331527709961,49.862571716308594,49.05592727661133,49.17543029785156,26.189207077026367,5404054
1997-09-09,49.23518371582031,49.713191986083984,47.8011474609375,47.8011474609375,25.457294464111328,12062681
1997-09-10,47.8011474609375,47.831024169921875,45.9488525390625,46.36711120605469,24.69356918334961,17952289
1997-09-11,46.36711120605469,47.02437973022461,46.12810516357422,46.845123291015625,24.94814682006836,12295312
1997-09-12,46.815250396728516,46.845123291015625,46.33723831176758,46.72562026977539,24.884504318237305,6891466
1997-09-15,46.904876708984375,47.41276168823242,45.9488525390625,46.008602142333984,24.502649307250977,5591498
1997-09-16,46.48661422729492,48.04015350341797,46.068355560302734,47.62189483642578,25.361820220947266,10040554
1997-09-17,47.920650482177734,48.39866256713867,47.32313537597656,47.62189483642578,25.361820220947266,7299825
1997-09-18,47.86090087890625,47.920650482177734,47.20363235473633,47.20363235473633,25.139076232910156,7800022
1997-09-19,47.29325866699219,47.62189483642578,46.994503021240234,47.4426383972168,25.266361236572266,7209450
1997-09-22,48.757171630859375,50.25095748901367,48.757171630859375,49.6534423828125,26.44377326965332,14516806
1997-09-23,49.74306869506836,50.19120407104492,49.11568069458008,49.35468673706055,26.28465461730957,8669666
1997-09-24,49.6534423828125,49.92232131958008,48.48828887939453,48.548038482666016,25.85505485534668,6402984
1997-09-25,48.607791900634766,49.23518371582031,48.3687858581543,48.57791519165039,25.870975494384766,5150504
1997-09-26,49.14555358886719,49.32481002807617,48.727294921875,49.05592727661133,26.12554931640625,4452613
1997-09-29,48.936424255371094,50.25095748901367,48.757171630859375,50.19120407104492,26.73017120361328,6222863
1997-09-30,50.07170104980469,51.35635757446289,49.533939361572266,50.66921615600586,26.984731674194336,13046130
1997-10-01,50.728965759277344,50.87834548950195,49.32481002807617,49.474185943603516,26.348302841186523,7917383
1997-10-02,49.623565673828125,49.98207473754883,49.23518371582031,49.98207473754883,26.61878776550293,4691728
1997-10-03,51.08747482299805,51.26673126220703,49.474185943603516,49.862571716308594,26.55513572692871,8570506
1997-10-06,50.2210807800293,50.310707092285156,49.89244842529297,50.10157775878906,26.68242073059082,5126237
1997-10-07,50.90822219848633,51.20697784423828,50.639339447021484,51.05759811401367,27.191574096679688,8412978
1997-10-08,51.05759811401367,51.08747482299805,49.95219802856445,50.310707092285156,26.793794631958008,8571970
1997-10-09,49.862571716308594,50.57958984375,49.802818298339844,50.0119514465332,26.634695053100586,4732104
1997-10-10,49.89244842529297,50.370460510253906,49.772945404052734,50.16132736206055,26.71424102783203,3438202
1997-10-13,50.43021011352539,50.43021011352539,49.74306869506836,49.95219802856445,26.602874755859375,2033633
1997-10-14,49.74306869506836,49.772945404052734,48.787044525146484,49.384559631347656,26.300561904907227,5508864
1997-10-15,48.81692123413086,49.17543029785156,48.458412170410156,48.607791900634766,25.886882781982422,5751326
1997-10-16,48.936424255371094,49.0858039855957,47.38288879394531,47.741397857666016,25.425479888916016,7055479
1997-10-17,46.904876708984375,47.26338577270508,45.53059387207031,45.62022018432617,24.29581069946289,15117210
1997-10-20,45.79947280883789,46.72562026977539,45.17208480834961,46.606117248535156,24.820863723754883,11985696
1997-10-21,48.57791519165039,50.370460510253906,48.27915954589844,50.28083038330078,26.77789878845215,18289519
1997-10-22,50.310707092285156,50.639339447021484,49.83269500732422,50.25095748901367,26.761980056762695,9077397
1997-10-23,48.757171630859375,49.6534423828125,47.831024169921875,47.980403900146484,25.552757263183594,14495259
1997-10-24,48.87667465209961,49.14555358886719,46.3073616027832,46.845123291015625,24.94814682006836,19301001
1997-10-27,46.48661422729492,47.143882751464844,42.961280822753906,43.021034240722656,22.911563873291016,14937298
1997-10-28,42.54302215576172,47.771270751953125,42.363765716552734,47.50239181518555,25.298185348510742,26272591
1997-10-29,47.8011474609375,48.87667465209961,46.78537368774414,46.96462631225586,25.011796951293945,17957310
1997-10-30,46.12810516357422,47.50239181518555,45.679969787597656,45.79947280883789,24.391258239746094,13368717
1997-10-31,47.02437973022461,47.41276168823242,46.157981872558594,47.084129333496094,25.075439453125,8273023
1997-11-03,47.38288879394531,48.846797943115234,47.38288879394531,48.57791519165039,25.870975494384766,9067983
1997-11-04,48.33890914916992,49.11568069458008,48.24928283691406,48.727294921875,25.950531005859375,7307774
1997-11-05,48.996177673339844,49.68331527709961,48.548038482666016,49.11568069458008,26.157371520996094,6807368
1997-11-06,49.05592727661133,49.32481002807617,48.30903244018555,48.30903244018555,25.7779598236084,6435201
1997-11-07,47.32313537597656,48.010276794433594,46.96462631225586,47.56214141845703,25.379409790039062,9470693
1997-11-10,48.1596565246582,48.18953323364258,46.665870666503906,46.69574737548828,24.917102813720703,7866129
1997-11-11,46.904876708984375,47.8011474609375,46.815250396728516,47.32313537597656,25.251873016357422,5886888
1997-11-12,47.02437973022461,47.56214141845703,46.12810516357422,46.18785858154297,24.64609146118164,8600421
1997-11-13,46.606117248535156,47.50239181518555,45.53059387207031,47.38288879394531,25.28374671936035,10815849
1997-11-14,47.771270751953125,48.787044525146484,47.38288879394531,48.518165588378906,25.889551162719727,10082185
1997-11-17,49.23518371582031,50.13145446777344,49.17543029785156,49.474185943603516,26.399694442749023,9403540
1997-11-18,49.56381607055664,49.89244842529297,48.757171630859375,48.81692123413086,26.048969268798828,6661765
1997-11-19,48.757171630859375,49.68331527709961,48.63766860961914,49.26505661010742,26.288103103637695,7687054
1997-11-20,49.74306869506836,50.19120407104492,49.35468673706055,50.07170104980469,26.718515396118164,7016777
1997-11-21,50.310707092285156,50.84846878051758,50.19120407104492,50.460086822509766,26.925777435302734,9933234
1997-11-24,50.16132736206055,50.549713134765625,49.23518371582031,49.2949333190918,26.304033279418945,7115310
1997-11-25,49.772945404052734,51.386234283447266,49.6534423828125,51.326480865478516,27.388078689575195,10697024
1997-11-26,51.386234283447266,52.52151107788086,51.326480865478516,52.46175765991211,27.993865966796875,10296615
1997-11-28,52.163002014160156,52.551387786865234,52.163002014160156,52.342254638671875,27.930097579956055,3101808
1997-12-01,52.581260681152344,54.164676666259766,52.52151107788086,53.80616760253906,28.711254119873047,12164352
1997-12-02,53.5970344543457,53.62691116333008,52.85014343261719,52.93976974487305,28.24894905090332,7380576
1997-12-03,52.82026672363281,53.3580322265625,52.103248596191406,52.76051712036133,28.15329933166504,10271302
1997-12-04,52.88002014160156,53.20865249633789,52.04349899291992,52.22275161743164,27.8663387298584,7512581
1997-12-05,52.342254638671875,53.955543518066406,52.103248596191406,53.65678787231445,28.631547927856445,7249826
1997-12-08,53.955543518066406,54.254302978515625,53.417781829833984,53.955543518066406,28.790964126586914,6458422
1997-12-09,53.29827880859375,53.65678787231445,52.581260681152344,52.76051712036133,28.15329933166504,7585592
1997-12-10,52.312381744384766,52.402008056640625,50.400333404541016,50.90822219848633,27.16489028930664,12008498
1997-12-11,49.23518371582031,49.68331527709961,48.458412170410156,48.57791519165039,25.921443939208984,15480382
1997-12-12,49.23518371582031,49.444313049316406,46.068355560302734,47.980403900146484,25.602602005004883,16917376
1997-12-15,48.518165588378906,48.727294921875,46.36711120605469,48.21940612792969,25.730127334594727,12231715
1997-12-16,48.33890914916992,50.310707092285156,48.33890914916992,49.59368896484375,26.46345329284668,9597678
1997-12-17,50.19120407104492,50.43021011352539,48.697418212890625,48.757171630859375,26.0170841217041,9225302
1997-12-18,48.846797943115234,49.20530700683594,47.32313537597656,47.8011474609375,25.506942749023438,10811038
1997-12-19,47.4426383972168,49.20530700683594,46.36711120605469,48.81692123413086,26.048969268798828,14260536
1997-12-22,50.07170104980469,50.07170104980469,48.21940612792969,49.02605056762695,26.160560607910156,8102107
1997-12-23,48.96630096435547,49.772945404052734,47.143882751464844,47.143882751464844,25.156225204467773,6170563
1997-12-24,47.86090087890625,48.18953323364258,47.32313537597656,47.38288879394531,25.28374671936035,4309520
1997-12-26,47.50239181518555,48.63766860961914,47.4426383972168,48.607791900634766,25.93737030029297,2236557
1997-12-29,49.17543029785156,49.56381607055664,49.11568069458008,49.11568069458008,26.208377838134766,4826872
1997-12-30,49.56381607055664,50.43021011352539,49.20530700683594,49.2949333190918,26.304033279418945,7443336
1997-12-31,49.713191986083984,50.28083038330078,49.32481002807617,50.0119514465332,26.686641693115234,5724758
1998-01-02,49.95219802856445,50.549713134765625,49.74306869506836,50.48996353149414,26.94170379638672,5512420
1998-01-05,50.460086822509766,51.05759811401367,50.19120407104492,50.87834548950195,27.14894676208496,10495564
1998-01-06,50.370460510253906,51.236854553222656,50.2210807800293,50.310707092285156,26.846065521240234,7438315
1998-01-07,50.19120407104492,50.19120407104492,49.05592727661133,49.83269500732422,26.590991973876953,9012754
1998-01-08,49.474185943603516,50.43021011352539,49.20530700683594,49.802818298339844,26.575050354003906,8492265
1998-01-09,49.862571716308594,50.13145446777344,47.50239181518555,47.831024169921875,25.522890090942383,15026418
1998-01-12,46.96462631225586,48.33890914916992,46.606117248535156,47.86090087890625,25.53882598876953,13411184
1998-01-13,48.070030212402344,48.96630096435547,47.95052719116211,48.81692123413086,26.048969268798828,7143134
1998-01-14,49.474185943603516,49.713191986083984,48.39866256713867,49.05592727661133,26.176490783691406,8944137
1998-01-15,49.32481002807617,50.16132736206055,48.936424255371094,49.444313049316406,26.38374137878418,13224996
1998-01-16,50.13145446777344,50.28083038330078,49.95219802856445,50.19120407104492,26.782291412353516,8763597
1998-01-20,50.28083038330078,51.80449295043945,50.04182434082031,51.80449295043945,27.643156051635742,10398495
1998-01-21,47.920650482177734,48.757171630859375,47.62189483642578,47.86090087890625,25.53882598876953,29095118
1998-01-22,47.71152114868164,48.09990310668945,47.084129333496094,47.50239181518555,25.3475399017334,13772682
1998-01-23,47.71152114868164,47.8011474609375,47.29325866699219,47.41276168823242,25.2996883392334,8182858
1998-01-26,47.4426383972168,47.771270751953125,46.845123291015625,46.904876708984375,25.028675079345703,5874127
1998-01-27,46.24760818481445,46.78537368774414,45.70984649658203,46.12810516357422,24.614187240600586,14685212
1998-01-28,46.42686462402344,46.845123291015625,46.12810516357422,46.36711120605469,24.741731643676758,10862501
1998-01-29,46.36711120605469,47.47251510620117,46.36711120605469,46.934749603271484,25.044628143310547,9233251
1998-01-30,46.994503021240234,47.592018127441406,46.845123291015625,47.20363235473633,25.188098907470703,6067009
1998-02-02,47.8011474609375,48.39866256713867,47.8011474609375,48.070030212402344,25.650432586669922,7191668
1998-02-03,47.86090087890625,47.920650482177734,47.17375564575195,47.50239181518555,25.3475399017334,7501075
1998-02-04,47.38288879394531,47.71152114868164,46.875,46.994503021240234,25.076528549194336,8962756
1998-02-05,47.38288879394531,47.592018127441406,47.02437973022461,47.592018127441406,25.395355224609375,7900856
1998-02-06,47.38288879394531,47.62189483642578,46.72562026977539,46.845123291015625,25.0471134185791,8540590
1998-02-09,46.904876708984375,47.62189483642578,46.845123291015625,46.845123291015625,25.0471134185791,7214053
1998-02-10,46.875,48.96630096435547,46.606117248535156,48.21940612792969,25.78192901611328,17079716
1998-02-11,48.57791519165039,49.35468673706055,48.518165588378906,49.0858039855957,26.245166778564453,8802090
1998-02-12,48.697418212890625,49.35468673706055,48.548038482666016,49.17543029785156,26.293092727661133,7587266
1998-02-13,49.0858039855957,49.533939361572266,48.936424255371094,48.936424255371094,26.16529655456543,4694657
1998-02-17,49.26505661010742,49.56381607055664,48.518165588378906,48.757171630859375,26.06945037841797,8016126
1998-02-18,48.757171630859375,49.533939361572266,48.42853546142578,49.11568069458008,26.26112174987793,6803812
1998-02-19,49.23518371582031,50.0119514465332,49.11568069458008,49.11568069458008,26.26112174987793,8946856
1998-02-20,49.23518371582031,49.444313049316406,48.548038482666016,49.05592727661133,26.22918128967285,7846674
1998-02-23,49.444313049316406,49.68331527709961,49.14555358886719,49.17543029785156,26.293092727661133,5493592
1998-02-24,49.05592727661133,49.17543029785156,48.63766860961914,48.996177673339844,26.197248458862305,5381461
1998-02-25,49.02605056762695,50.310707092285156,48.996177673339844,50.310707092285156,26.90009307861328,8050225
1998-02-26,50.07170104980469,50.609466552734375,49.862571716308594,50.43021011352539,26.963998794555664,6725362
1998-02-27,50.10157775878906,50.48996353149414,49.6534423828125,49.92232131958008,26.692434310913086,6161358
1998-03-02,49.802818298339844,49.98207473754883,47.8011474609375,48.727294921875,26.053470611572266,7301498
1998-03-03,47.8011474609375,48.996177673339844,47.71152114868164,48.81692123413086,26.101396560668945,8305658
1998-03-04,48.757171630859375,49.384559631347656,47.32313537597656,47.32313537597656,25.302703857421875,6290644
1998-03-05,47.89077377319336,47.980403900146484,46.994503021240234,47.29325866699219,25.286727905273438,11217304
1998-03-06,47.38288879394531,47.71152114868164,46.904876708984375,46.904876708984375,25.079059600830078,10889069
1998-03-09,46.42686462402344,46.96462631225586,45.829349517822266,45.9488525390625,24.567890167236328,13523106
1998-03-10,46.54636764526367,46.934749603271484,46.217735290527344,46.606117248535156,24.919343948364258,8717573
1998-03-11,46.78537368774414,47.741397857666016,46.57624435424805,47.38288879394531,25.33465576171875,7119913
1998-03-12,47.41276168823242,48.09990310668945,46.934749603271484,47.920650482177734,25.622180938720703,6174956
1998-03-13,48.21940612792969,48.33890914916992,47.32313537597656,47.62189483642578,25.462434768676758,6119728
1998-03-16,47.65176773071289,48.458412170410156,47.4426383972168,48.39866256713867,25.877765655517578,7157150
1998-03-17,48.42853546142578,48.66754150390625,47.592018127441406,48.21940612792969,25.78192901611328,7500029
1998-03-18,48.09990310668945,48.90654754638672,48.070030212402344,48.548038482666016,25.957630157470703,7520112
1998-03-19,48.607791900634766,49.23518371582031,48.48828887939453,49.17543029785156,26.293092727661133,5407820
1998-03-20,49.23518371582031,49.35468673706055,48.48828887939453,48.787044525146484,26.08542251586914,8593518
1998-03-23,48.548038482666016,49.41443634033203,48.458412170410156,48.458412170410156,25.909713745117188,6478506
1998-03-24,48.87667465209961,49.56381607055664,48.81692123413086,49.474185943603516,26.452835083007812,5028540
1998-03-25,50.19120407104492,50.99784851074219,50.13145446777344,50.66921615600586,27.091768264770508,14110958
1998-03-26,50.609466552734375,50.96797180175781,50.19120407104492,50.2210807800293,26.85218048095703,5976216
1998-03-27,50.310707092285156,50.43021011352539,49.6534423828125,49.89244842529297,26.67645835876465,5921824
1998-03-30,49.772945404052734,50.13145446777344,48.996177673339844,49.35468673706055,26.38892364501953,4003460
1998-03-31,49.713191986083984,50.16132736206055,49.41443634033203,49.6534423828125,26.548673629760742,5310542
1998-04-01,49.6534423828125,50.13145446777344,49.384559631347656,49.92232131958008,26.692434310913086,5522462
1998-04-02,49.862571716308594,50.99784851074219,49.713191986083984,50.57958984375,27.043861389160156,7533920
1998-04-03,50.48996353149414,50.84846878051758,49.68331527709961,50.04182434082031,26.756332397460938,6498170
1998-04-06,50.788719177246094,50.90822219848633,50.19120407104492,50.66921615600586,27.091768264770508,7697096
1998-04-07,50.549713134765625,50.57958984375,49.50406265258789,50.04182434082031,26.756332397460938,5696934
1998-04-08,50.07170104980469,50.48996353149414,49.59368896484375,49.95219802856445,26.708404541015625,5635011
1998-04-09,50.48996353149414,50.90822219848633,50.34058380126953,50.84846878051758,27.18762969970703,6338760
1998-04-13,50.9380989074707,51.53561019897461,49.802818298339844,49.802818298339844,26.628528594970703,8545820
1998-04-14,50.19120407104492,50.788719177246094,50.0119514465332,50.788719177246094,27.15567970275879,4990466
1998-04-15,51.1472282409668,52.491634368896484,50.90822219848633,52.46175765991211,28.05022621154785,9522993
1998-04-16,52.28250503540039,52.581260681152344,51.44598388671875,51.53561019897461,27.555015563964844,7072215
1998-04-17,51.35635757446289,51.59536361694336,50.90822219848633,51.5057373046875,27.539047241210938,6598168
1998-04-20,51.59536361694336,53.178775787353516,51.236854553222656,53.148902893066406,28.417612075805664,10301636
1998-04-21,54.493309020996094,56.64435958862305,54.31405258178711,56.40535354614258,30.158782958984375,25734947
1998-04-22,56.40535354614258,57.36137771606445,54.79206466674805,54.85181427001953,29.32813262939453,13695906
1998-04-23,54.73231506347656,56.226097106933594,54.55305862426758,56.16634750366211,30.03097915649414,9997250
1998-04-24,55.807838439941406,56.3754768371582,55.56883239746094,56.106597900390625,29.999038696289062,8276370
1998-04-27,55.56883239746094,55.74808883666992,54.67256164550781,55.120697021484375,29.471912384033203,8990370
1998-04-28,55.50908279418945,56.64435958862305,55.120697021484375,55.29995346069336,29.56774139404297,10851413
1998-04-29,55.29995346069336,55.867591857910156,54.79206466674805,55.24020004272461,29.535785675048828,7120959
1998-04-30,55.47920608520508,56.136470794677734,55.210323333740234,55.38957977294922,29.615673065185547,7442290
1998-05-01,55.419456481933594,56.106597900390625,55.210323333740234,55.867591857910156,29.871240615844727,5180838
1998-05-04,55.98709487915039,56.823612213134766,55.74808883666992,55.74808883666992,29.80734634399414,5557398
1998-05-05,55.7779655456543,56.52485656738281,55.7779655456543,56.31572723388672,30.1108455657959,5641287
1998-05-06,56.40535354614258,56.85348892211914,56.046844482421875,56.046844482421875,30.023149490356445,6657790
1998-05-07,56.16634750366211,56.285850524902344,55.50908279418945,55.98709487915039,29.991151809692383,5553005
1998-05-08,55.89746856689453,57.36137771606445,55.867591857910156,57.36137771606445,30.727313995361328,8124073
1998-05-11,57.45100402832031,58.675907135009766,56.55473327636719,57.032745361328125,30.5512638092041,9981769
1998-05-12,56.52485656738281,57.36137771606445,56.07672119140625,57.18212127685547,30.631296157836914,7894790
1998-05-13,57.48088073730469,58.4369010925293,57.42112731933594,58.25764846801758,31.207429885864258,8291224
1998-05-14,58.974666595458984,61.81285858154297,58.735660552978516,60.13981628417969,32.215667724609375,22025831
1998-05-15,60.05018997192383,61.06596755981445,59.33317565917969,59.7215576171875,31.991634368896484,11712899
1998-05-18,59.63193130493164,60.10994338989258,59.004539489746094,59.572181701660156,31.911598205566406,7375346
1998-05-19,60.05018997192383,60.70745849609375,59.63193130493164,59.751434326171875,32.007633209228516,8154616
1998-05-20,59.87093734741211,60.13981628417969,58.586280822753906,59.03441619873047,31.6235294342041,6305497
1998-05-21,59.03441619873047,59.3630485534668,58.28752517700195,59.09416961669922,31.655534744262695,6103828
1998-05-22,59.09416961669922,59.09416961669922,57.899139404296875,58.28752517700195,31.223421096801758,4180862
1998-05-26,58.49665451049805,58.79541015625,57.749759674072266,57.83938980102539,30.983388900756836,7271164
1998-05-27,57.032745361328125,58.07839584350586,56.67423629760742,57.48088073730469,30.79132843017578,10500166
1998-05-28,57.48088073730469,58.138145446777344,57.271751403808594,57.39125061035156,30.74332618713379,6217842
1998-05-29,57.63025665283203,57.809513092041016,56.106597900390625,56.16634750366211,30.087162017822266,5973497
1998-06-01,56.106597900390625,56.55473327636719,54.79206466674805,56.0169677734375,30.007139205932617,7643540
1998-06-02,56.0169677734375,56.25597381591797,54.881690979003906,55.24020004272461,29.591045379638672,8140600
1998-06-03,55.4493293762207,55.74808883666992,54.433555603027344,54.433555603027344,29.15894889831543,6152363
1998-06-04,54.61281204223633,55.53895950317383,54.61281204223633,55.47920608520508,29.71908187866211,6345664
1998-06-05,55.807838439941406,56.883365631103516,55.71821212768555,56.823612213134766,30.43926239013672,8624688
1998-06-08,56.76386260986328,57.36137771606445,56.5846061706543,56.793739318847656,30.423255920410156,3922500
1998-06-09,56.883365631103516,57.15224838256836,56.31572723388672,57.00286865234375,30.5352783203125,3914341
1998-06-10,56.76386260986328,57.18212127685547,55.867591857910156,56.046844482421875,30.023149490356445,6864061
1998-06-11,56.16634750366211,56.43523025512695,55.32982635498047,55.4493293762207,29.70307159423828,5603631
1998-06-12,55.38957977294922,55.83771514892578,54.493309020996094,55.56883239746094,29.767093658447266,8411304
1998-06-15,54.79206466674805,55.180450439453125,53.5970344543457,53.65678787231445,28.742843627929688,8794140
1998-06-16,53.47753143310547,53.47753143310547,51.20697784423828,52.581260681152344,28.166719436645508,18439097
1998-06-17,53.05927276611328,53.62691116333008,52.61113739013672,53.05927276611328,28.422773361206055,11762479
1998-06-18,52.103248596191406,52.163002014160156,51.44598388671875,52.01362228393555,27.86264419555664,8871544
1998-06-19,51.98374938964844,52.22275161743164,50.66921615600586,50.728965759277344,27.174470901489258,10217328
1998-06-22,50.788719177246094,52.342254638671875,50.75884246826172,51.68498992919922,27.686601638793945,8947275
1998-06-23,52.581260681152344,53.68666458129883,52.551387786865234,53.417781829833984,28.61481475830078,8450006
1998-06-24,53.47753143310547,53.5970344543457,52.61113739013672,53.53728485107422,28.678834915161133,6338760
1998-06-25,53.77629089355469,54.82194137573242,53.53728485107422,53.74641418457031,28.790857315063477,6668878
1998-06-26,53.71653747558594,54.22442626953125,53.68666458129883,54.015296936035156,28.93490219116211,3423349
1998-06-29,54.55305862426758,54.881690979003906,54.2841796875,54.55305862426758,29.22294807434082,4570183
1998-06-30,54.55305862426758,55.59870910644531,54.254302978515625,54.881690979003906,29.39900779724121,9112752
1998-07-01,55.4493293762207,55.89746856689453,55.210323333740234,55.807838439941406,29.89511489868164,6624109
1998-07-02,55.71821212768555,55.74808883666992,54.73231506347656,55.06094741821289,29.495031356811523,6735822
1998-07-06,54.971317291259766,55.00119400024414,54.164676666259766,54.343929290771484,29.110923767089844,6692726
1998-07-07,54.31405258178711,54.73231506347656,53.89579391479492,54.433555603027344,29.15894889831543,4759091
1998-07-08,54.37380599975586,55.24020004272461,54.31405258178711,54.971317291259766,29.447021484375,4724154
1998-07-09,54.85181427001953,56.64435958862305,54.79206466674805,55.957218170166016,29.97513771057129,6672434
1998-07-10,56.52485656738281,57.00286865234375,56.106597900390625,56.64435958862305,30.343244552612305,6422649
1998-07-13,56.64435958862305,57.36137771606445,56.52485656738281,57.062618255615234,30.567291259765625,4894862
1998-07-14,57.24187469482422,57.660133361816406,56.883365631103516,57.18212127685547,30.631296157836914,4745911
1998-07-15,57.00286865234375,57.36137771606445,55.92734146118164,55.92734146118164,29.959131240844727,5350918
1998-07-16,55.98709487915039,56.85348892211914,55.4493293762207,56.5846061706543,30.31121826171875,4560769
1998-07-17,56.67423629760742,57.54063034057617,56.64435958862305,57.45100402832031,30.775325775146484,6628293
1998-07-20,57.83938980102539,58.79541015625,57.5107536315918,58.31740188598633,31.239444732666016,9391406
1998-07-21,61.304969787597656,62.619503021240234,61.06596755981445,61.24522018432617,32.80781173706055,25749591
1998-07-22,60.22944641113281,61.394596099853516,59.512428283691406,60.916587829589844,32.631771087646484,12658483
1998-07-23,60.79708480834961,61.66347885131836,59.12404251098633,59.21367263793945,31.719568252563477,8688285
1998-07-24,60.16969299316406,60.19956970214844,58.55640411376953,59.39292526245117,31.815593719482422,6013663
1998-07-27,59.1539192199707,60.10994338989258,58.4369010925293,59.990440368652344,32.13564682006836,7683288
1998-07-28,60.34894943237305,60.677581787109375,59.3630485534668,59.96056365966797,32.11964797973633,8881168
1998-07-29,61.15559387207031,61.394596099853516,60.73733139038086,61.12571716308594,32.74380111694336,8409422
1998-07-30,61.48422622680664,63.93403244018555,61.394596099853516,63.75477981567383,34.15212631225586,11457256
1998-07-31,63.695030212402344,66.02533721923828,63.217018127441406,63.33652114868164,33.92808532714844,13794648
1998-08-03,64.05353546142578,64.47179412841797,63.24689483642578,63.456024169921875,33.99210739135742,8740167
1998-08-04,64.05353546142578,64.17304229736328,60.617828369140625,60.617828369140625,32.471744537353516,13993179
1998-08-05,60.70745849609375,61.782981872558594,59.27342224121094,61.543975830078125,32.96784973144531,13710131
1998-08-06,61.09584045410156,62.58962631225586,60.88671112060547,62.02198791503906,33.280784606933594,8579920
1998-08-07,62.97801208496094,64.17304229736328,61.72323226928711,61.72323226928711,33.12046432495117,12061008
1998-08-10,61.603729248046875,62.20124435424805,61.543975830078125,62.08174133300781,33.312828063964844,6333948
1998-08-11,60.2891960144043,61.42447280883789,59.900814056396484,61.42447280883789,32.96015548706055,10699952
1998-08-12,61.543975830078125,61.9323616027832,60.97633743286133,61.18546676635742,32.831912994384766,7703372
1998-08-13,60.97633743286133,61.364723205566406,60.22944641113281,60.31907272338867,32.367000579833984,6332066
1998-08-14,60.528202056884766,60.88671112060547,59.27342224121094,59.930686950683594,32.15860366821289,6585407
1998-08-17,59.81118392944336,60.22944641113281,59.39292526245117,59.81118392944336,32.0944709777832,6647330
1998-08-18,60.70745849609375,61.90248489379883,60.70745849609375,61.603729248046875,33.05634307861328,7932655
1998-08-19,61.90248489379883,62.619503021240234,61.693355560302734,62.11161422729492,33.32887649536133,7470741
1998-08-20,61.90248489379883,62.17136764526367,60.94646453857422,61.2153434753418,32.84793472290039,6360308
1998-08-21,60.94646453857422,61.18546676635742,59.512428283691406,61.12571716308594,32.79985046386719,8829077
1998-08-24,61.18546676635742,61.51409912109375,60.856834411621094,61.454349517822266,32.9761962890625,6036257
1998-08-25,61.72323226928711,62.559749603271484,61.0062141418457,61.394596099853516,32.944114685058594,5506562
1998-08-26,60.826961517333984,62.97801208496094,60.70745849609375,62.559749603271484,33.5693473815918,9229276
1998-08-27,61.543975830078125,61.543975830078125,59.661808013916016,59.87093734741211,32.12653732299805,15369715
1998-08-28,59.87093734741211,60.13981628417969,57.749759674072266,58.586280822753906,31.437192916870117,12139039
1998-08-31,58.79541015625,58.974666595458984,53.83604049682617,53.83604049682617,28.88822364807129,15661340
1998-09-01,54.015296936035156,56.85348892211914,52.93976974487305,56.3754768371582,30.25087547302246,17572172
1998-09-02,57.83938980102539,59.1539192199707,57.3016242980957,57.60038375854492,30.90816879272461,11773358
1998-09-03,56.76386260986328,58.646034240722656,56.43523025512695,58.197898864746094,31.228790283203125,10089925
1998-09-04,58.55640411376953,58.735660552978516,55.120697021484375,57.062618255615234,30.619611740112305,8625107
1998-09-08,59.7215576171875,60.19956970214844,58.40702819824219,60.19956970214844,32.302879333496094,9712110
1998-09-09,60.10994338989258,60.916587829589844,58.974666595458984,59.03441619873047,31.677658081054688,10448912
1998-09-10,58.37715148925781,58.55640411376953,56.49497985839844,58.55640411376953,31.421159744262695,11672942
1998-09-11,58.01864242553711,60.49832534790039,57.660133361816406,60.49832534790039,32.46318817138672,10386989
1998-09-14,61.18546676635742,62.11161422729492,61.0062141418457,61.72323226928711,33.12046432495117,9533453
1998-09-15,61.66347885131836,62.470123291015625,61.42447280883789,62.1414909362793,33.34489822387695,6792306
1998-09-16,62.1414909362793,62.58962631225586,61.27509689331055,62.380496978759766,33.4731559753418,6944185
1998-09-17,60.94646453857422,61.304969787597656,60.31907272338867,60.587955474853516,32.51126480102539,9247058
1998-09-18,60.587955474853516,60.826961517333984,59.39292526245117,59.602054595947266,31.982267379760742,9636170
1998-09-21,57.42112731933594,61.48422622680664,57.36137771606445,61.27509689331055,32.880008697509766,9114007
1998-09-22,61.842735290527344,62.440250396728516,61.03609085083008,61.06596755981445,32.76779556274414,8986395
1998-09-23,61.543975830078125,63.57552719116211,61.42447280883789,63.12739181518555,33.873924255371094,9059197
1998-09-24,62.88838577270508,64.50167083740234,62.26099395751953,62.41037368774414,33.48918533325195,8786818
1998-09-25,62.1414909362793,63.90415954589844,62.05186462402344,63.81453323364258,34.24265670776367,7642285
1998-09-28,64.29254150390625,65.09918975830078,63.18714141845703,63.87428283691406,34.274715423583984,7992277
1998-09-29,63.93403244018555,64.11328887939453,62.1414909362793,62.82863235473633,33.713623046875,7415931
1998-09-30,62.5,62.8585090637207,61.0062141418457,61.42447280883789,32.96015548706055,8681172
1998-10-01,59.78131103515625,60.438575744628906,58.974666595458984,59.930686950683594,32.15860366821289,13114120
1998-10-02,59.33317565917969,59.87093734741211,56.85348892211914,59.661808013916016,32.01431655883789,15277039
1998-10-05,59.1539192199707,59.1539192199707,56.07672119140625,57.48088073730469,30.84403419494629,14060332
1998-10-06,59.27342224121094,59.27342224121094,56.76386260986328,57.00286865234375,30.587543487548828,15028300
1998-10-07,57.122371673583984,58.735660552978516,56.46510314941406,57.719886779785156,30.97228240966797,13770381
1998-10-08,57.719886779785156,59.03441619873047,55.83771514892578,59.03441619873047,31.677658081054688,19154980
1998-10-09,59.48255157470703,61.15559387207031,58.55640411376953,60.856834411621094,32.655574798583984,12220627
1998-10-12,62.20124435424805,63.51577377319336,61.9323616027832,62.559749603271484,33.5693473815918,11302030
1998-10-13,62.380496978759766,62.380496978759766,60.49832534790039,61.27509689331055,32.880008697509766,9825706
1998-10-14,61.06596755981445,63.09751510620117,60.79708480834961,62.380496978759766,33.4731559753418,10033023
1998-10-15,62.1414909362793,66.32408905029297,62.02198791503906,65.24856567382812,35.01215744018555,13666408
1998-10-16,65.4875717163086,65.72657775878906,64.44192504882812,64.97968292236328,34.86786651611328,10813757
1998-10-19,64.53154754638672,66.83197784423828,64.53154754638672,66.62284851074219,35.749595642089844,9214632
1998-10-20,67.2203598022461,68.08676147460938,65.24856567382812,65.90583038330078,35.364837646484375,11848042
1998-10-21,66.98136138916016,68.68427276611328,66.44359588623047,68.20626068115234,36.59925079345703,17798527
1998-10-22,66.9216079711914,68.59464263916016,66.74235534667969,67.78800201416016,36.37480926513672,9932607
1998-10-23,67.63862609863281,68.56477355957031,67.48924255371094,67.66850280761719,36.31069564819336,6580386
1998-10-26,67.54899597167969,69.04278564453125,66.95148468017578,68.38551330566406,36.6954231262207,7692912
1998-10-27,69.31166076660156,70.17806243896484,68.38551330566406,69.01290893554688,37.0320930480957,11942391
1998-10-28,69.13240814208984,70.20793151855469,68.74402618408203,69.87930297851562,37.49699020385742,7604211
1998-10-29,70.74569702148438,71.46271514892578,70.26768493652344,71.10420989990234,38.154273986816406,10623176
1998-10-30,71.46271514892578,71.61209106445312,70.5066909790039,70.98470306396484,38.090145111083984,8207125
1998-11-02,70.95482635498047,71.5523452758789,70.41706848144531,70.9249496459961,38.058074951171875,7285808
1998-11-03,70.98470306396484,71.67184448242188,70.35731506347656,70.44693756103516,37.80158996582031,7230998
1998-11-04,71.16395568847656,71.58221435546875,69.67017364501953,70.68594360351562,37.92985153198242,8569460
1998-11-05,70.59632110595703,71.49259185791016,70.17806243896484,71.22370910644531,38.21839904785156,6888956
1998-11-06,71.16395568847656,72.14985656738281,70.5066909790039,71.67184448242188,38.5157356262207,7466348
1998-11-09,72.06022644042969,72.74736785888672,71.67184448242188,72.3589859008789,38.88500213623047,7925960
1998-11-10,72.11997985839844,74.92829895019531,72.03035736083984,74.56979370117188,40.073062896728516,9145178
1998-11-11,75.04779815673828,75.94407653808594,74.80879211425781,75.10755157470703,40.36203384399414,10688237
1998-11-12,74.89842224121094,76.42208099365234,74.86854553222656,75.466064453125,40.554710388183594,9066519
1998-11-13,75.04779815673828,75.28680419921875,74.45028686523438,75.25692749023438,40.44232940673828,6270979
1998-11-16,75.82456970214844,76.33245849609375,75.5556869506836,76.18307495117188,40.94004440307617,7156732
1998-11-17,76.18307495117188,77.13909912109375,75.52581024169922,75.52581024169922,40.58681869506836,9135136
1998-11-18,75.5556869506836,76.30258178710938,75.3465576171875,76.00382232666016,40.84370422363281,6114498
1998-11-19,76.24282836914062,76.42208099365234,75.58556365966797,75.79469299316406,40.731300354003906,6619925
1998-11-20,75.94407653808594,76.54158782958984,75.76481628417969,76.54158782958984,41.13267517089844,6681639
1998-11-23,76.95984649658203,79.82791900634766,76.75071716308594,79.61878967285156,42.78633117675781,8110684
1998-11-24,79.11090087890625,79.91754150390625,78.87189483642578,78.99139404296875,42.44918441772461,6947323
1998-11-25,78.931640625,79.79804229736328,78.57313537597656,79.70841217041016,42.83450698852539,4118520
1998-11-27,79.6486587524414,81.35157775878906,79.6486587524414,81.26194763183594,43.66938400268555,2797004
1998-11-30,81.14244842529297,81.53083038330078,78.81214141845703,78.931640625,42.41706466674805,5787936
1998-12-01,78.15487670898438,81.26194763183594,78.15487670898438,81.20220184326172,43.63724899291992,7611324
1998-12-02,80.75406646728516,80.9034423828125,78.75238800048828,80.03704833984375,43.0111198425293,6436666
1998-12-03,80.42543029785156,80.96319580078125,77.9158706665039,78.15487670898438,41.999664306640625,6756532
1998-12-04,78.69264221191406,79.0511474609375,77.55735778808594,78.51338195800781,42.19230651855469,7113009
1998-12-07,78.60301208496094,80.39555358886719,78.51338195800781,79.91754150390625,42.946876525878906,5547775
1998-12-08,80.39555358886719,81.20220184326172,78.90177154541016,80.39555358886719,43.203758239746094,7770943
1998-12-09,80.33580017089844,81.2320785522461,80.00717163085938,80.99307250976562,43.524864196777344,4895908
1998-12-10,80.93331909179688,81.26194763183594,78.27437591552734,78.87189483642578,42.384971618652344,7713832
1998-12-11,78.39388275146484,80.51506042480469,78.03536987304688,80.30592346191406,43.15559768676758,7305473
1998-12-14,79.58891296386719,79.82791900634766,77.7963638305664,77.85611724853516,41.839107513427734,7894580
1998-12-15,78.15487670898438,79.2602767944336,77.67686462402344,78.87189483642578,42.384971618652344,8129094
1998-12-16,79.7681655883789,79.7681655883789,78.54325866699219,78.57313537597656,42.224395751953125,5912829
1998-12-17,79.08102416992188,81.08269500732422,78.90177154541016,79.3797836303711,42.657894134521484,9166307
1998-12-18,79.6486587524414,82.30760192871094,79.6486587524414,82.00884246826172,44.07074737548828,10268373
1998-12-21,82.00884246826172,85.5341796875,82.00884246826172,84.30927276611328,45.30696105957031,7822616
1998-12-22,84.84703826904297,87.4760971069336,83.7715072631836,87.11759185791016,46.81614303588867,9105012
1998-12-23,87.32672119140625,88.61137390136719,86.57982635498047,88.43212127685547,47.52253341674805,7395220
1998-12-24,88.3126220703125,89.8362808227539,87.9839859008789,89.8362808227539,48.277130126953125,3190091
1998-12-28,89.14913940429688,90.79230499267578,88.9101333618164,90.46366882324219,48.61426544189453,5511583
1998-12-29,90.1649169921875,90.31429290771484,89.38814544677734,89.4478988647461,48.06841278076172,3935261
1998-12-30,89.3283920288086,90.1649169921875,89.05950927734375,89.26863861083984,47.97208786010742,5034607
1998-12-31,89.26863861083984,89.47777557373047,87.71510314941406,88.13336181640625,47.36199951171875,4042581
1999-01-04,88.43212127685547,89.14913940429688,86.75907897949219,87.4760971069336,47.0087776184082,8524482
1999-01-05,87.4760971069336,90.7624282836914,87.386474609375,90.6429214477539,48.710601806640625,10363350
1999-01-06,90.9715576171875,92.13671112060547,90.10516357421875,90.22466278076172,48.485816955566406,9978422
1999-01-07,89.8362808227539,91.95745849609375,89.38814544677734,90.91180419921875,48.8551025390625,8688913
1999-01-08,91.3001937866211,91.77820587158203,88.73088073730469,89.65702819824219,48.1807861328125,9598933
1999-01-11,90.34416961669922,90.55329895019531,89.38814544677734,90.46366882324219,48.61426544189453,7595634
1999-01-12,90.82218170166016,90.82218170166016,87.95410919189453,88.46199798583984,47.538604736328125,7074726
1999-01-13,87.4760971069336,89.59727478027344,85.80306243896484,88.67112731933594,47.650970458984375,10361048
1999-01-14,87.77485656738281,88.4022445678711,85.50430297851562,86.3408203125,46.3986930847168,9414000
1999-01-15,87.11759185791016,88.67112731933594,86.63957977294922,88.4022445678711,47.506492614746094,7101922
1999-01-19,89.74665069580078,92.01720428466797,88.67112731933594,91.897705078125,49.384910583496094,8784936
1999-01-20,93.21223449707031,95.24378967285156,92.07695770263672,92.97322845458984,49.96287536621094,13215792
1999-01-21,94.4670181274414,94.76577758789062,91.80807495117188,94.16825866699219,50.60507583618164,21343212
1999-01-22,87.95410919189453,88.67112731933594,84.90679168701172,85.92256164550781,46.173919677734375,39836910
1999-01-25,87.11759185791016,87.29684448242188,82.93498992919922,86.99808502197266,46.751895904541016,24450668
1999-01-26,87.83460998535156,89.14913940429688,86.93833923339844,88.73088073730469,47.6830940246582,19975462
1999-01-27,89.29851531982422,89.29851531982422,84.99641418457031,85.23542022705078,45.804656982421875,18653527
1999-01-28,85.80306243896484,86.6694564819336,84.87691497802734,85.4146728515625,45.900970458984375,12490495
1999-01-29,85.4146728515625,87.92423248291016,85.3250503540039,87.5956039428711,47.07301712036133,10581127
1999-02-01,88.193115234375,88.193115234375,85.80306243896484,85.92256164550781,46.173919677734375,7747931
1999-02-02,85.83293151855469,86.37069702148438,83.65200805664062,84.488525390625,45.40328598022461,12266651
1999-02-03,84.07026672363281,84.6080322265625,82.72586059570312,83.7715072631836,45.0179557800293,11711644
1999-02-04,83.74163818359375,84.36902618408203,80.9034423828125,81.05281829833984,43.5569953918457,12149499
1999-02-05,81.47107696533203,81.73995971679688,78.66276550292969,79.34990692138672,42.641849517822266,17737650
1999-02-08,79.82791900634766,80.72418975830078,77.97562408447266,79.82791900634766,42.955650329589844,12537984
1999-02-09,79.82791900634766,81.02294158935547,77.318359375,77.7963638305664,41.862457275390625,11308515
1999-02-10,77.67686462402344,80.72418975830078,77.67686462402344,80.72418975830078,43.43795394897461,11352656
1999-02-11,81.38145446777344,85.47442626953125,80.36567687988281,85.3250503540039,45.913665771484375,13142781
1999-02-12,84.24951934814453,84.24951934814453,81.82958984375,82.57648468017578,44.434661865234375,12202845
1999-02-16,83.65200805664062,85.2055435180664,82.18809509277344,82.45697784423828,44.3703498840332,9434711
1999-02-17,81.5009536743164,83.32337188720703,80.6943130493164,81.5009536743164,43.85592269897461,9389942
1999-02-18,82.21797180175781,83.41300201416016,81.35157775878906,83.29350280761719,44.820518493652344,9087439
1999-02-19,83.3532485961914,83.53250122070312,81.73995971679688,82.0387191772461,44.145301818847656,7733287
1999-02-22,82.33747863769531,85.05616760253906,81.76983642578125,85.05616760253906,45.76899719238281,9623409
1999-02-23,85.08604431152344,86.04206848144531,84.01051330566406,84.57815551757812,45.511783599853516,9528223
1999-02-24,84.72753143310547,85.89268493652344,82.7557373046875,83.05449676513672,44.69186782836914,9034720
1999-02-25,82.21797180175781,83.14411926269531,80.93331909179688,82.99474334716797,44.659725189208984,10951202
1999-02-26,81.73995971679688,82.15821838378906,79.58891296386719,81.14244842529297,43.66300964355469,15478708
1999-03-01,81.02294158935547,81.02294158935547,78.931640625,80.48518371582031,43.30934524536133,10031977
1999-03-02,81.5009536743164,81.7100830078125,79.7681655883789,80.1864242553711,43.14857482910156,9145806
1999-03-03,80.54492950439453,80.75406646728516,78.90177154541016,79.70841217041016,42.89134216308594,8099178
1999-03-04,82.93498992919922,84.6080322265625,81.32170104980469,81.73995971679688,43.98453903198242,22490046
1999-03-05,83.11424255371094,85.5341796875,83.05449676513672,85.26529693603516,45.881534576416016,12140085
1999-03-08,85.38479614257812,86.04206848144531,84.63790893554688,85.50430297851562,46.01012420654297,7907551
1999-03-09,85.98231506347656,88.37236785888672,85.35492706298828,87.08771514892578,46.8621826171875,10479874
1999-03-10,86.81883239746094,87.41635131835938,86.16156768798828,86.75907897949219,46.685325622558594,7332251
1999-03-11,87.1773452758789,88.88025665283203,86.75907897949219,87.41635131835938,47.038997650146484,8986395
1999-03-12,87.32672119140625,87.68522644042969,85.08604431152344,85.08604431152344,45.78505325317383,10128627
1999-03-15,85.65367889404297,87.14746856689453,84.66778564453125,86.99808502197266,46.81393814086914,8266329
1999-03-16,86.99808502197266,87.71510314941406,86.1316909790039,86.52007293701172,46.55670928955078,6909876
1999-03-17,85.80306243896484,86.04206848144531,85.08604431152344,85.11592102050781,45.80115509033203,7233508
1999-03-18,84.84703826904297,84.96653747558594,82.66610717773438,84.90679168701172,45.68861389160156,15172230
1999-03-19,84.42877960205078,85.08604431152344,80.30592346191406,80.5748062133789,43.35756301879883,20393653
1999-03-22,80.63455963134766,81.5009536743164,79.6486587524414,79.82791900634766,42.955650329589844,12443844
1999-03-23,79.82791900634766,80.12667083740234,78.39388275146484,79.0511474609375,42.537662506103516,10475690
1999-03-24,80.30592346191406,81.5009536743164,79.58891296386719,81.02294158935547,43.598716735839844,12364766
1999-03-25,82.21797180175781,82.81549072265625,81.02294158935547,81.88934326171875,44.06493377685547,10280925
1999-03-26,81.76983642578125,84.07026672363281,81.53083038330078,82.39722442626953,44.33818817138672,8646654
1999-03-29,83.65200805664062,85.44454956054688,83.3532485961914,85.02629089355469,45.752925872802734,8470717
1999-03-30,84.6080322265625,86.63957977294922,84.54827880859375,85.35492706298828,45.929752349853516,7810273
1999-03-31,86.04206848144531,86.75907897949219,84.36902618408203,84.72753143310547,45.59215545654297,6103619
1999-04-01,84.75740814208984,84.93666076660156,83.50263214111328,84.6080322265625,45.5278434753418,5555097
1999-04-05,85.56405639648438,87.92423248291016,85.35492706298828,87.92423248291016,47.31229782104492,9663366
1999-04-06,87.53585052490234,89.26863861083984,87.08771514892578,87.4760971069336,47.07115936279297,9144969
1999-04-07,87.95410919189453,89.68690490722656,85.59392547607422,89.14913940429688,47.971431732177734,12198452
1999-04-08,88.9101333618164,89.89603424072266,87.14746856689453,89.38814544677734,48.10002517700195,8923426
1999-04-09,88.73088073730469,89.89603424072266,87.95410919189453,89.05950927734375,47.923240661621094,6392943
1999-04-12,87.71510314941406,87.77485656738281,86.5499496459961,87.68522644042969,47.183677673339844,9392871
1999-04-13,87.95410919189453,87.95410919189453,86.01219177246094,86.04206848144531,46.29951858520508,7161334
1999-04-14,87.35659790039062,87.89435577392578,84.90679168701172,85.7433090209961,46.13875961303711,7595006
1999-04-15,85.80306243896484,85.80306243896484,82.93498992919922,84.96653747558594,45.72078323364258,8713598
1999-04-16,84.84703826904297,84.84703826904297,81.32170104980469,81.44120788574219,43.823753356933594,12477525
1999-04-19,81.68020629882812,82.36735534667969,78.42375946044922,79.70841217041016,42.89134216308594,16091246
1999-04-20,79.82791900634766,81.14244842529297,77.9158706665039,81.14244842529297,43.66300964355469,15392936
1999-04-21,81.14244842529297,82.15821838378906,78.931640625,82.15821838378906,44.209598541259766,13767034
1999-04-22,94.28776550292969,95.0047836303711,92.1068344116211,92.97322845458984,50.0291748046875,40971611
1999-04-23,92.43547058105469,98.73924255371094,92.2263412475586,95.48279571533203,51.37957763671875,21705546
1999-04-26,97.87284851074219,100.74092102050781,96.70769500732422,100.3226547241211,53.98392868041992,19524636
1999-04-27,101.33843231201172,102.8919677734375,99.66539001464844,101.33843231201172,54.530521392822266,21891943
1999-04-28,100.0239028930664,100.62141418457031,97.27533721923828,97.99235534667969,52.729976654052734,11863523
1999-04-29,97.99235534667969,99.9043960571289,97.2454605102539,97.90272521972656,52.6817741394043,11798043
1999-04-30,99.66539001464844,100.86042022705078,97.2454605102539,99.99402618408203,53.807098388671875,9446426
1999-05-03,99.42638397216797,101.45793151855469,98.61974334716797,101.45793151855469,54.594818115234375,9447681
1999-05-04,101.45793151855469,103.19072723388672,101.0396728515625,101.33843231201172,54.530521392822266,11644490
1999-05-05,101.39818572998047,101.57743835449219,99.0977554321289,101.39818572998047,54.56269836425781,8862130
1999-05-06,101.27867889404297,102.2944564819336,99.42638397216797,100.0239028930664,53.88414001464844,8723222
1999-05-07,100.97992706298828,103.96749877929688,100.89029693603516,103.84799194335938,55.9442024230957,10446193
1999-05-10,103.84799194335938,106.05879211425781,103.75836181640625,104.50525665283203,56.29827880859375,9987626
1999-05-11,105.40152740478516,106.05879211425781,103.96749877929688,105.64053344726562,56.9099006652832,8757949
1999-05-12,105.70028686523438,109.19574737548828,103.011474609375,107.79158782958984,58.068687438964844,12621873
1999-05-13,111.85468292236328,117.5908203125,111.85468292236328,117.5908203125,63.34765625,25450644
1999-05-14,115.43977355957031,116.39579010009766,112.81070709228516,114.36424255371094,61.60948181152344,18905195
1999-05-17,112.81070709228516,114.54350280761719,110.8986587524414,113.52772521972656,61.15883255004883,12092178
1999-05-18,113.88623046875,115.0215072631836,113.2887191772461,114.0057373046875,61.416324615478516,9030955
1999-05-19,113.88623046875,114.12523651123047,111.40654754638672,112.7509536743164,60.740333557128906,8150014
1999-05-20,112.63145446777344,112.98995971679688,111.13766479492188,111.31692504882812,59.96784591674805,6738123
1999-05-21,111.25717163085938,111.55592346191406,109.55425262451172,110.12189483642578,59.324058532714844,7217191
1999-05-24,110.0920181274414,110.27127075195312,105.9990463256836,106.95507049560547,57.61804962158203,8993717
1999-05-25,106.35755157470703,108.03059387207031,105.64053344726562,105.73016357421875,56.95818328857422,9837630
1999-05-26,106.5965576171875,113.10946655273438,105.84966278076172,112.93020629882812,60.83694076538086,17392888
1999-05-27,111.55592346191406,111.73518371582031,107.67208099365234,110.8986587524414,59.74248123168945,11037915
1999-05-28,110.8986587524414,111.61567687988281,109.1658706665039,110.8986587524414,59.74248123168945,6672957
1999-06-01,108.62810516357422,108.86711120605469,106.29779815673828,107.07456970214844,57.682430267333984,7487791
1999-06-02,106.83556365966797,109.5841293334961,104.62476348876953,108.74761199951172,58.583702087402344,7327230
1999-06-03,109.52437591552734,110.24139404296875,106.65631103515625,107.97084045410156,58.16526412963867,5347780
1999-06-04,108.62810516357422,110.8986587524414,107.49282836914062,110.8986587524414,59.74248123168945,5500705
1999-06-07,112.93020629882812,116.33604431152344,112.33269500732422,115.20076751708984,62.06007766723633,6970439
1999-06-08,114.6032485961914,114.6032485961914,110.95841217041016,111.49617767333984,60.06437301635742,7735588
1999-06-09,111.49617767333984,115.55927276611328,111.4364242553711,111.85468292236328,60.257511138916016,5825802
1999-06-10,110.77915954589844,111.61567687988281,108.32935333251953,110.181640625,59.35625457763672,5074669
1999-06-11,110.00238800048828,111.37667083740234,107.61233520507812,109.28536987304688,58.87338638305664,4492779
1999-06-14,110.77915954589844,110.8986587524414,108.98661804199219,110.42064666748047,59.4849853515625,5121948
1999-06-15,112.33269500732422,113.10946655273438,109.7036361694336,110.77915954589844,59.67815017700195,5109605
1999-06-16,114.6032485961914,116.15679168701172,113.64722442626953,115.38002014160156,62.15666580200195,7283403
1999-06-17,114.0057373046875,116.63479614257812,113.76673126220703,114.90200805664062,61.89915466308594,4890991
1999-06-18,114.90200805664062,116.09703826904297,114.48374938964844,115.43977355957031,62.18886947631836,9580942
1999-06-21,117.47132110595703,120.21988677978516,117.23231506347656,119.26386260986328,64.24897003173828,6763750
1999-06-22,118.4273452758789,122.13192749023438,117.5908203125,117.94933319091797,63.540794372558594,7103700
1999-06-23,116.8738021850586,118.7260971069336,116.39579010009766,117.53107452392578,63.31548309326172,4622065
1999-06-24,117.7103271484375,118.96510314941406,116.21653747558594,117.17256164550781,63.122337341308594,5471835
1999-06-25,117.88957977294922,120.21988677978516,117.7103271484375,117.7103271484375,63.41205596923828,4773526
1999-06-28,118.54684448242188,119.20410919189453,116.81405639648438,117.17256164550781,63.122337341308594,6520032
1999-06-29,117.5908203125,119.80162811279297,117.35181427001953,119.14435577392578,64.18457794189453,5464095
1999-06-30,119.32361602783203,126.19503021240234,118.90535736083984,123.56596374511719,66.56656646728516,8637136
1999-07-01,124.2829818725586,125.53776550292969,122.37093353271484,125.23900604248047,67.46783447265625,6183534
1999-07-02,125.11949920654297,126.43403625488281,123.80496978759766,126.43403625488281,68.1115951538086,3706606
1999-07-06,126.67304229736328,127.9875717163086,125.05975341796875,125.23900604248047,67.46783447265625,5971928
1999-07-07,125.23900604248047,127.62906646728516,124.88050079345703,126.97179412841797,68.40129852294922,6954749
1999-07-08,126.67304229736328,129.54110717773438,126.31452941894531,128.10707092285156,69.01287841796875,6373173
1999-07-09,128.10707092285156,131.39340209960938,127.9875717163086,131.33364868164062,70.7511215209961,5016511
1999-07-12,131.39340209960938,132.5884246826172,129.42160034179688,131.7519073486328,70.97640228271484,5279057
1999-07-13,129.78012084960938,133.06643676757812,129.78012084960938,131.81166076660156,71.00860595703125,5905402
1999-07-14,132.22991943359375,132.4091796875,130.19837951660156,131.21414184570312,70.68669891357422,4941304
1999-07-15,131.93116760253906,132.05067443847656,128.5850830078125,130.31787109375,70.20388793945312,5840446
1999-07-16,130.37762451171875,131.45315551757812,129.42160034179688,130.2581329345703,70.17170715332031,5358763
1999-07-19,130.49713134765625,132.76768493652344,127.80831909179688,128.70458984375,69.33476257324219,7977319
1999-07-20,126.19503021240234,126.31452941894531,120.51863861083984,122.60993957519531,66.0515365600586,14965540
1999-07-21,121.8929214477539,124.04397583007812,121.29541015625,123.32695770263672,66.43778228759766,9196746
1999-07-22,122.0124282836914,122.84894561767578,118.06883239746094,118.4273452758789,63.79831314086914,9277079
1999-07-23,118.54684448242188,119.92112731933594,117.23231506347656,119.32361602783203,64.2811279296875,7284553
1999-07-26,118.18833923339844,119.62236785888672,117.35181427001953,117.5908203125,63.34765625,5773815
1999-07-27,119.50286865234375,120.93690490722656,118.12858581542969,120.6978988647461,65.02147674560547,6813121
1999-07-28,120.81739807128906,123.02820587158203,120.2796401977539,122.72944641113281,66.11589813232422,5530830
1999-07-29,120.6978988647461,121.05640411376953,119.14435577392578,119.86137390136719,64.57080078125,5970045
1999-07-30,120.39913940429688,121.11615753173828,118.90535736083984,120.1601333618164,64.73177337646484,4523845
1999-08-02,118.54684448242188,120.45889282226562,116.4555435180664,116.8738021850586,62.96141052246094,4775095
1999-08-03,117.35181427001953,117.7103271484375,112.98995971679688,114.12523651123047,61.480735778808594,7171271
1999-08-04,114.7227554321289,116.51529693603516,112.8704605102539,113.2887191772461,61.03009033203125,6019521
1999-08-05,114.7227554321289,118.54684448242188,112.39244842529297,117.77007293701172,63.444236755371094,7703267
1999-08-06,116.63479614257812,121.4149169921875,115.67877960205078,118.06883239746094,63.667171478271484,6425160
1999-08-09,118.18833923339844,118.96510314941406,115.79827880859375,116.81405639648438,62.990570068359375,4234313
1999-08-10,116.15679168701172,117.11280822753906,113.70697784423828,114.06549072265625,61.508453369140625,6115125
1999-08-11,114.84225463867188,118.3078384399414,114.54350280761719,117.88957977294922,63.570526123046875,5797978
1999-08-12,118.3078384399414,118.36759185791016,115.67877960205078,115.79827880859375,62.44282150268555,5259079
1999-08-13,117.35181427001953,119.02485656738281,116.63479614257812,117.94933319091797,63.60274887084961,4602818
1999-08-16,119.50286865234375,122.25143432617188,119.02485656738281,121.77342224121094,65.66484069824219,5113894
1999-08-17,122.84894561767578,122.90869903564453,120.99665069580078,122.84894561767578,66.24482727050781,5372674
1999-08-18,122.72944641113281,123.92447662353516,118.06883239746094,118.4273452758789,63.860530853271484,6910922
1999-08-19,118.4273452758789,119.38336181640625,115.91778564453125,117.53107452392578,63.377235412597656,7932132
1999-08-20,118.90535736083984,118.90535736083984,115.738525390625,116.39579010009766,62.76502227783203,6236252
1999-08-23,117.35181427001953,119.38336181640625,116.93355560302734,118.96510314941406,64.15052795410156,6321501
1999-08-24,117.94933319091797,118.18833923339844,115.67877960205078,116.63479614257812,62.89390182495117,8830437
1999-08-25,116.63479614257812,118.60659790039062,115.55927276611328,116.9933090209961,63.08725357055664,6760298
1999-08-26,117.23231506347656,120.33938598632812,116.69454956054688,117.53107452392578,63.377235412597656,6532584
1999-08-27,119.50286865234375,119.68212127685547,117.35181427001953,118.54684448242188,63.92493438720703,4554912
1999-08-30,118.78585052490234,120.10037994384766,117.29206848144531,117.77007293701172,63.506103515625,4992558
1999-08-31,118.90535736083984,120.45889282226562,117.47132110595703,119.08460998535156,64.21493530273438,6500262
1999-09-01,120.10037994384766,122.84894561767578,119.98088073730469,121.65392303466797,65.6004409790039,6552562
1999-09-02,120.93690490722656,121.17591094970703,118.78585052490234,120.33938598632812,64.89152526855469,5839923
1999-09-03,122.72944641113281,124.04397583007812,122.37093353271484,123.19252014160156,66.43009948730469,5525913
1999-09-07,123.20745849609375,126.852294921875,122.72944641113281,126.19503021240234,68.04915618896484,7900333
1999-09-08,125.7170181274414,128.0473175048828,124.94024658203125,125.0,67.40473937988281,7537581
1999-09-09,126.67304229736328,130.49713134765625,125.83651733398438,128.8240966796875,69.46682739257812,8810563
1999-09-10,131.45315551757812,131.63241577148438,128.465576171875,129.06309509277344,69.595703125,5323408
1999-09-13,128.70458984375,129.60086059570312,126.19503021240234,126.55353546142578,68.24251556396484,4646646
1999-09-14,126.19503021240234,127.68881225585938,126.1352767944336,127.4498062133789,68.72575378417969,4801872
1999-09-15,128.10707092285156,129.06309509277344,126.1352767944336,126.1352767944336,68.0169448852539,5915548
1999-09-16,126.19503021240234,126.55353546142578,123.8647232055664,124.2829818725586,67.01805877685547,6372860
1999-09-17,125.5975112915039,125.65726470947266,118.3078384399414,119.86137390136719,64.6337661743164,15541259
1999-09-20,120.93690490722656,125.11949920654297,120.45889282226562,124.4024887084961,67.08252716064453,7889978
1999-09-21,123.08795166015625,123.92447662353516,120.6978988647461,121.53441619873047,65.53598022460938,7304846
1999-09-22,121.59416961669922,121.65392303466797,118.90535736083984,119.68212127685547,64.53712463378906,8464127
1999-09-23,121.8929214477539,122.19168090820312,116.09703826904297,116.63479614257812,62.89390182495117,7939140
1999-09-24,115.20076751708984,119.50286865234375,115.1410140991211,119.50286865234375,64.44051361083984,7793537
1999-09-27,121.05640411376953,121.23565673828125,116.03728485107422,117.5908203125,63.40943145751953,7400555
1999-09-28,117.5908203125,119.26386260986328,116.33604431152344,118.06883239746094,63.667171478271484,7430156
1999-09-29,116.69454956054688,117.41156768798828,114.7227554321289,114.78250122070312,61.89506530761719,9179278
1999-09-30,115.67877960205078,116.8738021850586,114.36424255371094,115.67877960205078,62.37839126586914,6948055
1999-10-01,115.67877960205078,115.738525390625,110.42064666748047,112.57170104980469,60.702964782714844,11044609
1999-10-04,112.81070709228516,114.7227554321289,111.61567687988281,114.6032485961914,61.798423767089844,7365932
1999-10-05,116.63479614257812,117.82982635498047,113.82648468017578,116.63479614257812,62.89390182495117,6731742
1999-10-06,116.8738021850586,117.35181427001953,113.82648468017578,113.94598388671875,61.44401168823242,8425425
1999-10-07,113.88623046875,113.94598388671875,110.00238800048828,111.25717163085938,59.99407196044922,14895040
1999-10-08,109.94264221191406,110.00238800048828,106.17829895019531,108.50860595703125,58.511962890625,18689823
1999-10-11,108.50860595703125,111.55592346191406,108.15009307861328,109.22562408447266,58.89857864379883,8187147
1999-10-12,108.98661804199219,109.82313537597656,105.16252136230469,105.16252136230469,56.70763397216797,8655545
1999-10-13,105.93929290771484,105.9990463256836,100.38240814208984,100.4421615600586,54.16221618652344,15705690
1999-10-14,101.81644439697266,102.53346252441406,100.08364868164062,102.2944564819336,55.161033630371094,14830711
1999-10-15,101.7566909790039,104.08699798583984,99.306884765625,103.13097381591797,55.61214828491211,14561052
1999-10-18,103.25048065185547,104.20649719238281,100.08364868164062,102.2944564819336,55.161033630371094,10123502
1999-10-19,102.2944564819336,103.7284927368164,100.80066680908203,102.41395568847656,55.22548294067383,9607196
1999-10-20,103.84799194335938,108.09034729003906,102.2944564819336,102.2944564819336,55.161033630371094,11900028
1999-10-21,88.9101333618164,88.9101333618164,85.08604431152344,86.99808502197266,46.91267776489258,72639156
1999-10-22,89.62715148925781,90.46366882324219,88.43212127685547,89.80640411376953,48.42701721191406,27895460
1999-10-25,90.10516357421875,90.94168090820312,88.07361602783203,89.74665069580078,48.39478302001953,14398608
1999-10-26,90.70267486572266,91.77820587158203,90.46366882324219,91.3001937866211,49.2325553894043,11890300
1999-10-27,91.3001937866211,91.35993957519531,88.73088073730469,88.9101333618164,47.94374084472656,10325484
1999-10-28,90.34416961669922,91.12093353271484,90.10516357421875,90.7624282836914,48.942535400390625,9881248
1999-10-29,92.73422241210938,94.64627075195312,92.01720428466797,93.92925262451172,50.65021514892578,11588111
1999-11-01,94.16825866699219,94.4670181274414,92.13671112060547,92.4952163696289,49.87693786621094,9991183
1999-11-02,92.4952163696289,92.55496978759766,89.56739807128906,90.6429214477539,48.87810134887695,11616248
1999-11-03,91.65869903564453,91.71845245361328,89.38814544677734,90.22466278076172,48.65253829956055,10846079
1999-11-04,90.28441619873047,90.28441619873047,86.04206848144531,87.53585052490234,47.202640533447266,17465690
1999-11-05,88.67112731933594,88.85037994384766,86.22132110595703,86.28107452392578,46.52604675292969,14369530
1999-11-08,86.52007293701172,89.80640411376953,86.52007293701172,89.80640411376953,48.491485595703125,8914326
1999-11-09,90.88192749023438,91.3001937866211,88.07361602783203,89.50764465332031,48.330169677734375,9990555
1999-11-10,90.46366882324219,92.79397583007812,89.98565673828125,92.73422241210938,50.0723876953125,9079594
1999-11-11,93.21223449707031,93.21223449707031,90.70267486572266,90.82218170166016,49.03997039794922,7476285
1999-11-12,91.77820587158203,92.01720428466797,88.9101333618164,91.65869903564453,49.491668701171875,10113146
1999-11-15,91.77820587158203,92.13671112060547,89.74665069580078,89.92591094970703,48.556026458740234,6547332
1999-11-16,90.46366882324219,90.82218170166016,88.9101333618164,90.46366882324219,48.846378326416016,8930120
1999-11-17,90.70267486572266,90.70267486572266,88.55162811279297,89.62715148925781,48.39469909667969,8739435
1999-11-18,89.86615753173828,93.92925262451172,89.4478988647461,93.69024658203125,50.58858871459961,19581643
1999-11-19,94.64627075195312,100.50191497802734,94.04875946044922,99.36663818359375,53.653587341308594,20583606
1999-11-22,100.86042022705078,103.66873931884766,99.84464263916016,103.13097381591797,55.68619155883789,14310954
1999-11-23,104.0272445678711,105.04302215576172,101.33843231201172,101.39818572998047,54.75056457519531,11155799
1999-11-24,100.38240814208984,100.38240814208984,97.3350830078125,99.9043960571289,53.94395446777344,10157078
1999-11-26,101.27867889404297,101.33843231201172,99.54589080810547,100.38240814208984,54.20206832885742,3251386
1999-11-29,100.3226547241211,100.3226547241211,98.82887268066406,99.60564422607422,53.78266525268555,5938874
1999-11-30,99.12763214111328,99.9043960571289,97.63384246826172,98.53011322021484,53.2019157409668,6023600
1999-12-01,98.0521011352539,99.84464263916016,97.75334930419922,98.87368774414062,53.38740921020508,5581874
1999-12-02,98.88862609863281,101.63719177246094,98.82887268066406,100.6363525390625,54.33920669555664,6502877
1999-12-03,104.98326873779297,107.91108703613281,103.19072723388672,106.95507049560547,57.75102615356445,15355594
1999-12-06,108.03059387207031,111.37667083740234,107.55258178710938,110.8986587524414,59.88035583496094,10385002
1999-12-07,111.85468292236328,113.94598388671875,110.36090087890625,111.49617767333984,60.20301055908203,11847101
1999-12-08,111.13766479492188,115.67877960205078,110.42064666748047,113.07958984375,61.05803680419922,8514231
1999-12-09,115.20076751708984,116.75430297851562,107.3135757446289,108.38909912109375,58.52533721923828,17408578
1999-12-10,106.716064453125,107.01481628417969,102.83221435546875,104.20649719238281,56.26690673828125,13167885
1999-12-13,103.36997985839844,107.79158782958984,101.8761978149414,104.87870788574219,56.629886627197266,7463419
1999-12-14,105.34178161621094,105.34178161621094,102.1749496459961,104.44550323486328,56.395965576171875,7780043
1999-12-15,103.011474609375,103.19072723388672,99.9043960571289,102.2944564819336,55.2344970703125,9872043
1999-12-16,103.25048065185547,104.86376953125,101.09942626953125,104.38575744628906,56.36368179321289,7449926
1999-12-17,105.81979370117188,106.17829895019531,103.84799194335938,105.16252136230469,56.78311538696289,8029933
1999-12-20,104.26625061035156,105.5807876586914,103.011474609375,104.40069580078125,56.37177276611328,5058770
1999-12-21,103.7284927368164,105.28202819824219,103.31022644042969,105.28202819824219,56.847633361816406,4993081
1999-12-22,105.04302215576172,105.4612808227539,103.25048065185547,103.25048065185547,55.75069808959961,4189858
1999-12-23,104.32600402832031,105.5807876586914,103.42973327636719,103.84799194335938,56.073326110839844,4737020
1999-12-27,104.86376953125,105.16252136230469,103.36997985839844,104.92351531982422,56.65408706665039,3912772
1999-12-28,104.7442626953125,105.8795394897461,104.26625061035156,104.98326873779297,56.68633270263672,4270923
1999-12-29,105.5807876586914,105.64053344726562,103.96749877929688,104.20649719238281,56.26690673828125,2806732
1999-12-30,104.86376953125,105.64053344726562,103.78823852539062,103.96749877929688,56.13786697387695,3593115
1999-12-31,104.38575744628906,104.68450927734375,101.93594360351562,103.13097381591797,55.68619155883789,3002334
2000-01-03,107.49282836914062,110.8986587524414,106.95507049560547,110.8986587524414,59.88035583496094,10823694
2000-01-04,108.98661804199219,109.46463012695312,105.9990463256836,107.13432312011719,57.84783935546875,8606279
2000-01-05,107.97084045410156,114.48374938964844,107.19407653808594,110.8986587524414,59.88035583496094,13318927
2000-01-06,112.81070709228516,113.70697784423828,108.50860595703125,108.98661804199219,58.84798049926758,8338607
2000-01-07,112.09368896484375,112.7509536743164,105.76004028320312,108.50860595703125,58.58985900878906,12402108
2000-01-10,112.09368896484375,114.12523651123047,110.3011474609375,112.81070709228516,60.912803649902344,8933363
2000-01-11,112.69120788574219,115.79827880859375,111.49617767333984,113.76673126220703,61.42900848388672,8235472
2000-01-12,114.36424255371094,116.63479614257812,113.04971313476562,114.24474334716797,61.68710708618164,7116775
2000-01-13,114.66300201416016,115.67877960205078,110.65965270996094,113.04971313476562,61.041873931884766,8880226
2000-01-14,115.61902618408203,117.88957977294922,112.33269500732422,114.36424255371094,61.751651763916016,11460604
2000-01-18,114.42399597167969,114.48374938964844,109.94264221191406,110.65965270996094,59.7513542175293,7995519
2000-01-19,110.48040008544922,116.63479614257812,107.7318344116211,114.24474334716797,61.68710708618164,9031687
2000-01-20,117.5908203125,119.26386260986328,113.76673126220703,113.76673126220703,61.42900848388672,18601436
2000-01-21,116.51529693603516,117.5908203125,114.66300201416016,116.15679168701172,62.71951675415039,8230660
2000-01-24,116.51529693603516,117.47132110595703,111.4364242553711,116.15679168701172,62.71951675415039,6798163
2000-01-25,111.61567687988281,114.24474334716797,110.8986587524414,113.88623046875,61.49354934692383,7255997
2000-01-26,113.82648468017578,114.66300201416016,110.8986587524414,111.61567687988281,60.26753616333008,5120275
2000-01-27,112.81070709228516,113.22896575927734,106.716064453125,108.50860595703125,58.58985900878906,8707532
2000-01-28,107.79158782958984,109.1658706665039,105.22227478027344,106.65631103515625,57.589683532714844,6976192
2000-01-31,106.47705841064453,107.8513412475586,104.80401611328125,107.3135757446289,57.944580078125,6488024
2000-02-01,107.43307495117188,108.4488525390625,104.32600402832031,105.16252136230469,56.78311538696289,7640716
2000-02-02,107.07456970214844,110.71940612792969,105.52103424072266,108.50860595703125,58.58985900878906,8062254
2000-02-03,109.94264221191406,112.33269500732422,109.0463638305664,111.97418975830078,60.461097717285156,6499635
2000-02-04,112.98995971679688,113.22896575927734,109.76338195800781,110.54015350341797,59.68680953979492,5653944
2000-02-07,110.8986587524414,111.73518371582031,108.15009307861328,109.10611724853516,58.91245651245117,6045357
2000-02-08,111.79492950439453,113.76673126220703,111.07791900634766,113.58747863769531,61.39678955078125,5715658
2000-02-09,113.76673126220703,114.48374938964844,111.85468292236328,112.21319580078125,60.65393829345703,5621936
2000-02-10,112.51194763183594,113.88623046875,111.73518371582031,113.88623046875,61.55824661254883,4651144
2000-02-11,113.82648468017578,114.18498992919922,109.52437591552734,110.3011474609375,59.62044906616211,6013872
2000-02-14,110.8986587524414,111.25717163085938,109.46463012695312,110.95841217041016,59.975711822509766,4753024
2000-02-15,110.77915954589844,112.27294158935547,108.86711120605469,111.97418975830078,60.52477264404297,5415665
2000-02-16,111.37667083740234,112.1534423828125,110.181640625,110.65965270996094,59.81422805786133,4149377
2000-02-17,111.37667083740234,113.64722442626953,110.65965270996094,111.61567687988281,60.33101272583008,5478425
2000-02-18,110.181640625,110.83891296386719,106.5965576171875,107.55258178710938,58.13478088378906,8026376
2000-02-22,107.07456970214844,108.4488525390625,103.96749877929688,106.11854553222656,57.35965347290039,8006921
2000-02-23,105.64053344726562,105.64053344726562,103.7284927368164,103.96749877929688,56.19695281982422,7777324
2000-02-24,104.0272445678711,106.11854553222656,103.42973327636719,105.64053344726562,57.10127639770508,9531152
2000-02-25,105.04302215576172,105.04302215576172,100.3226547241211,103.25048065185547,55.80938720703125,10786561
2000-02-28,100.0239028930664,101.81644439697266,99.36663818359375,99.9043960571289,54.0007438659668,8869975
2000-02-29,100.92017364501953,100.92017364501953,96.49856567382812,98.23136138916016,53.09644317626953,10967205
2000-03-01,97.51434326171875,100.86042022705078,95.66204833984375,95.84130096435547,51.804527282714844,11304959
2000-03-02,96.08030700683594,100.80066680908203,95.12428283691406,98.5898666381836,53.29021453857422,11707773
2000-03-03,102.53346252441406,105.16252136230469,101.39818572998047,103.25048065185547,55.80938720703125,10630289
2000-03-06,105.10277557373047,106.11854553222656,96.55831909179688,98.53011322021484,53.25792694091797,11241780
2000-03-07,101.33843231201172,102.2944564819336,97.21558380126953,98.4703598022461,53.225616455078125,10496715
2000-03-08,98.4703598022461,102.1749496459961,98.23136138916016,101.57743835449219,54.9050407409668,8761714
2000-03-09,101.81644439697266,103.25048065185547,99.54589080810547,103.25048065185547,55.80938720703125,6625469
2000-03-10,102.8919677734375,104.20649719238281,100.38240814208984,100.62141418457031,54.38831329345703,7419487
2000-03-13,99.42638397216797,104.20649719238281,97.99235534667969,102.95172119140625,55.647891998291016,8233066
2000-03-14,103.011474609375,105.16252136230469,102.65296173095703,103.84799194335938,56.132362365722656,8340490
2000-03-15,102.77246856689453,103.48948669433594,101.45793151855469,102.2944564819336,55.29262161254883,5926531
2000-03-16,104.20649719238281,104.98326873779297,103.13097381591797,104.20649719238281,56.32612991333008,6927135
2000-03-17,103.48948669433594,106.77581024169922,102.95172119140625,105.16252136230469,56.842864990234375,9264736
2000-03-20,105.16252136230469,108.38909912109375,105.10277557373047,107.79158782958984,58.26395797729492,6865421
2000-03-21,107.8513412475586,109.64388275146484,107.01481628417969,108.50860595703125,58.65152359008789,7083094
2000-03-22,109.46463012695312,110.3011474609375,108.86711120605469,109.22562408447266,59.03907775878906,6420139
2000-03-23,110.77915954589844,110.77915954589844,106.716064453125,110.181640625,59.555843353271484,6791050
2000-03-24,110.3011474609375,116.8738021850586,110.00238800048828,115.32026672363281,62.33339309692383,12683378
2000-03-27,119.50286865234375,122.60993957519531,119.14435577392578,121.29541015625,65.56311798095703,12408593
2000-03-28,120.21988677978516,121.4149169921875,116.69454956054688,117.11280822753906,63.30229187011719,8524482
2000-03-29,116.93355560302734,117.05306243896484,113.2887191772461,113.76673126220703,61.493682861328125,7648666
2000-03-30,113.64722442626953,117.5908203125,113.46797180175781,117.35181427001953,63.43149185180664,9579268
2000-03-31,117.23231506347656,118.3078384399414,111.91443634033203,113.1692123413086,61.17072296142578,8383899
2000-04-03,114.7227554321289,116.9933090209961,114.18498992919922,116.63479614257812,63.043922424316406,8070518
2000-04-04,116.15679168701172,121.35516357421875,110.00238800048828,115.8580322265625,62.62407684326172,17433891
2000-04-05,115.20076751708984,120.21988677978516,114.48374938964844,119.50286865234375,64.59420776367188,9093401
2000-04-06,118.06883239746094,122.37093353271484,117.23231506347656,117.35181427001953,63.43149185180664,9296220
2000-04-07,118.06883239746094,120.1601333618164,116.15679168701172,117.7103271484375,63.62531280517578,5627794
2000-04-10,119.26386260986328,119.86137390136719,116.21653747558594,116.75430297851562,63.1085090637207,5760636
2000-04-11,116.27629089355469,116.27629089355469,112.63145446777344,114.12523651123047,61.687477111816406,8094680
2000-04-12,114.36424255371094,114.36424255371094,106.77581024169922,108.74761199951172,58.78071212768555,9293919
2000-04-13,107.55258178710938,109.28536987304688,105.16252136230469,105.76004028320312,57.16584777832031,8615274
2000-04-14,104.98326873779297,107.79158782958984,98.35086059570312,100.38240814208984,54.25913619995117,12323972
2000-04-17,99.306884765625,107.3135757446289,98.76911926269531,106.95507049560547,57.81181716918945,10428097
2000-04-18,107.3135757446289,110.06214141845703,105.22227478027344,106.5965576171875,57.61802673339844,8582953
2000-04-19,104.92351531982422,104.92351531982422,98.29110717773438,100.38240814208984,54.25913619995117,15349527
2000-04-20,100.38240814208984,100.62141418457031,97.57408905029297,99.42638397216797,53.74235916137695,11122432
2000-04-24,97.51434326171875,102.47370910644531,96.79732513427734,101.81644439697266,55.03426742553711,8915163
2000-04-25,101.81644439697266,108.03059387207031,101.7566909790039,107.55258178710938,58.13478088378906,10016914
2000-04-26,107.55258178710938,108.92686462402344,104.20649719238281,105.64053344726562,57.10127639770508,6467209
2000-04-27,104.68450927734375,108.15009307861328,103.90774536132812,105.76004028320312,57.16584777832031,6608105
2000-04-28,107.07456970214844,107.7318344116211,105.28202819824219,106.5965576171875,57.61802673339844,5113476
2000-05-01,107.55258178710938,108.20984649658203,105.5807876586914,107.07456970214844,57.87641143798828,4389121
2000-05-02,106.11854553222656,108.62810516357422,105.81979370117188,106.47705841064453,57.5534553527832,4272910
2000-05-03,105.64053344726562,106.23805236816406,101.8761978149414,103.36997985839844,55.87398147583008,5798815
2000-05-04,104.32600402832031,104.38575744628906,102.47370910644531,102.8919677734375,55.6156005859375,3798340
2000-05-05,101.93594360351562,104.80401611328125,101.81644439697266,103.13097381591797,55.74479675292969,4911075
2000-05-08,103.31022644042969,105.52103424072266,102.8919677734375,104.92351531982422,56.78213119506836,5048937
2000-05-09,105.64053344726562,105.76004028320312,103.48948669433594,104.20649719238281,56.39410400390625,5088685
2000-05-10,100.86042022705078,101.0396728515625,97.57408905029297,98.4703598022461,53.28981018066406,10473284
2000-05-11,99.42638397216797,102.77246856689453,98.64962005615234,99.84464263916016,54.03356170654297,8479085
2000-05-12,99.1873779296875,101.09942626953125,98.70936584472656,99.84464263916016,54.03356170654297,5857286
2000-05-15,99.42638397216797,100.26290893554688,97.51434326171875,99.60564422607422,53.904232025146484,6179559
2000-05-16,100.50191497802734,104.44550323486328,100.38240814208984,104.20649719238281,56.39410400390625,7600027
2000-05-17,102.77246856689453,104.08699798583984,101.45793151855469,103.13097381591797,55.812042236328125,5778627
2000-05-18,101.45793151855469,102.59320831298828,100.08364868164062,101.39818572998047,54.87434387207031,4787751
2000-05-19,101.39818572998047,102.77246856689453,100.38240814208984,101.7566909790039,55.068321228027344,6714483
2000-05-22,101.33843231201172,104.44550323486328,98.88862609863281,104.44550323486328,56.52342987060547,7080792
2000-05-23,104.20649719238281,105.16252136230469,102.41395568847656,102.65296173095703,55.5533561706543,6253929
2000-05-24,101.81644439697266,105.16252136230469,99.60564422607422,104.80401611328125,56.717445373535156,8560673
2000-05-25,105.64053344726562,107.3135757446289,101.69693756103516,101.81644439697266,55.10065460205078,6242110
2000-05-26,100.86042022705078,102.47370910644531,99.96414947509766,102.23470306396484,55.32701110839844,4494557
2000-05-30,103.011474609375,106.11854553222656,102.95172119140625,106.05879211425781,57.39651870727539,3783905
2000-05-31,105.64053344726562,105.8795394897461,102.47370910644531,102.59320831298828,55.521026611328125,3904195
2000-06-01,102.83221435546875,104.1467514038086,100.86042022705078,101.33843231201172,54.84196853637695,5975275
2000-06-02,104.20649719238281,104.92351531982422,102.8919677734375,104.0272445678711,56.29708480834961,5725072
2000-06-05,103.66873931884766,109.1658706665039,103.66873931884766,107.8513412475586,58.36659240722656,7616344
2000-06-06,107.3135757446289,109.5841293334961,106.35755157470703,107.43307495117188,58.14024353027344,5616392
2000-06-07,107.55258178710938,116.39579010009766,106.5965576171875,115.67877960205078,62.602603912353516,11626813
2000-06-08,114.12523651123047,116.93355560302734,112.33269500732422,114.48374938964844,61.95591735839844,9754578
2000-06-09,114.6032485961914,115.43977355957031,113.64722442626953,114.42399597167969,61.92353057861328,4957099
2000-06-12,113.88623046875,115.1410140991211,113.61735534667969,113.61735534667969,61.487003326416016,3807754
2000-06-13,113.64722442626953,114.66300201416016,111.61567687988281,114.06549072265625,61.72954559326172,4192996
2000-06-14,113.64722442626953,114.7227554321289,110.42064666748047,110.8986587524414,60.0157356262207,5525600
2000-06-15,110.8986587524414,113.76673126220703,110.77915954589844,111.67543029785156,60.43610763549805,5634070
2000-06-16,111.19741821289062,112.51194763183594,108.26959991455078,108.26959991455078,58.59294509887695,8416325
2000-06-19,108.50860595703125,115.08126068115234,108.26959991455078,115.08126068115234,62.279266357421875,6337923
2000-06-20,114.7227554321289,115.38002014160156,110.3011474609375,111.25717163085938,60.20975112915039,7430575
2000-06-21,110.48040008544922,110.83891296386719,108.50860595703125,109.46463012695312,59.23967742919922,6785402
2000-06-22,109.10611724853516,109.28536987304688,106.35755157470703,106.89531707763672,57.84925079345703,5076343
2000-06-23,108.50860595703125,108.62810516357422,105.93929290771484,106.95507049560547,57.881553649902344,3515501
2000-06-26,108.03059387207031,110.65965270996094,107.91108703613281,109.375,59.19118118286133,3792691
2000-06-27,106.716064453125,107.8513412475586,103.96749877929688,104.92351531982422,56.78213119506836,6911863
2000-06-28,105.16252136230469,110.12189483642578,105.04302215576172,108.7774887084961,58.8678092956543,6732684
2000-06-29,106.83556365966797,109.34512329101562,105.22227478027344,108.98661804199219,58.98097610473633,8042171
2000-06-30,107.7318344116211,108.20984649658203,103.84799194335938,104.7442626953125,56.68510818481445,9008780
2000-07-03,103.96749877929688,105.04302215576172,103.54923248291016,104.68450927734375,56.65278625488281,2410402
2000-07-05,100.97992706298828,100.97992706298828,96.67781829833984,100.38240814208984,54.32460403442383,14999222
2000-07-06,100.38240814208984,100.50191497802734,95.602294921875,96.79732513427734,52.38444137573242,13527604
2000-07-07,98.1716079711914,100.4421615600586,97.15583038330078,100.4421615600586,54.35693359375,9447158
2000-07-10,100.08364868164062,100.3226547241211,98.35086059570312,98.76911926269531,53.45152282714844,4405961
2000-07-11,98.70936584472656,99.42638397216797,96.55831909179688,97.51434326171875,52.77244567871094,5878311
2000-07-12,98.64962005615234,101.21892547607422,98.11185455322266,100.0239028930664,54.13056945800781,5805823
2000-07-13,100.80066680908203,101.27867889404297,97.51434326171875,99.42638397216797,53.807212829589844,5930506
2000-07-14,99.1873779296875,100.26290893554688,98.5898666381836,99.36663818359375,53.77488708496094,4204920
2000-07-17,99.84464263916016,103.13097381591797,99.60564422607422,100.86042022705078,54.583274841308594,6937804
2000-07-18,99.54589080810547,100.20315551757812,98.11185455322266,98.76911926269531,53.45152282714844,6749524
2000-07-19,97.87284851074219,104.68450927734375,96.55831909179688,103.96749877929688,56.26475143432617,8139344
2000-07-20,107.07456970214844,112.63145446777344,106.83556365966797,112.09368896484375,60.6624755859375,24108626
2000-07-21,111.85468292236328,111.85468292236328,108.74761199951172,109.7036361694336,59.369022369384766,9378854
2000-07-24,109.10611724853516,110.54015350341797,106.716064453125,107.55258178710938,58.204925537109375,7127862
2000-07-25,108.26959991455078,108.38909912109375,105.40152740478516,107.07456970214844,57.94623565673828,5822977
2000-07-26,106.11854553222656,107.43307495117188,104.08699798583984,105.04302215576172,56.846824645996094,6977238
2000-07-27,105.04302215576172,106.5965576171875,104.50525665283203,105.4612808227539,57.07316207885742,4233580
2000-07-28,106.23805236816406,107.55258178710938,104.08699798583984,106.89531707763672,57.84925079345703,5601958
2000-07-31,105.64053344726562,108.68785858154297,105.22227478027344,107.3135757446289,58.07556915283203,5348721
2000-08-01,107.07456970214844,107.49282836914062,105.40152740478516,105.64053344726562,57.1701545715332,3134339
2000-08-02,106.11854553222656,109.82313537597656,105.8795394897461,109.22562408447266,59.110328674316406,6148283
2000-08-03,108.03059387207031,111.37667083740234,107.37332916259766,110.8986587524414,60.0157356262207,5823500
2000-08-04,110.8986587524414,111.37667083740234,109.28536987304688,110.77915954589844,59.95106887817383,4665683
2000-08-07,111.49617767333984,113.76673126220703,110.71940612792969,111.19741821289062,60.177425384521484,6182592
2000-08-08,110.59990692138672,114.36424255371094,110.48040008544922,113.64722442626953,61.57201385498047,6000588
2000-08-09,113.76673126220703,115.49951934814453,113.52772521972656,113.52772521972656,61.50725555419922,6888328
2000-08-10,113.52772521972656,114.96176147460938,112.69120788574219,114.48374938964844,62.02523422241211,5736369
2000-08-11,114.48374938964844,116.4555435180664,113.94598388671875,115.32026672363281,62.47844696044922,6424950
2000-08-14,114.7227554321289,118.24808502197266,114.06549072265625,117.82982635498047,63.83807373046875,5177072
2000-08-15,116.69454956054688,117.23231506347656,115.43977355957031,116.63479614257812,63.19062805175781,4579493
2000-08-16,115.738525390625,117.53107452392578,114.24474334716797,116.9933090209961,63.384883880615234,6219516
2000-08-17,114.48374938964844,117.41156768798828,114.24474334716797,117.11280822753906,63.44957733154297,4537966
2000-08-18,116.9933090209961,117.94933319091797,114.84225463867188,115.1410140991211,62.38132858276367,4317365
2000-08-21,115.738525390625,116.81405639648438,114.78250122070312,116.09703826904297,62.8992805480957,3382973
2000-08-22,115.8580322265625,116.81405639648438,115.67877960205078,116.03728485107422,62.86691665649414,2896792
2000-08-23,115.0215072631836,118.3078384399414,114.6032485961914,117.82982635498047,63.83807373046875,4446755
2000-08-24,117.5908203125,119.92112731933594,117.29206848144531,119.32361602783203,64.64738464355469,6263762
2000-08-25,118.8456039428711,124.16348266601562,118.78585052490234,123.32695770263672,66.81632232666016,8659834
2000-08-28,124.16348266601562,127.33030700683594,124.04397583007812,125.7170181274414,68.1112060546875,8929284
2000-08-29,125.7170181274414,128.34608459472656,125.23900604248047,127.03154754638672,68.82339477539062,6317840
2000-08-30,125.0,125.7170181274414,123.8647232055664,124.58174133300781,67.49609375,5155525
2000-08-31,126.07552337646484,128.2863311767578,125.83651733398438,126.20996856689453,68.37825012207031,5721097
2000-09-01,127.21080017089844,129.0033416748047,126.79254150390625,127.74856567382812,69.21187591552734,6042010
2000-09-05,126.97179412841797,127.4498062133789,125.05975341796875,125.41825866699219,67.9493408203125,4301257
2000-09-06,125.11949920654297,128.94358825683594,124.64149475097656,125.65726470947266,68.078857421875,6770758
2000-09-07,126.07552337646484,128.5850830078125,126.07552337646484,127.50955963134766,69.08235931396484,4835449
2000-09-08,126.67304229736328,127.09130096435547,123.68547058105469,123.80496978759766,67.07528686523438,5223410
2000-09-11,122.25143432617188,122.60993957519531,118.18833923339844,119.02485656738281,64.48551940917969,7968114
2000-09-12,119.32361602783203,121.29541015625,118.60659790039062,119.50286865234375,64.74449157714844,5231778
2000-09-13,117.7103271484375,123.147705078125,117.35181427001953,122.07218170166016,66.13648986816406,5725386
2000-09-14,122.37093353271484,123.50621032714844,120.75764465332031,121.29541015625,65.7156753540039,4629073
2000-09-15,121.23565673828125,121.65392303466797,119.26386260986328,119.50286865234375,64.74449157714844,5733858
2000-09-18,119.74187469482422,120.45889282226562,117.65057373046875,117.82982635498047,63.83807373046875,4113709
2000-09-19,117.35181427001953,120.6978988647461,117.17256164550781,119.443115234375,64.7121353149414,3494686
2000-09-20,119.20410919189453,120.99665069580078,118.06883239746094,119.26386260986328,64.614990234375,4836076
2000-09-21,118.7260971069336,121.11615753173828,114.7227554321289,116.15679168701172,62.931644439697266,4500101
2000-09-22,117.5908203125,118.8456039428711,115.97753143310547,118.4273452758789,64.16178894042969,6202885
2000-09-25,119.02485656738281,121.05640411376953,115.67877960205078,117.5908203125,63.7086067199707,4488386
2000-09-26,114.7227554321289,116.51529693603516,113.1692123413086,113.88623046875,61.70150375366211,6503191
2000-09-27,114.78250122070312,115.0215072631836,110.42064666748047,112.81070709228516,61.11878967285156,6222549
2000-09-28,112.21319580078125,113.64722442626953,109.94264221191406,110.181640625,59.69439697265625,5553319
2000-09-29,110.42064666748047,111.79492950439453,105.40152740478516,107.67208099365234,58.334808349609375,10035952
2000-10-02,107.67208099365234,114.36424255371094,107.67208099365234,112.63145446777344,61.02171325683594,9280321
2000-10-03,113.64722442626953,114.12523651123047,105.16252136230469,105.70028686523438,57.266502380371094,12284433
2000-10-04,105.52103424072266,109.82313537597656,103.78823852539062,109.34512329101562,59.24120330810547,12205669
2000-10-05,108.80735778808594,109.52437591552734,106.65631103515625,108.20984649658203,58.626129150390625,5802162
2000-10-06,108.98661804199219,111.0181655883789,107.79158782958984,110.8986587524414,60.0828742980957,6389386
2000-10-09,110.83891296386719,114.12523651123047,109.28536987304688,112.7509536743164,61.0864143371582,5123308
2000-10-10,111.49617767333984,111.97418975830078,107.49282836914062,109.82313537597656,59.50018310546875,5872453
2000-10-11,106.95507049560547,107.97084045410156,102.77246856689453,107.07456970214844,58.01108932495117,9179487
2000-10-12,109.22562408447266,109.34512329101562,98.5898666381836,98.5898666381836,53.41420364379883,10151325
2000-10-13,99.60564422607422,105.5807876586914,99.60564422607422,104.26625061035156,56.48954391479492,9510860
2000-10-16,106.5965576171875,108.15009307861328,103.78823852539062,106.23805236816406,57.55783462524414,8065078
2000-10-17,107.01481628417969,108.86711120605469,103.78823852539062,108.03059387207031,58.529052734375,9291095
2000-10-18,92.4952163696289,94.76577758789062,86.28107452392578,91.24044036865234,49.43242645263672,31147579
2000-10-19,93.69024658203125,94.16825866699219,88.61137390136719,92.19646453857422,49.95037078857422,18793377
2000-10-20,90.94168090820312,92.01720428466797,90.04541015625,90.58317565917969,49.07630920410156,9800183
2000-10-23,90.58317565917969,90.82218170166016,87.0578384399414,88.79063415527344,48.10518264770508,9768176
2000-10-24,88.9101333618164,90.22466278076172,86.22132110595703,87.41635131835938,47.36061477661133,9232205
2000-10-25,86.52007293701172,86.93833923339844,83.11424255371094,83.71176147460938,45.35354995727539,14705191
2000-10-26,84.13002014160156,88.79063415527344,83.7715072631836,88.67112731933594,48.04041290283203,10601942
2000-10-27,88.9101333618164,89.56739807128906,86.99808502197266,89.56739807128906,48.5260009765625,6727244
2000-10-30,89.38814544677734,89.62715148925781,86.3408203125,89.20889282226562,48.331748962402344,8455864
2000-10-31,89.62715148925781,94.76577758789062,89.62715148925781,94.16825866699219,51.0186653137207,11404120
2000-11-01,94.10850524902344,95.48279571533203,92.97322845458984,94.22801208496094,51.0510139465332,7809645
2000-11-02,94.64627075195312,97.81309509277344,94.16825866699219,97.45458984375,52.79911804199219,7787575
2000-11-03,97.99235534667969,98.11185455322266,95.0047836303711,95.72179412841797,51.86035919189453,6117531
2000-11-06,95.48279571533203,97.87284851074219,95.06452941894531,95.90105438232422,51.95746994018555,4653131
2000-11-07,96.67781829833984,98.94837188720703,96.25955963134766,97.81309509277344,52.993385314941406,5669948
2000-11-08,99.06787872314453,99.1873779296875,94.8852767944336,95.602294921875,51.86150360107422,7312377
2000-11-09,92.4952163696289,95.602294921875,91.47944641113281,95.06452941894531,51.56978988647461,9464103
2000-11-10,93.69024658203125,94.04875946044922,88.9101333618164,88.9101333618164,48.23119354248047,7121063
2000-11-13,87.77485656738281,95.06452941894531,87.5956039428711,93.1524887084961,50.532562255859375,9084405
2000-11-14,94.8852767944336,95.48279571533203,94.16825866699219,95.12428283691406,51.602176666259766,5387841
2000-11-15,95.12428283691406,95.66204833984375,93.33174133300781,95.0047836303711,51.5373649597168,4351674
2000-11-16,94.8852767944336,95.30353546142578,93.92925262451172,93.92925262451172,50.95391082763672,3911726
2000-11-17,93.98900604248047,97.99235534667969,93.92925262451172,97.45458984375,52.8663330078125,8072400
2000-11-20,97.03633117675781,98.70936584472656,96.43881225585938,98.70936584472656,53.54700469970703,7768224
2000-11-21,98.70936584472656,99.78489685058594,94.16825866699219,94.16825866699219,51.08359146118164,7511012
2000-11-22,94.16825866699219,96.37906646728516,93.98900604248047,94.16825866699219,51.08359146118164,5791807
2000-11-24,95.0047836303711,97.27533721923828,94.8852767944336,95.54254150390625,51.829078674316406,2612385
2000-11-27,96.02055358886719,97.51434326171875,94.10850524902344,94.10850524902344,51.0511589050293,4044045
2000-11-28,94.40726470947266,96.3193130493164,93.09273529052734,93.57074737548828,50.759429931640625,5019859
2000-11-29,93.45124053955078,95.54254150390625,92.43547058105469,95.42304229736328,51.76425552368164,5778732
2000-11-30,93.69024658203125,93.69024658203125,88.193115234375,89.38814544677734,48.49049758911133,11141364
2000-12-01,90.28441619873047,94.94503021240234,90.22466278076172,91.41969299316406,49.592559814453125,7871255
2000-12-04,91.77820587158203,94.82552337646484,91.53919982910156,94.04875946044922,51.01875305175781,5822873
2000-12-05,96.02055358886719,100.14340209960938,95.24378967285156,98.82887268066406,53.61181640625,8163193
2000-12-06,97.27533721923828,97.3350830078125,90.6429214477539,92.4952163696289,50.176002502441406,10561357
2000-12-07,90.88192749023438,91.71845245361328,89.0296401977539,89.0296401977539,48.296024322509766,8286412
2000-12-08,93.69024658203125,94.64627075195312,91.53919982910156,92.73422241210938,50.305641174316406,6423068
2000-12-11,92.25621032714844,93.92925262451172,89.62715148925781,90.82218170166016,49.26841735839844,6470138
2000-12-12,91.06118774414062,91.897705078125,88.43212127685547,89.74665069580078,48.68498229980469,8277312
2000-12-13,90.70267486572266,92.37571716308594,86.69933319091797,87.23709106445312,47.3236198425293,7314260
2000-12-14,87.95410919189453,89.56739807128906,87.77485656738281,88.37236785888672,47.93946075439453,6413444
2000-12-15,86.04206848144531,86.69933319091797,83.4727554321289,83.95076751708984,45.540870666503906,14910207
2000-12-18,84.488525390625,86.52007293701172,84.488525390625,86.52007293701172,46.93465805053711,8047715
2000-12-19,86.22132110595703,90.28441619873047,85.86280822753906,86.16156768798828,46.74016571044922,8059744
2000-12-20,82.09847259521484,84.13002014160156,81.08269500732422,82.21797180175781,44.60089111328125,13158052
2000-12-21,81.73995971679688,84.07026672363281,76.54158782958984,77.97562408447266,42.29951858520508,13310873
2000-12-22,80.783935546875,85.44454956054688,80.783935546875,85.08604431152344,46.156707763671875,9951644
2000-12-26,85.08604431152344,85.6238021850586,80.54492950439453,81.08269500732422,43.98503112792969,6330706
2000-12-27,81.02294158935547,84.24951934814453,79.88766479492188,80.96319580078125,43.92020034790039,8624375
2000-12-28,79.82791900634766,84.30927276611328,78.51338195800781,81.5009536743164,44.211910247802734,10249336
2000-12-29,83.11424255371094,83.11424255371094,80.54492950439453,81.26194763183594,44.08228302001953,7263110
2001-01-02,80.783935546875,83.65200805664062,80.42543029785156,81.08269500732422,43.98503112792969,8375531
2001-01-03,80.06692504882812,90.82218170166016,80.06692504882812,90.46366882324219,49.07392120361328,13357315
2001-01-04,90.58317565917969,95.36328887939453,88.61137390136719,89.08938598632812,48.32842254638672,16129843
2001-01-05,89.80640411376953,90.52342224121094,86.99808502197266,89.86615753173828,48.74980163574219,8413187
2001-01-08,89.38814544677734,89.80640411376953,87.53585052490234,89.4478988647461,48.522918701171875,6343781
2001-01-09,90.28441619873047,91.53919982910156,87.41635131835938,88.49187469482422,48.00429153442383,7894267
2001-01-10,88.43212127685547,90.7624282836914,87.65535736083984,89.3283920288086,48.458072662353516,8008281
2001-01-11,88.85037994384766,90.10516357421875,87.23709106445312,89.56739807128906,48.587738037109375,10078210
2001-01-12,89.56739807128906,92.19646453857422,88.3126220703125,89.68690490722656,48.65256118774414,6744608
2001-01-16,89.62715148925781,89.86615753173828,87.77485656738281,88.67112731933594,48.10151290893555,5932807
2001-01-17,91.1806869506836,93.45124053955078,90.1649169921875,92.43547058105469,50.14358901977539,10174442
2001-01-18,99.78489685058594,105.16252136230469,98.94837188720703,103.54923248291016,56.1724739074707,26406165
2001-01-19,102.77246856689453,108.92686462402344,102.53346252441406,106.35755157470703,57.6959342956543,15441261
2001-01-22,104.68450927734375,105.10277557373047,103.42973327636719,103.78823852539062,56.30213928222656,10060951
2001-01-23,104.7442626953125,105.10277557373047,102.8919677734375,104.26625061035156,56.56145095825195,10278937
2001-01-24,104.26625061035156,106.53680419921875,104.1467514038086,105.5807876586914,57.2745475769043,7071901
2001-01-25,105.28202819824219,106.23805236816406,104.62476348876953,105.8795394897461,57.43661117553711,5211277
2001-01-26,104.80401611328125,110.181640625,104.38575744628906,109.1658706665039,59.21935272216797,9513579
2001-01-29,107.55258178710938,110.42064666748047,107.5239028930664,109.92351531982422,59.63035202026367,5360750
2001-01-30,109.94264221191406,111.61567687988281,108.41300201416016,111.4818344116211,60.47567367553711,8621132
2001-01-31,110.65965270996094,111.61567687988281,107.07456970214844,107.07456970214844,58.08485794067383,8696653
2001-02-01,107.45697784423828,109.31166076660156,106.30975341796875,109.03441619873047,59.14804458618164,5837517
2001-02-02,107.79158782958984,108.97705841064453,104.78011322021484,105.42064666748047,57.18766784667969,5678106
2001-02-05,104.58891296386719,107.64818572998047,104.4933090209961,107.28489685058594,58.19894790649414,5348930
2001-02-06,107.2944564819336,110.602294921875,106.30975341796875,109.16825866699219,59.22062683105469,7872614
2001-02-07,108.41300201416016,112.42829895019531,107.71510314941406,111.76863861083984,60.70035934448242,9421217
2001-02-08,111.76863861083984,113.00191497802734,109.01529693603516,109.08221435546875,59.241416931152344,8766317
2001-02-09,109.01529693603516,109.93307495117188,106.11854553222656,107.07456970214844,58.15106201171875,6609465
2001-02-12,105.68833923339844,110.63097381591797,105.44933319091797,109.84703826904297,59.656776428222656,7038848
2001-02-13,109.13002014160156,112.21797180175781,108.0975112915039,108.74761199951172,59.0596809387207,7524087
2001-02-14,108.74761199951172,111.06118774414062,107.55258178710938,110.03823852539062,59.760597229003906,7356413
2001-02-15,111.66348266601562,113.42256164550781,111.26194763183594,111.64435577392578,60.632869720458984,8471240
2001-02-16,109.5124282836914,110.65965270996094,108.92925262451172,109.94264221191406,59.70871353149414,7398358
2001-02-20,109.5124282836914,110.51625061035156,105.90821838378906,106.5965576171875,57.891483306884766,7058722
2001-02-21,104.73231506347656,106.5965576171875,102.57170104980469,102.78202819824219,55.81986999511719,9578117
2001-02-22,101.81644439697266,106.02294158935547,98.83364868164062,104.11090087890625,56.541534423828125,12247614
2001-02-23,102.77246856689453,102.77246856689453,95.84130096435547,99.42638397216797,53.997432708740234,15979324
2001-02-26,101.14722442626953,101.14722442626953,97.35181427001953,100.6692123413086,54.67238235473633,8727929
2001-02-27,100.28680419921875,102.17017364501953,98.04971313476562,98.0783920288086,53.26534652709961,10238143
2001-02-28,98.42256164550781,98.98661804199219,94.74187469482422,95.5066909790039,51.86867141723633,12482127
2001-03-01,94.93307495117188,101.72084045410156,93.21223449707031,101.38623046875,55.061824798583984,15796692
2001-03-02,99.42638397216797,102.9158706665039,96.5009536743164,97.8011474609375,53.11475372314453,15423793
2001-03-05,98.2887191772461,100.95602416992188,98.1261978149414,100.2963638305664,54.4698600769043,7054119
2001-03-06,101.57743835449219,103.63288879394531,100.62141418457031,101.33843231201172,55.03584671020508,8493520
2001-03-07,102.72466278076172,103.48948669433594,101.01338195800781,102.82026672363281,55.84061050415039,8147189
2001-03-08,102.45697784423828,102.61949920654297,100.73613739013672,101.78776550292969,55.27986526489258,7106106
2001-03-09,100.38240814208984,100.3919677734375,93.59464263916016,94.92351531982422,51.551937103271484,17455753
2001-03-12,93.59464263916016,94.0726547241211,90.84130096435547,91.29063415527344,49.5789794921875,15161561
2001-03-13,90.91778564453125,94.11090087890625,90.05735778808594,94.06309509277344,51.08466339111328,12685783
2001-03-14,91.20458984375,94.55066680908203,89.23518371582031,90.783935546875,49.30379104614258,14901944
2001-03-15,91.77820587158203,93.56596374511719,90.98470306396484,91.35755157470703,49.615333557128906,8807320
2001-03-16,89.77055358886719,89.77055358886719,84.32122039794922,86.13766479492188,46.780452728271484,20950752
2001-03-19,86.99808502197266,88.71892547607422,85.2772445678711,88.52772521972656,48.07848358154297,10706333
2001-03-20,87.57170104980469,87.98279571533203,84.22562408447266,84.41682434082031,45.84588623046875,10565751
2001-03-21,84.56022644042969,87.57170104980469,83.8910140991211,85.16252136230469,46.25087356567383,11519598
2001-03-22,85.20076751708984,86.99808502197266,83.79541015625,85.181640625,46.261234283447266,13941297
2001-03-23,89.38814544677734,90.8126220703125,86.3193130493164,89.397705078125,48.55094909667969,12796346
2001-03-26,91.06118774414062,91.45315551757812,89.62715148925781,91.20458984375,49.53224563598633,8975935
2001-03-27,89.86615753173828,95.602294921875,89.83747863769531,95.12428283691406,51.660987854003906,12396355
2001-03-28,93.59464263916016,94.1204605102539,90.10516357421875,90.25812530517578,49.01823806762695,12437463
2001-03-29,90.30592346191406,92.8011474609375,90.1147232055664,90.86042022705078,49.3453483581543,11039170
2001-03-30,92.25621032714844,93.26959991455078,90.95602416992188,91.95028686523438,49.937225341796875,9896520
2001-04-02,93.16443634033203,93.78585052490234,89.46463012695312,90.49713134765625,49.148033142089844,9191202
2001-04-03,90.43977355957031,90.4875717163086,86.13766479492188,86.4149169921875,46.9310417175293,13943180
2001-04-04,86.47227478027344,89.91395568847656,86.0898666381836,87.95410919189453,47.76694869995117,14137318
2001-04-05,91.58699798583984,95.602294921875,91.32887268066406,93.8910140991211,50.99121856689453,13081381
2001-04-06,93.69024658203125,95.602294921875,92.16061401367188,93.64244842529297,50.856231689453125,14041713
2001-04-09,94.16825866699219,94.397705078125,89.6749496459961,91.77820587158203,49.84376907348633,9922984
2001-04-10,92.73422241210938,95.5066909790039,92.3135757446289,94.69407653808594,51.427371978759766,10982372
2001-04-11,97.03633117675781,97.45697784423828,91.58699798583984,93.14531707763672,50.586265563964844,12027326
2001-04-12,92.16061401367188,93.21223449707031,90.96558380126953,91.96940612792969,49.9476203918457,9822045
2001-04-16,91.96940612792969,95.49713134765625,91.01338195800781,92.4952163696289,50.23320007324219,9611171
2001-04-17,92.73422241210938,95.4875717163086,92.73422241210938,95.31549072265625,51.76484680175781,10415336
2001-04-18,98.4703598022461,105.16252136230469,97.8011474609375,101.81644439697266,55.29543685913086,20725758
2001-04-19,107.07456970214844,110.80306243896484,105.59273529052734,109.43594360351562,59.43353271484375,27010230
2001-04-20,109.32122039794922,111.28107452392578,108.74761199951172,109.78011322021484,59.62043762207031,13346019
2001-04-23,108.99617767333984,109.03441619873047,106.76863861083984,107.07456970214844,58.15106201171875,8930225
2001-04-24,108.41300201416016,109.7036361694336,107.36137390136719,107.71510314941406,58.498939514160156,9144132
2001-04-25,107.07456970214844,109.79923248291016,107.06501007080078,109.79923248291016,59.63079833984375,7173991
2001-04-26,109.89483642578125,111.56787872314453,108.6806869506836,108.73805236816406,59.05451202392578,7684021
2001-04-27,111.66348266601562,111.75907897949219,109.5124282836914,111.0898666381836,60.331722259521484,7730568
2001-04-30,111.28107452392578,112.85850524902344,109.6749496459961,110.07648468017578,59.781394958496094,7695631
2001-05-01,110.75525665283203,113.43212127685547,109.84703826904297,113.29827880859375,61.5311164855957,8149177
2001-05-02,113.0975112915039,113.71892547607422,108.73805236816406,110.3250503540039,59.9163703918457,10152685
2001-05-03,109.56022644042969,110.03823852539062,107.4091796875,108.6998062133789,59.033721923828125,6880588
2001-05-04,107.07456970214844,110.76481628417969,106.30975341796875,110.76481628417969,60.15521240234375,9080744
2001-05-07,111.0898666381836,112.09368896484375,109.94264221191406,110.80306243896484,60.17597198486328,6368676
2001-05-08,112.09368896484375,112.57170104980469,110.42064666748047,112.5239028930664,61.1844482421875,7955667
2001-05-09,111.0898666381836,112.98279571533203,110.22944641113281,111.83556365966797,60.810176849365234,8033489
2001-05-10,113.2887191772461,113.67112731933594,110.13384246826172,110.13384246826172,59.88488006591797,8361619
2001-05-11,108.74761199951172,109.13002014160156,106.08030700683594,106.8929214477539,58.12264633178711,8776149
2001-05-14,106.30975341796875,108.20267486572266,106.11854553222656,107.60993957519531,58.51250076293945,5496521
2001-05-15,108.50860595703125,109.13002014160156,107.55258178710938,108.5850830078125,59.042720794677734,6143576
2001-05-16,107.55258178710938,110.70745849609375,107.26577758789062,110.70745849609375,60.1967658996582,8155348
2001-05-17,110.70745849609375,111.94072723388672,109.99044036865234,110.00955963134766,59.817317962646484,7204534
2001-05-18,110.00955963134766,112.5047836303711,109.84703826904297,112.27533721923828,61.04930114746094,7023785
2001-05-21,112.76290893554688,114.62715148925781,112.38050079345703,113.80496978759766,61.88101577758789,8796232
2001-05-22,114.43594360351562,114.43594360351562,112.09368896484375,112.82026672363281,61.34561538696289,6281544
2001-05-23,112.61949920654297,113.71892547607422,111.95028686523438,112.23709106445312,61.02851867675781,6697120
2001-05-24,112.33269500732422,114.34034729003906,112.33269500732422,114.34034729003906,62.17213821411133,8081814
2001-05-25,114.26386260986328,114.62715148925781,112.58126068115234,112.61949920654297,61.23645782470703,5888039
2001-05-29,112.18929290771484,112.41873931884766,110.01911926269531,110.20076751708984,59.921260833740234,6085628
2001-05-30,108.98661804199219,109.08221435546875,107.07456970214844,107.69598388671875,58.55930709838867,10040240
2001-05-31,107.69598388671875,108.85277557373047,106.73040008544922,106.88336181640625,58.11741256713867,7033409
2001-06-01,107.55258178710938,108.60420989990234,106.97896575927734,107.92543029785156,58.68404006958008,5375289
2001-06-04,108.26959991455078,109.7036361694336,107.88719177246094,108.64244842529297,59.073944091796875,3987561
2001-06-05,108.64244842529297,112.42829895019531,108.56596374511719,111.82600402832031,60.804988861083984,6437502
2001-06-06,112.42829895019531,113.76673126220703,111.37667083740234,112.33269500732422,61.08048629760742,10066913
2001-06-07,111.85468292236328,113.04971313476562,111.85468292236328,112.09368896484375,60.95050811767578,6719190
2001-06-08,112.33269500732422,112.33269500732422,110.51625061035156,110.9942626953125,60.35274887084961,3241659
2001-06-11,111.18547058105469,112.94454956054688,110.9942626953125,112.1988525390625,61.007713317871094,6843664
2001-06-12,111.61567687988281,112.61949920654297,110.46845245361328,112.09368896484375,60.95050811767578,7637369
2001-06-13,112.09368896484375,113.26004028320312,111.40535736083984,111.4149169921875,60.58146286010742,5965547
2001-06-14,110.51625061035156,110.97514343261719,108.97705841064453,110.65965270996094,60.17078399658203,7847615
2001-06-15,110.03823852539062,110.37284851074219,108.39388275146484,108.60420989990234,59.053138732910156,13043725
2001-06-18,108.96749877929688,110.36328887939453,108.32695770263672,109.24474334716797,59.40138626098633,5421209
2001-06-19,111.14722442626953,112.09368896484375,109.52198791503906,109.7896728515625,59.69771194458008,6435829
2001-06-20,108.50860595703125,109.93307495117188,106.84512329101562,108.11663818359375,58.788047790527344,9234402
2001-06-21,107.21797180175781,109.65583038330078,106.46271514892578,107.64818572998047,58.53329086303711,8530967
2001-06-22,107.64818572998047,109.397705078125,107.55258178710938,107.90631103515625,58.673648834228516,5865131
2001-06-25,108.74761199951172,109.84703826904297,106.86424255371094,107.69598388671875,58.55930709838867,5936991
2001-06-26,106.35755157470703,109.03441619873047,106.21414947509766,108.06883239746094,58.76201248168945,7407667
2001-06-27,108.1261978149414,109.15869903564453,107.5047836303711,108.52772521972656,59.01155090332031,5035549
2001-06-28,108.79541015625,111.806884765625,108.74761199951172,110.03823852539062,59.83287048339844,8557326
2001-06-29,110.51625061035156,111.52007293701172,108.03059387207031,108.50860595703125,59.001155853271484,9913360
2001-07-02,108.50860595703125,110.3250503540039,107.99235534667969,109.32122039794922,59.44300842285156,6185103
2001-07-03,109.08221435546875,109.16825866699219,107.8011474609375,108.011474609375,58.73081970214844,3478787
2001-07-05,107.64818572998047,108.27915954589844,106.8738021850586,107.17017364501953,58.27340316772461,4622274
2001-07-06,106.02294158935547,106.02294158935547,101.15679168701172,101.81644439697266,55.3623046875,12243012
2001-07-09,101.81644439697266,102.24665069580078,99.09178161621094,100.1147232055664,54.4370231628418,9740980
2001-07-10,100.12428283691406,100.76481628417969,97.13192749023438,97.4760971069336,53.00227737426758,10738864
2001-07-11,97.13192749023438,99.55066680908203,97.09368896484375,99.2829818725586,53.98476791381836,9304588
2001-07-12,101.24282836914062,103.05927276611328,100.97514343261719,102.53346252441406,55.75220489501953,9169654
2001-07-13,101.4818344116211,104.4933090209961,101.44359588623047,103.75717163085938,56.417579650878906,8202523
2001-07-16,103.75717163085938,104.56979370117188,102.56214141845703,103.0783920288086,56.04849624633789,5575285
2001-07-17,101.43403625488281,103.80496978759766,100.14340209960938,103.75717163085938,56.417579650878906,9060870
2001-07-18,101.43403625488281,102.86807250976562,98.66156768798828,99.69407653808594,54.20829391479492,12207134
2001-07-19,100.95602416992188,101.33843231201172,98.56596374511719,99.42638397216797,54.0627555847168,14272147
2001-07-20,98.85277557373047,101.05162811279297,98.4990463256836,101.05162811279297,54.94642639160156,9405318
2001-07-23,101.05162811279297,102.24665069580078,100.6692123413086,101.19503021240234,55.024452209472656,6606222
2001-07-24,100.23900604248047,101.4818344116211,99.22562408447266,99.91395568847656,54.32786178588867,7635591
2001-07-25,99.9043960571289,101.05162811279297,98.21223449707031,100.2772445678711,54.52537155151367,6534990
2001-07-26,100.14340209960938,101.33843231201172,98.4034423828125,101.33843231201172,55.102413177490234,8816420
2001-07-27,100.14340209960938,101.29063415527344,99.53154754638672,100.0956039428711,54.42661666870117,4546439
2001-07-30,100.28680419921875,101.57743835449219,100.15296173095703,101.19503021240234,55.024452209472656,4216217
2001-07-31,101.24282836914062,102.2944564819336,100.52581024169922,100.58317565917969,54.69173049926758,5860738
2001-08-01,100.7170181274414,103.7284927368164,100.67877960205078,102.35181427001953,55.65342330932617,6313761
2001-08-02,103.7284927368164,104.65583038330078,102.4952163696289,104.01529693603516,56.55792999267578,5936155
2001-08-03,103.05927276611328,105.24856567382812,102.39006042480469,103.42256164550781,56.235626220703125,3874489
2001-08-06,102.53346252441406,102.64818572998047,101.13766479492188,101.82600402832031,55.36750030517578,4368933
2001-08-07,101.14722442626953,102.64818572998047,100.63097381591797,101.57743835449219,55.23237228393555,4214648
2001-08-08,100.38240814208984,101.43403625488281,99.52198791503906,99.6080322265625,54.23296356201172,6692308
2001-08-09,99.13957977294922,99.94264221191406,98.18355560302734,99.50286865234375,54.17570495605469,7074307
2001-08-10,99.2829818725586,100.33460998535156,98.2887191772461,100.33460998535156,54.6285514831543,5496521
2001-08-13,100.38240814208984,101.95028686523438,100.04779815673828,101.20458984375,55.10221481323242,6301522
2001-08-14,101.81644439697266,102.15105438232422,100.76481628417969,101.5296401977539,55.27920913696289,5993789
2001-08-15,101.67304229736328,101.9024887084961,100.3919677734375,100.3919677734375,54.659786224365234,4929693
2001-08-16,99.61759185791016,101.35755157470703,99.1013412475586,101.09942626953125,55.044979095458984,6501099
2001-08-17,100.85086059570312,100.85086059570312,99.3307876586914,99.99044036865234,54.441139221191406,7328485
2001-08-20,100.07648468017578,100.38240814208984,98.27915954589844,99.52198791503906,54.18608856201172,5870884
2001-08-21,99.2829818725586,100.35372924804688,96.94072723388672,97.4091796875,53.035770416259766,6815631
2001-08-22,97.99235534667969,99.46463012695312,97.28489685058594,99.38814544677734,54.11324691772461,8398334
2001-08-23,99.42638397216797,100.0956039428711,98.4703598022461,98.4703598022461,53.61354446411133,5726118
2001-08-24,99.37858581542969,103.05927276611328,98.86233520507812,102.28489685058594,55.69042205810547,8066647
2001-08-27,102.28489685058594,103.44168090820312,101.95028686523438,102.16061401367188,55.62276077270508,4749781
2001-08-28,102.1988525390625,102.45697784423828,100.25812530517578,100.33460998535156,54.6285514831543,6075273
2001-08-29,101.09942626953125,101.24282836914062,99.25430297851562,99.55066680908203,54.20170974731445,5062954
2001-08-30,98.23136138916016,98.85277557373047,94.5124282836914,95.94646453857422,52.23939514160156,15706213
2001-08-31,96.55831909179688,96.9024887084961,94.87571716308594,95.55449676513672,52.02598190307617,8500424
2001-09-04,95.74569702148438,98.59464263916016,94.92351531982422,97.02677154541016,52.82756042480469,10346823
2001-09-05,97.03633117675781,98.3078384399414,95.22944641113281,95.93690490722656,52.23417282104492,12427212
2001-09-06,96.25238800048828,96.25238800048828,93.35564422607422,93.69024658203125,51.010929107666016,9459083
2001-09-07,93.59464263916016,93.83364868164062,91.77820587158203,92.34225463867188,50.2769889831543,10990322
2001-09-10,91.77820587158203,93.11663818359375,91.38623046875,92.22753143310547,50.21452713012695,10785829
2001-09-17,89.77055358886719,91.64435577392578,88.47992706298828,89.23518371582031,48.5853157043457,15828909
2001-09-18,89.86615753173828,92.4952163696289,89.56022644042969,92.16061401367188,50.178104400634766,12871030
2001-09-19,92.16061401367188,92.5908203125,88.38432312011719,91.77820587158203,49.969913482666016,15568141
2001-09-20,89.96176147460938,91.53919982910156,88.76673126220703,89.29254150390625,48.616546630859375,15881313
2001-09-21,86.61567687988281,89.38814544677734,85.56405639648438,86.52007293701172,47.10704040527344,19209476
2001-09-24,87.76290893554688,91.33843231201172,87.76290893554688,90.63097381591797,49.34529113769531,11717083
2001-09-25,89.96176147460938,91.77820587158203,89.3021011352539,90.2963638305664,49.16311264038086,13153555
2001-09-26,90.2963638305664,90.2963638305664,86.32887268066406,87.28489685058594,47.52347183227539,14417123
2001-09-27,87.28489685058594,87.4760971069336,83.64244842529297,86.04206848144531,46.84678649902344,13778226
2001-09-28,86.23326873779297,88.63288879394531,85.94646453857422,87.6864242553711,47.74209213256836,11586751
2001-10-01,87.6864242553711,89.36902618408203,87.32313537597656,88.63288879394531,48.25737380981445,9075305
2001-10-02,88.24092102050781,89.77055358886719,88.04971313476562,89.64627075195312,48.80914306640625,7553375
2001-10-03,88.81452941894531,93.32695770263672,88.33651733398438,92.6864242553711,50.464385986328125,11628382
2001-10-04,92.87763214111328,94.53154754638672,92.54302215576172,93.03059387207031,50.65178298950195,10235215
2001-10-05,92.39962005615234,94.1204605102539,91.17591094970703,93.70936584472656,51.021339416503906,10154777
2001-10-08,93.71892547607422,94.64627075195312,92.4952163696289,94.16825866699219,51.27120590209961,7419696
2001-10-09,94.16825866699219,94.16825866699219,92.5047836303711,92.86807250976562,50.56329345703125,7871464
2001-10-10,90.82218170166016,93.02103424072266,90.72657775878906,92.97322845458984,50.620548248291016,11126197
2001-10-11,93.4034423828125,95.02867889404297,92.25621032714844,95.02867889404297,51.73965072631836,12030674
2001-10-12,94.35946655273438,96.55831909179688,93.69024658203125,96.40535736083984,52.48921585083008,12030255
2001-10-15,95.45889282226562,98.24092102050781,95.45889282226562,97.51434326171875,53.093048095703125,10673593
2001-10-16,97.39006042480469,98.4703598022461,95.2772445678711,97.37093353271484,53.01491165161133,12495516
2001-10-17,101.62523651123047,102.00764465332031,98.37476348876953,98.37476348876953,53.5615119934082,19790843
2001-10-18,98.5181655883789,99.1873779296875,96.34799194335938,96.806884765625,52.70785140991211,11186865
2001-10-19,97.17973327636719,98.22179412841797,95.6692123413086,98.13575744628906,53.431358337402344,12313407
2001-10-22,98.13575744628906,101.12810516357422,97.41873931884766,100.62141418457031,54.784732818603516,7974599
2001-10-23,101.09942626953125,101.99808502197266,99.95220184326172,101.15679168701172,55.07619857788086,7771048
2001-10-24,101.81644439697266,103.96749877929688,101.42447662353516,103.79541015625,56.5128288269043,8674687
2001-10-25,103.29827880859375,105.97514343261719,102.05545043945312,105.79350280761719,57.60072326660156,10128836
2001-10-26,105.16252136230469,107.17017364501953,104.79923248291016,106.2715072631836,57.86098861694336,10609055
2001-10-29,105.64053344726562,105.83174133300781,103.84320831298828,103.84320831298828,56.53883361816406,7398149
2001-10-30,103.05927276611328,104.92351531982422,103.02103424072266,103.87189483642578,56.55448532104492,9021855
2001-10-31,104.78011322021484,106.23326873779297,103.31739807128906,103.31739807128906,56.252559661865234,7507874
2001-11-01,102.53346252441406,105.3250503540039,102.1988525390625,105.05735778808594,57.19992446899414,8393104
2001-11-02,104.34990692138672,105.44933319091797,103.98661804199219,104.68450927734375,56.9969367980957,6502877
2001-11-05,105.1147232055664,105.72657775878906,104.2829818725586,105.13384246826172,57.24155044555664,5971091
2001-11-06,104.78011322021484,109.75143432617188,104.20649719238281,108.61376953125,59.136260986328125,8901146
2001-11-07,108.0783920288086,110.13384246826172,108.05927276611328,108.84320831298828,59.33426284790039,10595666
2001-11-08,108.94837188720703,110.47801208496094,108.61376953125,108.80496978759766,59.313472747802734,8358795
2001-11-09,108.1261978149414,109.84703826904297,108.1261978149414,109.06309509277344,59.454166412353516,5278011
2001-11-12,108.03059387207031,109.84703826904297,107.12236785888672,109.80879211425781,59.860679626464844,5866386
2001-11-13,110.61185455322266,111.85468292236328,110.61185455322266,111.56787872314453,60.81963348388672,9640668
2001-11-14,111.56787872314453,111.7112808227539,108.34607696533203,109.32122039794922,59.59486770629883,8463918
2001-11-15,109.08221435546875,111.21414947509766,108.83364868164062,109.7036361694336,59.803321838378906,7336435
2001-11-16,109.94264221191406,109.94264221191406,107.60037994384766,109.46463012695312,59.67306900024414,6967929
2001-11-19,109.65583038330078,110.70745849609375,108.76673126220703,109.94264221191406,59.933631896972656,5158140
2001-11-20,109.32122039794922,111.66348266601562,109.22562408447266,110.36328887939453,60.16294860839844,6749001
2001-11-21,109.89483642578125,110.181640625,108.0783920288086,109.31166076660156,59.58964157104492,4377196
2001-11-23,109.26386260986328,110.2963638305664,108.71892547607422,110.2772445678711,60.116024017333984,1792844
2001-11-26,110.80306243896484,111.28107452392578,110.13384246826172,111.21414947509766,60.626773834228516,5077598
2001-11-27,111.13766479492188,111.18547058105469,109.05353546142578,109.17781829833984,59.516685485839844,7211229
2001-11-28,109.08221435546875,109.34990692138672,107.17017364501953,107.21797180175781,58.448333740234375,6444615
2001-11-29,107.93498992919922,109.5124282836914,106.8929214477539,109.397705078125,59.636558532714844,6410620
2001-11-30,109.397705078125,110.84130096435547,108.79541015625,110.5066909790039,60.241127014160156,5855299
2001-12-03,109.75143432617188,109.79923248291016,108.23136138916016,109.11090087890625,59.48024368286133,6051947
2001-12-04,109.27342224121094,111.58699798583984,108.39388275146484,111.51051330566406,60.78835678100586,6888851
2001-12-05,111.7112808227539,116.61567687988281,111.52007293701172,116.06118774414062,63.26906204223633,15319925
2001-12-06,115.20076751708984,116.34799194335938,114.53154754638672,114.85659790039062,62.612396240234375,11742082
2001-12-07,114.24474334716797,115.67877960205078,113.52772521972656,115.10516357421875,62.747947692871094,7206103
2001-12-10,114.7227554321289,115.67877960205078,114.15869903564453,114.397705078125,62.362266540527344,5827161
2001-12-11,115.10516357421875,117.34225463867188,114.53154754638672,116.15679168701172,63.32117462158203,8151687
2001-12-12,115.79350280761719,117.79158782958984,114.78011322021484,117.78202819824219,64.20718383789062,8344883
2001-12-13,116.20458984375,116.9216079711914,114.83747863769531,114.96176147460938,62.669734954833984,8431806
2001-12-14,115.4875717163086,116.13766479492188,114.15869903564453,115.77437591552734,63.11275100708008,7359656
2001-12-17,114.86615753173828,116.76863861083984,114.86615753173828,116.00382232666016,63.23780822753906,6490535
2001-12-18,116.16635131835938,117.56214141845703,116.01338195800781,116.82600402832031,63.685997009277344,5853625
2001-12-19,116.53919982910156,119.216064453125,115.68833923339844,118.44168090820312,64.56675720214844,8424379
2001-12-20,118.44168090820312,118.54684448242188,116.77820587158203,117.30401611328125,63.94660186767578,6636661
2001-12-21,117.30401611328125,118.06883239746094,116.35755157470703,116.63479614257812,63.581756591796875,9057419
2001-12-24,116.68260192871094,117.09368896484375,115.77437591552734,116.1089859008789,63.29512023925781,1730502
2001-12-26,116.63479614257812,118.26004028320312,116.45315551757812,117.01720428466797,63.79022979736328,3928462
2001-12-27,117.35181427001953,118.47992706298828,117.24665069580078,118.06883239746094,64.36351013183594,4002205
2001-12-28,118.06883239746094,118.43212127685547,116.96940612792969,117.4952163696289,64.0508041381836,4407739
2001-12-31,117.35181427001953,117.82026672363281,115.63097381591797,115.64053344726562,63.03976058959961,3674284
2002-01-02,115.2963638305664,116.15679168701172,114.53154754638672,116.15679168701172,63.32117462158203,7178489
2002-01-03,116.15679168701172,118.75717163085938,114.96176147460938,118.22179412841797,64.44689178466797,9018298
2002-01-04,118.59464263916016,120.07648468017578,118.52772521972656,120.07648468017578,65.45796203613281,8791839
2002-01-07,119.50286865234375,120.64053344726562,118.26004028320312,118.59464263916016,64.65013885498047,6212822
2002-01-08,118.78585052490234,119.69407653808594,118.2887191772461,119.216064453125,64.98888397216797,5556143
2002-01-09,119.216064453125,120.83174133300781,118.69024658203125,119.01529693603516,64.87944030761719,7154535
2002-01-10,118.3078384399414,118.54684448242188,116.08030700683594,116.76863861083984,63.654727935791016,9336910
2002-01-11,116.15679168701172,116.806884765625,114.99044036865234,115.01911926269531,62.70100021362305,5018499
2002-01-14,114.7227554321289,114.80879211425781,111.95028686523438,112.85850524902344,61.52315902709961,10487928
2002-01-15,112.85850524902344,114.43594360351562,112.54302215576172,113.62332916259766,61.940101623535156,5907703
2002-01-16,112.81070709228516,113.52772521972656,112.09368896484375,112.23709106445312,61.18442153930664,5613150
2002-01-17,114.57935333251953,115.24856567382812,112.1032485961914,114.62715148925781,62.48734664916992,11666770
2002-01-18,109.22562408447266,109.84703826904297,107.84894561767578,109.22562408447266,59.54277420043945,19288449
2002-01-22,109.22562408447266,109.23518371582031,105.47801208496094,105.64053344726562,57.588401794433594,10596398
2002-01-23,105.9273452758789,106.35755157470703,102.2944564819336,103.15487670898438,56.23338317871094,13134308
2002-01-24,104.01529693603516,104.9043960571289,102.36137390136719,103.93881225585938,56.66073226928711,8976249
2002-01-25,103.7284927368164,105.82218170166016,103.34607696533203,104.47418975830078,56.952579498291016,7072843
2002-01-28,104.68450927734375,105.36328887939453,102.35181427001953,103.39388275146484,56.36366271972656,7419173
2002-01-29,103.39388275146484,103.78585052490234,97.90631103515625,98.4703598022461,53.67969512939453,15176832
2002-01-30,99.66539001464844,101.09942626953125,96.55831909179688,100.90821838378906,55.00864791870117,18528112
2002-01-31,101.72084045410156,103.23136138916016,99.86615753173828,103.14531707763672,56.2281494140625,10331342
2002-02-01,102.90631103515625,104.4933090209961,101.95028686523438,103.25048065185547,56.285526275634766,7112277
2002-02-04,103.25048065185547,103.25048065185547,101.32887268066406,102.1032485961914,55.66007995605469,6905587
2002-02-05,101.57743835449219,103.7284927368164,101.33843231201172,101.62523651123047,55.399497985839844,7047634
2002-02-06,102.00764465332031,103.0783920288086,100.6978988647461,101.94072723388672,55.644798278808594,6976611
2002-02-07,101.95028686523438,102.2944564819336,99.29254150390625,99.34034729003906,54.2253532409668,7587475
2002-02-08,98.4703598022461,101.07074737548828,98.0975112915039,100.37284851074219,54.78897476196289,8723012
2002-02-11,100.38240814208984,102.95410919189453,99.91395568847656,102.65774536132812,56.036190032958984,6560407
2002-02-12,102.05545043945312,103.14531707763672,101.39579010009766,101.88336181640625,55.61345291137695,4769551
2002-02-13,102.00764465332031,103.70936584472656,101.45315551757812,103.31739807128906,56.39623260498047,5320897
2002-02-14,104.20649719238281,104.34990692138672,102.48565673828125,103.14531707763672,56.30230712890625,6083850
2002-02-15,100.19120788574219,100.19120788574219,97.22753143310547,98.36520385742188,53.693058013916016,19042012
2002-02-19,97.03633117675781,97.32313537597656,94.5124282836914,96.84512329101562,52.86333465576172,14012111
2002-02-20,95.16252136230469,95.602294921875,92.73422241210938,94.94264221191406,51.82486343383789,15193359
2002-02-21,94.40726470947266,95.31549072265625,91.78776550292969,92.14149475097656,50.295841217041016,10597758
2002-02-22,92.14149475097656,94.83747863769531,91.54875946044922,94.1204605102539,51.376060485839844,10953294
2002-02-25,94.1204605102539,94.8852767944336,92.84894561767578,93.97705841064453,51.297767639160156,10358329
2002-02-26,94.64627075195312,94.82791900634766,91.76863861083984,92.87763214111328,50.69766616821289,12169687
2002-02-27,93.78585052490234,95.8986587524414,92.44741821289062,93.52772521972656,51.052513122558594,12529720
2002-02-28,94.15869903564453,95.21988677978516,93.5181655883789,93.80496978759766,51.203853607177734,8304194
2002-03-01,94.26386260986328,98.56596374511719,94.16825866699219,98.48948669433594,53.760921478271484,10975573
2002-03-04,98.80496978759766,101.84512329101562,98.59464263916016,101.24282836914062,55.263816833496094,11263014
2002-03-05,99.66539001464844,101.81644439697266,99.57935333251953,101.02294158935547,55.1438102722168,7909957
2002-03-06,100.52581024169922,102.38050079345703,100.14340209960938,101.62523651123047,55.47255325317383,8041020
2002-03-07,102.58126068115234,102.77246856689453,98.6998062133789,99.14913940429688,54.121002197265625,11476607
2002-03-08,100.2103271484375,102.61949920654297,100.2103271484375,100.46845245361328,54.84116744995117,11219814
2002-03-11,99.76099395751953,101.30975341796875,99.04397583007812,100.61185455322266,54.91943359375,9036499
2002-03-12,100.8795394897461,104.06309509277344,100.86997985839844,103.7284927368164,56.620635986328125,11568028
2002-03-13,103.53728485107422,103.87189483642578,102.00764465332031,102.46653747558594,55.93183135986328,6704023
2002-03-14,102.3135757446289,103.20267486572266,101.9024887084961,101.91204833984375,55.629146575927734,5580933
2002-03-15,101.86424255371094,102.72466278076172,100.94646453857422,102.09368896484375,55.728271484375,11363849
2002-03-18,102.39006042480469,103.86233520507812,101.55831909179688,101.67304229736328,55.49866485595703,5545055
2002-03-19,102.15105438232422,103.29827880859375,101.806884765625,102.76290893554688,56.093563079833984,4827081
2002-03-20,102.1988525390625,102.1988525390625,100.85086059570312,100.86042022705078,55.05509567260742,5066929
2002-03-21,101.05162811279297,102.0841293334961,100.0956039428711,102.0841293334961,55.723060607910156,5348303
2002-03-22,101.81644439697266,102.00764465332031,100.44933319091797,100.95602416992188,55.10728073120117,5761263
2002-03-25,101.14722442626953,101.96940612792969,98.94837188720703,99.0057373046875,54.042724609375,6566683
2002-03-26,99.01529693603516,101.05162811279297,97.8011474609375,98.37476348876953,53.69831085205078,8518624
2002-03-27,99.1873779296875,99.22562408447266,97.99235534667969,98.84320831298828,53.9539909362793,5860110
2002-03-28,98.99617767333984,100.51625061035156,98.84320831298828,99.42638397216797,54.27231979370117,5593485
2002-04-01,99.42638397216797,99.42638397216797,97.8967514038086,98.33651733398438,53.67741012573242,5844002
2002-04-02,97.51434326171875,97.5239028930664,96.0898666381836,96.51051330566406,52.680686950683594,7721781
2002-04-03,96.94072723388672,97.03633117675781,94.55066680908203,95.56405639648438,52.16404724121094,8000959
2002-04-04,95.56405639648438,96.6921615600586,95.12428283691406,96.40535736083984,52.623287200927734,6201211
2002-04-05,96.40535736083984,96.79732513427734,92.97322845458984,92.97322845458984,50.74983596801758,10252683
2002-04-08,83.65200805664062,84.69407653808594,81.5965576171875,83.56596374511719,45.61485290527344,43102836
2002-04-09,84.6080322265625,84.62715148925781,83.26959991455078,83.88145446777344,45.787071228027344,18183246
2002-04-10,84.56022644042969,85.9942626953125,84.32122039794922,85.0956039428711,46.44981002807617,13748519
2002-04-11,84.17781829833984,84.61759185791016,79.6749496459961,80.4875717163086,43.934478759765625,24417510
2002-04-12,83.70936584472656,84.09178161621094,80.68833923339844,81.83556365966797,44.67030715942383,16546988
2002-04-15,82.69598388671875,82.79158782958984,80.97514343261719,81.5965576171875,44.53984451293945,9279694
2002-04-16,82.55258178710938,83.03059387207031,81.81644439697266,82.4091796875,44.983421325683594,8298023
2002-04-17,83.22179412841797,83.36520385742188,80.30592346191406,81.08030700683594,44.25801467895508,11526397
2002-04-18,83.14531707763672,85.181640625,83.0783920288086,85.03823852539062,46.41850662231445,15442621
2002-04-19,85.94646453857422,86.07074737548828,83.74761199951172,85.08604431152344,46.444580078125,9699767
2002-04-22,85.03823852539062,85.03823852539062,83.5181655883789,84.06309509277344,45.88620376586914,7068554
2002-04-23,84.46463012695312,85.16252136230469,83.4034423828125,83.48948669433594,45.57307434082031,5380729
2002-04-24,84.32122039794922,84.36902618408203,82.4760971069336,82.69598388671875,45.139957427978516,6820443
2002-04-25,82.26577758789062,83.0975112915039,81.99808502197266,82.8967514038086,45.24955749511719,7186020
2002-04-26,82.88719177246094,83.13575744628906,80.97514343261719,80.98470306396484,44.20584487915039,6991673
2002-04-29,80.98470306396484,81.35755157470703,79.87571716308594,80.20076751708984,43.77793884277344,6836238
2002-04-30,80.21988677978516,81.4818344116211,79.85659790039062,80.07648468017578,43.7100944519043,9292559
2002-05-01,80.16252136230469,80.9273452758789,78.0783920288086,80.59273529052734,43.99188995361328,12765175
2002-05-02,80.06692504882812,81.07074737548828,79.47418975830078,80.17208099365234,43.76229476928711,6885713
2002-05-03,79.44550323486328,79.82791900634766,77.54302215576172,78.18355560302734,42.67682647705078,9054490
2002-05-06,78.1070785522461,78.26959991455078,72.65774536132812,72.65774536132812,39.66053771972656,14276226
2002-05-07,73.50860595703125,74.09178161621094,72.58126068115234,73.13575744628906,39.921478271484375,18219960
2002-05-08,74.76099395751953,79.15869903564453,74.76099395751953,78.82408905029297,43.11099624633789,13367566
2002-05-09,78.29827880859375,79.34990692138672,75.52581024169922,76.4149169921875,41.79336166381836,10596085
2002-05-10,76.43403625488281,76.95984649658203,75.76481628417969,76.17591094970703,41.662620544433594,7726070
2002-05-13,76.72084045410156,78.67112731933594,76.00382232666016,78.57552337646484,42.975067138671875,6827870
2002-05-14,80.783935546875,81.72084045410156,78.57552337646484,81.72084045410156,44.695316314697266,10067436
2002-05-15,80.8795394897461,82.6864242553711,80.35372924804688,80.783935546875,44.18289566040039,8945706
2002-05-16,80.49713134765625,82.21797180175781,79.73231506347656,81.6921615600586,44.67960739135742,7079642
2002-05-17,82.45697784423828,82.60037994384766,81.26194763183594,81.9216079711914,44.805118560791016,6145041
2002-05-20,81.6921615600586,81.70172119140625,80.23900604248047,80.73613739013672,44.15675354003906,4738694
2002-05-21,80.6978988647461,81.26194763183594,79.63671112060547,79.78011322021484,43.633872985839844,4658884
2002-05-22,80.07648468017578,80.67877960205078,79.1013412475586,80.30592346191406,43.92145919799805,5272572
2002-05-23,80.54492950439453,81.30975341796875,78.8910140991211,80.64053344726562,44.104454040527344,7181418
2002-05-24,79.97132110595703,80.06692504882812,78.98661804199219,79.44550323486328,43.45087814331055,4311612
2002-05-28,79.15869903564453,79.45507049560547,78.0975112915039,78.4703598022461,42.917545318603516,4761497
2002-05-29,77.9158706665039,78.39388275146484,77.43785858154297,78.011474609375,42.66657257080078,4727397
2002-05-30,77.05545043945312,78.63288879394531,76.6921615600586,78.63288879394531,43.00641632080078,7713309
2002-05-31,78.44168090820312,78.44168090820312,76.86424255371094,76.91204833984375,42.065250396728516,5362005
2002-06-03,77.1988525390625,77.35181427001953,74.56979370117188,74.6749496459961,40.841732025146484,8769246
2002-06-04,74.6749496459961,76.14722442626953,74.1873779296875,75.82218170166016,41.46916580200195,7607767
2002-06-05,76.14722442626953,77.16061401367188,75.63097381591797,77.00764465332031,42.11752700805664,7502017
2002-06-06,77.00764465332031,77.39006042480469,75.42064666748047,76.15679168701172,41.652191162109375,5795468
2002-06-07,75.02867889404297,75.38240814208984,73.61376953125,74.85659790039062,40.941097259521484,9737632
2002-06-10,74.3307876586914,75.33460998535156,73.23136138916016,73.42256164550781,40.15675354003906,7401287
2002-06-11,74.42638397216797,74.80879211425781,71.8929214477539,72.17017364501953,39.471778869628906,8319256
2002-06-12,72.0841293334961,72.60993957519531,70.02867889404297,71.36711120605469,39.03260040283203,13907721
2002-06-13,72.13192749023438,73.99617767333984,71.988525390625,72.27533721923828,39.52931594848633,9319442
2002-06-14,70.93690490722656,73.39388275146484,70.02867889404297,72.82026672363281,39.827362060546875,8987232
2002-06-17,72.82982635498047,74.3307876586914,71.85468292236328,73.74761199951172,40.33452224731445,8133487
2002-06-18,72.27533721923828,73.5181655883789,72.15105438232422,72.60037994384766,39.707088470458984,7575132
2002-06-19,70.93690490722656,71.8929214477539,70.02867889404297,70.12428283691406,38.35285568237305,9890348
2002-06-20,70.74569702148438,70.83174133300781,68.2887191772461,68.43212127685547,37.42734909057617,11628277
2002-06-21,66.9216079711914,67.86807250976562,65.19120788574219,65.72657775878906,35.9476432800293,16257560
2002-06-24,64.29254150390625,68.34607696533203,64.29254150390625,66.63479614257812,36.44435501098633,15363334
2002-06-25,67.20841217041016,68.3078384399414,65.40152740478516,65.58317565917969,35.86919021606445,8948321
2002-06-26,63.193115234375,67.48565673828125,63.193115234375,66.96940612792969,36.627349853515625,12075024
2002-06-27,68.06883239746094,68.97705841064453,66.06118774414062,68.73805236816406,37.59468460083008,11098165
2002-06-28,68.21223449707031,70.38240814208984,68.11663818359375,68.83364868164062,37.646942138671875,11449098
2002-07-01,68.84320831298828,69.22562408447266,64.20649719238281,64.62715148925781,35.346317291259766,12610471
2002-07-02,64.86615753173828,66.34799194335938,64.7227554321289,65.56405639648438,35.85872268676758,12565493
2002-07-03,64.96176147460938,67.60037994384766,64.8852767944336,67.4091796875,36.86788558959961,8859515
2002-07-05,69.26386260986328,70.65009307861328,68.83364868164062,70.26768493652344,38.43126678466797,5484178
2002-07-08,69.7896728515625,70.24856567382812,67.90631103515625,68.16443634033203,37.28095626831055,9924553
2002-07-09,68.26004028320312,69.0726547241211,66.39579010009766,66.60611724853516,36.428653717041016,11679218
2002-07-10,67.4952163696289,68.11663818359375,65.51625061035156,65.73613739013672,35.95285415649414,10536776
2002-07-11,65.00955963134766,66.68260192871094,64.57935333251953,66.35755157470703,36.292701721191406,11533614
2002-07-12,66.9216079711914,68.5850830078125,65.77437591552734,66.16635131835938,36.188148498535156,8966521
2002-07-15,65.3919677734375,67.87763214111328,63.67112731933594,67.87763214111328,37.12409210205078,10900261
2002-07-16,66.45315551757812,68.25048065185547,65.46845245361328,65.97514343261719,36.08357238769531,10969193
2002-07-17,67.87763214111328,68.45124053955078,66.55831909179688,67.58126068115234,36.962005615234375,12068016
2002-07-18,67.39962005615234,70.93690490722656,66.9216079711914,68.88145446777344,37.6731071472168,16015097
2002-07-19,67.83938598632812,69.50286865234375,66.9216079711914,68.83364868164062,37.646942138671875,12147093
2002-07-22,68.11663818359375,69.01529693603516,65.30592346191406,65.4875717163086,35.81690216064453,15550777
2002-07-23,65.24856567382812,66.9216079711914,63.72848892211914,64.1013412475586,35.05872344970703,13353968
2002-07-24,63.09751510620117,66.9216079711914,62.810707092285156,66.4818344116211,36.360687255859375,14439507
2002-07-25,65.86997985839844,66.9216079711914,64.34034729003906,66.3001937866211,36.26134490966797,11495331
2002-07-26,65.72657775878906,66.4149169921875,62.86806869506836,63.479923248291016,34.71886444091797,12108914
2002-07-29,67.27533721923828,68.26004028320312,65.00955963134766,68.04971313476562,37.218204498291016,12467588
2002-07-30,67.39962005615234,69.50286865234375,66.94072723388672,68.63288879394531,37.537147521972656,10604976
2002-07-31,67.63862609863281,68.45124053955078,66.07074737548828,67.30401611328125,36.81036376953125,13303656
2002-08-01,67.30401611328125,67.5908203125,64.26386260986328,65.24856567382812,35.68618392944336,9238272
2002-08-02,65.2103271484375,65.22944641113281,64.16825866699219,64.89483642578125,35.49271011352539,7233090
2002-08-05,64.95220184326172,65.34416961669922,62.95410919189453,63.087955474853516,34.50450134277344,7454737
2002-08-06,64.05353546142578,66.36711120605469,63.680686950683594,64.91395568847656,35.50318908691406,8755857
2002-08-07,65.96558380126953,66.82600402832031,63.86233139038086,66.12810516357422,36.24730682373047,8407016
2002-08-08,66.15679168701172,68.88145446777344,65.34416961669922,68.46080017089844,37.52594757080078,8807843
2002-08-09,67.5047836303711,71.03250122070312,67.30401611328125,68.67112731933594,37.6412239074707,7260181
2002-08-12,67.92543029785156,69.44550323486328,67.5047836303711,68.61376953125,37.609779357910156,5505412
2002-08-13,68.4034423828125,70.55449676513672,68.05927276611328,68.73805236816406,37.67792892456055,8383376
2002-08-14,68.78585052490234,71.72084045410156,68.21223449707031,71.62523651123047,39.260498046875,8737238
2002-08-15,72.0841293334961,73.33651733398438,71.3193130493164,73.13575744628906,40.08845901489258,9693596
2002-08-16,73.13575744628906,76.46271514892578,72.63862609863281,75.86042022705078,41.58195495605469,12181507
2002-08-19,75.86042022705078,79.20649719238281,75.53536987304688,78.86233520507812,43.227413177490234,11300879
2002-08-20,77.97322845458984,78.39388275146484,76.65392303466797,77.69598388671875,42.58809280395508,8023866
2002-08-21,78.29827880859375,78.70936584472656,76.05162811279297,77.43785858154297,42.44662094116211,8125956
2002-08-22,77.39006042480469,78.82408905029297,76.67304229736328,78.38432312011719,42.96541213989258,5697144
2002-08-23,77.62906646728516,77.8967514038086,75.86042022705078,76.86424255371094,42.13218688964844,6180709
2002-08-26,76.86424255371094,77.33269500732422,74.37858581542969,75.9273452758789,41.61863327026367,7319699
2002-08-27,76.86424255371094,76.9024887084961,73.90057373046875,74.53154754638672,40.853553771972656,7413839
2002-08-28,72.65774536132812,73.62332916259766,72.34225463867188,72.71510314941406,39.85788345336914,6893454
2002-08-29,72.27533721923828,73.94837188720703,71.84512329101562,73.25048065185547,40.151344299316406,6126840
2002-08-30,72.22753143310547,72.99235534667969,71.79732513427734,72.06501007080078,39.50154113769531,5232615
2002-09-03,70.93690490722656,71.70172119140625,69.1204605102539,69.16825866699219,37.91371536254883,7164472
2002-09-04,69.16825866699219,70.73613739013672,68.45124053955078,70.4875717163086,38.63689041137695,6552772
2002-09-05,69.54110717773438,69.64627075195312,68.35564422607422,69.0057373046875,37.82464599609375,6765214
2002-09-06,70.5066909790039,70.73613739013672,69.85659790039062,69.98088073730469,38.35915756225586,4797479
2002-09-09,69.26386260986328,71.68260192871094,68.69024658203125,71.22370910644531,39.04039764404297,6051110
2002-09-10,71.3193130493164,72.27533721923828,70.602294921875,72.27533721923828,39.61683654785156,5793062
2002-09-11,73.04015350341797,74.09178161621094,70.80306243896484,70.93690490722656,38.8831901550293,5642542
2002-09-12,70.79350280761719,70.79350280761719,68.48948669433594,68.70936584472656,37.66219711303711,7015940
2002-09-13,68.35564422607422,69.6749496459961,68.17399597167969,69.31166076660156,37.99232482910156,6223282
2002-09-16,68.83364868164062,69.52198791503906,68.0975112915039,69.13957977294922,37.89801788330078,4806579
2002-09-17,69.7896728515625,70.21988677978516,68.21223449707031,68.59464263916016,37.599308013916016,6480075
2002-09-18,67.54302215576172,67.78202819824219,65.83174133300781,66.49139404296875,36.446449279785156,13297484
2002-09-19,61.950286865234375,63.55640411376953,61.806884765625,61.950286865234375,33.957279205322266,23048505
2002-09-20,62.523902893066406,62.523902893066406,61.089866638183594,61.108985900878906,33.49613571166992,14848179
2002-09-23,60.94646453857422,60.94646453857422,59.62715148925781,60.58317565917969,33.20791244506836,8762447
2002-09-24,58.393882751464844,60.51625061035156,56.93116760253906,57.122371673583984,31.31092071533203,17478765
2002-09-25,58.508602142333984,60.96558380126953,58.307838439941406,60.23900604248047,33.01927185058594,13722683
2002-09-26,61.37667465209961,62.02676773071289,58.63288879394531,59.29254150390625,32.5004768371582,12937765
2002-09-27,58.72848892211914,60.697898864746094,57.657745361328125,57.705543518066406,31.630571365356445,9197583
2002-09-30,56.93116760253906,57.2562141418457,55.43976974487305,55.745697021484375,30.55630111694336,13619025
2002-10-01,56.5965576171875,59.254302978515625,56.39579391479492,58.479923248291016,32.05504608154297,12178369
2002-10-02,58.48948287963867,59.27342224121094,55.783939361572266,57.00764846801758,31.248037338256836,11143352
2002-10-03,57.64818572998047,58.47036361694336,56.35755157470703,57.36137771606445,31.44192886352539,11507151
2002-10-04,56.883365631103516,56.89292526245117,53.31740188598633,54.11090087890625,29.660232543945312,15221287
2002-10-07,54.11090087890625,55.92734146118164,54.11090087890625,54.359466552734375,29.796476364135742,10085114
2002-10-08,55.23900604248047,55.53537368774414,52.39005661010742,54.541107177734375,29.896034240722656,15422747
2002-10-09,53.585086822509766,54.20650100708008,52.39961624145508,52.64818572998047,28.858448028564453,12715176
2002-10-10,52.24665451049805,55.90822219848633,51.63479995727539,55.04780197143555,30.173782348632812,13253448
2002-10-11,59.27342224121094,61.108985900878906,58.79541015625,61.108985900878906,33.49613571166992,18675075
2002-10-14,58.83365249633789,60.9942626953125,58.83365249633789,60.63097381591797,33.23412322998047,8289864
2002-10-15,64.77055358886719,65.46845245361328,63.652008056640625,65.46845245361328,35.88572692871094,15271809
2002-10-16,63.67112731933594,64.05353546142578,61.414913177490234,62.04589080810547,34.00970458984375,16631609
2002-10-17,69.59847259521484,69.7896728515625,68.0975112915039,69.02485656738281,37.83510971069336,22326452
2002-10-18,68.57552337646484,70.98470306396484,67.17017364501953,70.98470306396484,38.909393310546875,13057113
2002-10-21,70.41108703613281,72.56214141845703,69.73231506347656,72.22753143310547,39.59062957763672,11375982
2002-10-22,71.22370910644531,72.35181427001953,70.38240814208984,71.21414947509766,39.03517150878906,10848589
2002-10-23,71.12810516357422,71.67304229736328,69.27342224121094,71.3193130493164,39.09281539916992,13014227
2002-10-24,72.17973327636719,72.22753143310547,68.59464263916016,68.92925262451172,37.782718658447266,11008104
2002-10-25,69.31166076660156,71.33843231201172,68.98661804199219,71.28107452392578,39.07184982299805,7859853
2002-10-28,71.84512329101562,74.09178161621094,71.28107452392578,73.193115234375,40.119903564453125,13121965
2002-10-29,73.193115234375,73.66156768798828,70.93690490722656,73.36520385742188,40.21425247192383,11982139
2002-10-30,73.61376953125,75.90821838378906,72.67686462402344,75.2103271484375,41.22561264038086,13457627
2002-10-31,75.2103271484375,76.28107452392578,75.04779815673828,75.46845245361328,41.36709976196289,10318058
2002-11-01,75.43020629882812,76.95984649658203,74.87571716308594,76.86424255371094,42.13218688964844,9827379
2002-11-04,78.38432312011719,80.12428283691406,78.1070785522461,78.87189483642578,43.23264694213867,12558276
2002-11-05,78.15487670898438,78.4034423828125,76.93116760253906,78.08795166015625,42.802955627441406,10948168
2002-11-06,77.24665069580078,78.27915954589844,76.5296401977539,77.95410919189453,42.80820083618164,10962917
2002-11-07,76.4818344116211,76.4818344116211,74.87571716308594,75.47801208496094,41.448448181152344,11544493
2002-11-08,75.04779815673828,75.80306243896484,73.80496978759766,74.17781829833984,40.73447036743164,8493102
2002-11-11,74.17781829833984,74.91395568847656,73.32695770263672,73.8910140991211,40.57697296142578,7726174
2002-11-12,74.09178161621094,76.38623046875,73.90057373046875,75.6692123413086,41.55345153808594,9442974
2002-11-13,76.00382232666016,76.79732513427734,74.55066680908203,75.86042022705078,41.65845489501953,12535996
2002-11-14,76.84512329101562,77.42829895019531,75.90821838378906,77.17017364501953,42.37770080566406,10107289
2002-11-15,76.84512329101562,76.86424255371094,75.53536987304688,76.49139404296875,42.004966735839844,11890719
2002-11-18,77.24665069580078,77.42829895019531,75.602294921875,75.6978988647461,41.56919860839844,7658080
2002-11-19,74.79923248291016,75.95602416992188,74.41682434082031,74.92351531982422,41.14396667480469,7236646
2002-11-20,74.52198791503906,78.11663818359375,74.47418975830078,78.02103424072266,42.84494400024414,9488161
2002-11-21,78.44168090820312,81.18547058105469,78.44168090820312,81.16635131835938,44.572200775146484,13323111
2002-11-22,80.25812530517578,81.42447662353516,80.1147232055664,80.7170181274414,44.32543182373047,9469752
2002-11-25,80.90821838378906,82.45697784423828,79.84703826904297,82.4091796875,45.254669189453125,9049155
2002-11-26,82.36137390136719,82.36137390136719,80.67877960205078,81.3193130493164,44.65618133544922,8954597
2002-11-27,82.12236785888672,84.23518371582031,82.07456970214844,83.84320831298828,46.042152404785156,8587451
2002-11-29,83.85277557373047,84.17781829833984,82.94454956054688,83.0975112915039,45.63266372680664,3117812
2002-12-02,84.7036361694336,85.52581024169922,82.5047836303711,83.46080017089844,45.83216857910156,10140133
2002-12-03,82.90631103515625,83.20267486572266,81.40535736083984,81.46271514892578,44.73493576049805,7351079
2002-12-04,79.74187469482422,81.12810516357422,79.17781829833984,80.00955963134766,43.93695068359375,10515961
2002-12-05,81.16635131835938,81.24282836914062,78.96749877929688,79.40726470947266,43.606204986572266,7217400
2002-12-06,77.9158706665039,79.11090087890625,77.5047836303711,78.6998062133789,43.21769332885742,7944161
2002-12-09,77.43785858154297,77.75334930419922,76.00382232666016,76.0898666381836,41.78445053100586,9248627
2002-12-10,75.14340209960938,77.43785858154297,75.14340209960938,77.24665069580078,42.41968536376953,7185811
2002-12-11,77.24665069580078,78.85277557373047,76.47227478027344,77.85850524902344,42.75568389892578,6967406
2002-12-12,77.67686462402344,78.0975112915039,76.19503021240234,76.64435577392578,42.08894729614258,7540300
2002-12-13,75.76481628417969,76.4818344116211,74.82791900634766,76.4818344116211,41.99971008300781,8131395
2002-12-16,76.09942626953125,78.193115234375,75.57361602783203,78.03059387207031,42.85020446777344,8873741
2002-12-17,77.05545043945312,78.17399597167969,76.51051330566406,76.77820587158203,42.16246795654297,6450787
2002-12-18,75.76481628417969,76.18547058105469,74.79923248291016,75.65009307861328,41.54294204711914,6814585
2002-12-19,75.14340209960938,76.806884765625,74.9043960571289,75.20076751708984,41.29621505737305,7656615
2002-12-20,75.90821838378906,76.4818344116211,75.41108703613281,76.28107452392578,41.88943862915039,8424275
2002-12-23,76.24282836914062,77.9158706665039,75.94646453857422,76.73040008544922,42.13620376586914,6194621
2002-12-24,76.67304229736328,77.43785858154297,76.25238800048828,76.25238800048828,41.87371826171875,2531529
2002-12-26,76.3001937866211,77.15105438232422,74.818359375,75.04779815673828,41.21221160888672,6050378
2002-12-27,75.04779815673828,75.6978988647461,73.24092102050781,73.95793151855469,40.61368942260742,6625469
2002-12-30,73.61376953125,74.02485656738281,72.27533721923828,72.8967514038086,40.03095626831055,8437664
2002-12-31,73.70936584472656,75.00955963134766,73.70936584472656,74.09178161621094,40.68721389770508,8233484
2003-01-02,75.33460998535156,77.02677154541016,74.75143432617188,77.02677154541016,42.298927307128906,8226267
2003-01-03,77.15105438232422,78.05927276611328,76.68260192871094,78.05927276611328,42.86595153808594,6236566
2003-01-06,78.29827880859375,81.07074737548828,78.21223449707031,79.91395568847656,43.884437561035156,8285680
2003-01-07,80.25812530517578,82.39006042480469,80.06692504882812,82.21797180175781,45.14967727661133,12454617
2003-01-08,81.78776550292969,81.9216079711914,80.37284851074219,80.4875717163086,44.199432373046875,9946205
2003-01-09,81.02294158935547,83.193115234375,81.02294158935547,83.17399597167969,45.674678802490234,11204334
2003-01-10,82.07456970214844,84.16825866699219,81.93116760253906,83.82408905029297,46.031654357910156,10413348
2003-01-13,84.42638397216797,85.03823852539062,83.50860595703125,83.66156768798828,45.94242477416992,10981954
2003-01-14,83.39388275146484,84.69407653808594,83.38432312011719,84.68450927734375,46.5041618347168,7917279
2003-01-15,84.68450927734375,84.75143432617188,83.1261978149414,83.73805236816406,45.98442840576172,8521344
2003-01-16,83.55640411376953,83.85277557373047,81.62523651123047,82.26577758789062,45.17592239379883,10359898
2003-01-17,80.05735778808594,80.05735778808594,77.60993957519531,77.72466278076172,42.68220520019531,18128435
2003-01-21,77.72466278076172,78.25048065185547,76.95984649658203,76.99808502197266,42.28321075439453,9337537
2003-01-22,76.4818344116211,77.21797180175781,75.8986587524414,76.19503021240234,41.842193603515625,9866290
2003-01-23,76.62523651123047,77.78202819824219,76.29063415527344,77.48565673828125,42.550960540771484,8756484
2003-01-24,77.05545043945312,77.9158706665039,75.35372924804688,75.51625061035156,41.469444274902344,8104408
2003-01-27,74.56022644042969,76.00382232666016,74.19693756103516,74.97132110595703,41.170204162597656,9735959
2003-01-28,75.04779815673828,76.93116760253906,74.91395568847656,76.58699798583984,42.05744552612305,8386200
2003-01-29,76.00382232666016,77.15105438232422,75.1147232055664,76.78776550292969,42.1677131652832,8111730
2003-01-30,77.72466278076172,77.72466278076172,74.85659790039062,74.85659790039062,41.10719299316406,7687577
2003-01-31,74.2829818725586,74.89483642578125,73.63288879394531,74.76099395751953,41.05470275878906,10192329
2003-02-03,74.76099395751953,75.40152740478516,74.3307876586914,74.74187469482422,41.044193267822266,6990941
2003-02-04,74.74187469482422,74.74187469482422,72.8967514038086,73.6998062133789,40.47196578979492,7548145
2003-02-05,74.42638397216797,75.43020629882812,73.48948669433594,73.86233520507812,40.56121826171875,7768851
2003-02-06,73.71892547607422,74.76099395751953,73.14531707763672,74.1013412475586,40.77162170410156,8111939
2003-02-07,74.54110717773438,74.71319580078125,73.24092102050781,73.70936584472656,40.55594253540039,8678034
2003-02-10,73.70936584472656,74.58891296386719,73.08795166015625,74.48374938964844,40.982032775878906,8314759
2003-02-11,74.85659790039062,75.49713134765625,73.9101333618164,73.98661804199219,40.70850372314453,8993717
2003-02-12,74.09178161621094,74.65583038330078,73.13575744628906,73.13575744628906,40.24033737182617,5867223
2003-02-13,72.75334930419922,72.99235534667969,71.04206848144531,72.5239028930664,39.9036865234375,11734446
2003-02-14,73.04015350341797,74.04397583007812,72.03633117675781,74.04397583007812,40.740055084228516,8681277
2003-02-18,74.58891296386719,76.00382232666016,74.48374938964844,75.84130096435547,41.728965759277344,8149595
2003-02-19,75.602294921875,76.19503021240234,75.35372924804688,76.01338195800781,41.82365417480469,5690554
2003-02-20,76.07074737548828,76.5296401977539,75.24856567382812,75.6692123413086,41.6342887878418,6574215
2003-02-21,75.9942626953125,76.4818344116211,74.7227554321289,76.43403625488281,42.055118560791016,7796779
2003-02-24,76.19503021240234,76.47227478027344,75.10516357421875,75.10516357421875,41.32392120361328,7190936
2003-02-25,74.47418975830078,75.8795394897461,73.5181655883789,75.59273529052734,41.592193603515625,8028991
2003-02-26,75.0,75.57361602783203,73.90057373046875,73.99617767333984,40.71376419067383,8982002
2003-02-27,74.47418975830078,75.13384246826172,73.37476348876953,73.88145446777344,40.65064239501953,10383119
2003-02-28,73.61376953125,75.01911926269531,73.61376953125,74.52198791503906,41.0030517578125,6888119
2003-03-03,75.43020629882812,75.52581024169922,73.7284927368164,73.92925262451172,40.676944732666016,6922742
2003-03-04,74.1873779296875,74.3307876586914,73.16443634033203,73.32695770263672,40.345542907714844,5933121
2003-03-05,73.32695770263672,74.31166076660156,72.8967514038086,74.31166076660156,40.88735580444336,6964268
2003-03-06,73.61376953125,74.35946655273438,73.32695770263672,73.6806869506836,40.54017639160156,6146610
2003-03-07,72.38050079345703,74.56022644042969,72.38050079345703,74.47418975830078,40.976776123046875,8503143
2003-03-10,74.04397583007812,74.04397583007812,72.17973327636719,72.37093353271484,39.81952667236328,6946800
2003-03-11,72.48565673828125,72.97322845458984,71.8929214477539,72.03633117675781,39.63541793823242,8492683
2003-03-12,71.94072723388672,72.30401611328125,69.95220184326172,71.8738021850586,39.54599380493164,13361290
2003-03-13,72.64818572998047,75.21988677978516,71.99808502197266,75.0,41.26606369018555,10933315
2003-03-14,75.0,75.98470306396484,74.6749496459961,75.52581024169922,41.555389404296875,10583114
2003-03-17,74.56979370117188,79.03441619873047,74.41682434082031,78.83364868164062,43.375396728515625,15891878
2003-03-18,78.83364868164062,79.82791900634766,77.90631103515625,78.84320831298828,43.38066864013672,11291988
2003-03-19,78.47992706298828,78.87189483642578,77.51434326171875,78.39388275146484,43.13343048095703,10954863
2003-03-20,78.11663818359375,78.86233520507812,77.09368896484375,78.5850830078125,43.23862075805664,9462534
2003-03-21,79.1204605102539,81.16635131835938,79.1204605102539,81.16635131835938,44.658897399902344,13206168
2003-03-24,78.83364868164062,79.68450927734375,78.61376953125,78.63288879394531,43.264957427978516,9782820
2003-03-25,78.39388275146484,80.30592346191406,78.14531707763672,79.78011322021484,43.89616775512695,9180847
2003-03-26,79.34990692138672,79.58891296386719,77.60993957519531,77.96366882324219,42.89673614501953,11016054
2003-03-27,77.1988525390625,78.70936584472656,76.96940612792969,77.86807250976562,42.844139099121094,7600027
2003-03-28,77.48565673828125,78.38432312011719,76.95984649658203,77.2944564819336,42.52851486206055,6955063
2003-03-31,75.77437591552734,76.1089859008789,74.86615753173828,74.98088073730469,41.25557327270508,10636983
2003-04-01,75.04779815673828,76.06118774414062,74.68450927734375,75.26768493652344,41.41335678100586,8223024
2003-04-02,76.38623046875,78.36520385742188,76.38623046875,77.87763214111328,42.849403381347656,10146305
2003-04-03,78.6998062133789,79.80879211425781,78.11663818359375,78.3078384399414,43.08611297607422,10066286
2003-04-04,78.7284927368164,78.91969299316406,76.52007293701172,77.23709106445312,42.49695587158203,9398310
2003-04-07,78.96749877929688,79.25430297851562,76.72084045410156,76.93116760253906,42.32862854003906,9289944
2003-04-08,77.07456970214844,77.15105438232422,75.01911926269531,76.54875946044922,42.118221282958984,8428250
2003-04-09,76.19503021240234,77.18929290771484,75.17208099365234,75.24856567382812,41.40284729003906,8936187
2003-04-10,75.62141418457031,75.76481628417969,74.69407653808594,75.53536987304688,41.560638427734375,7196585
2003-04-11,76.57743835449219,77.71510314941406,75.0,75.28680419921875,41.42387771606445,7921881
2003-04-14,75.04779815673828,76.54875946044922,74.7227554321289,76.54875946044922,42.118221282958984,9420276
2003-04-15,76.54875946044922,79.20649719238281,76.20458984375,79.14913940429688,43.54899215698242,14239721
2003-04-16,79.71319580078125,80.68833923339844,79.1013412475586,79.23518371582031,43.596336364746094,11287072
2003-04-17,78.2887191772461,80.68833923339844,78.2887191772461,80.55449676513672,44.322235107421875,9206997
2003-04-21,80.68833923339844,80.79350280761719,79.44550323486328,79.69407653808594,43.84883117675781,7011756
2003-04-22,79.69407653808594,82.27533721923828,78.96749877929688,81.86424255371094,45.042884826660156,9981560
2003-04-23,81.49139404296875,82.18929290771484,81.22370910644531,81.97896575927734,45.10599899291992,7410387
2003-04-24,80.9273452758789,81.93116760253906,80.90821838378906,81.45315551757812,44.81670379638672,6216901
2003-04-25,81.46271514892578,81.5296401977539,80.17208099365234,80.19120788574219,44.12236785888672,7103072
2003-04-28,80.35372924804688,81.73995971679688,79.94264221191406,81.37667083740234,44.77462387084961,6656326
2003-04-29,81.58699798583984,82.6864242553711,81.23326873779297,81.8929214477539,45.058658599853516,9082313
2003-04-30,81.8929214477539,81.9024887084961,80.95602416992188,81.16635131835938,44.658897399902344,8833365
2003-05-01,81.54875946044922,82.43785858154297,80.75525665283203,82.11280822753906,45.179656982421875,7830042
2003-05-02,80.73613739013672,83.71892547607422,80.73613739013672,83.71892547607422,46.0633659362793,8767467
2003-05-05,83.36520385742188,84.13002014160156,82.71510314941406,82.71510314941406,45.51103973388672,7983595
2003-05-06,82.5047836303711,84.45507049560547,82.21797180175781,83.66156768798828,46.03179931640625,7802742
2003-05-07,83.1261978149414,83.94837188720703,82.69598388671875,82.86807250976562,45.6787223815918,7065312
2003-05-08,82.57170104980469,82.96366882324219,81.97896575927734,82.26577758789062,45.346717834472656,7518857
2003-05-09,83.0783920288086,83.84320831298828,82.60037994384766,83.6998062133789,46.137176513671875,6508840
2003-05-12,83.6998062133789,85.33460998535156,83.26959991455078,85.08604431152344,46.90131378173828,8834202
2003-05-13,84.87571716308594,86.13766479492188,84.66539001464844,86.02294158935547,47.41777801513672,9067042
2003-05-14,86.04206848144531,86.42447662353516,84.41682434082031,84.79923248291016,46.74323272705078,8108801
2003-05-15,85.56405639648438,86.00382232666016,85.08604431152344,85.94646453857422,47.37560272216797,7429633
2003-05-16,85.72657775878906,85.93690490722656,85.03823852539062,85.07648468017578,46.89604568481445,7145854
2003-05-19,84.17781829833984,84.57935333251953,82.60993957519531,82.64818572998047,45.55751037597656,7634126
2003-05-20,82.77246856689453,83.4034423828125,81.15679168701172,81.99808502197266,45.19915008544922,7669167
2003-05-21,81.99808502197266,82.39006042480469,81.33843231201172,82.39006042480469,45.41523742675781,7051086
2003-05-22,82.45697784423828,82.98279571533203,82.02677154541016,82.2944564819336,45.3625373840332,6566056
2003-05-23,81.97896575927734,82.17017364501953,81.35755157470703,81.51051330566406,44.930389404296875,5425811
2003-05-27,80.79350280761719,84.03441619873047,80.79350280761719,83.83364868164062,46.21096420288086,7492916
2003-05-28,83.74761199951172,84.79923248291016,83.55640411376953,83.71892547607422,46.14773941040039,6840735
2003-05-29,83.71892547607422,84.69407653808594,83.36520385742188,83.5181655883789,46.037052154541016,7216249
2003-05-30,83.60420989990234,84.78011322021484,83.60420989990234,84.16825866699219,46.39542007446289,6468673
2003-06-02,85.08604431152344,85.16252136230469,83.41300201416016,83.48948669433594,46.02125930786133,8051271
2003-06-03,80.61185455322266,81.49139404296875,79.57935333251953,80.13384246826172,44.17155456542969,22077504
2003-06-04,80.30592346191406,81.22370910644531,80.14340209960938,80.54492950439453,44.398170471191406,11228182
2003-06-05,80.30592346191406,80.54492950439453,78.15487670898438,78.29827880859375,43.159759521484375,15958090
2003-06-06,78.63288879394531,79.56979370117188,76.32887268066406,76.5296401977539,42.18483352661133,15858301
2003-06-09,76.4818344116211,78.39388275146484,76.3001937866211,78.39388275146484,43.212440490722656,10205090
2003-06-10,78.7284927368164,79.27342224121094,77.63862609863281,78.11663818359375,43.059627532958984,9305216
2003-06-11,79.11090087890625,80.44933319091797,78.67112731933594,80.2772445678711,44.2505989074707,10267327
2003-06-12,81.07074737548828,81.24282836914062,79.87571716308594,80.25812530517578,44.24007034301758,7397730
2003-06-13,80.44933319091797,80.58317565917969,78.88145446777344,79.11090087890625,43.607696533203125,5990965
2003-06-16,79.44550323486328,80.83174133300781,78.91969299316406,80.783935546875,44.52988815307617,6790737
2003-06-17,81.21414947509766,81.21414947509766,80.1147232055664,80.59273529052734,44.42449951171875,6143890
2003-06-18,80.44933319091797,81.25238800048828,79.56022644042969,80.97514343261719,44.635292053222656,6214704
2003-06-19,81.21414947509766,81.53919982910156,80.783935546875,80.83174133300781,44.55624771118164,7611847
2003-06-20,81.26194763183594,81.49139404296875,80.96558380126953,81.18547058105469,44.75122833251953,12447400
2003-06-23,81.06118774414062,81.06118774414062,79.32122039794922,79.52198791503906,43.834285736083984,6601934
2003-06-24,79.3021011352539,80.47801208496094,79.20649719238281,79.95220184326172,44.07141876220703,5295689
2003-06-25,79.87571716308594,80.45889282226562,78.47992706298828,78.86233520507812,43.47065734863281,5803208
2003-06-26,80.01911926269531,80.6692123413086,79.17781829833984,80.64053344726562,44.45085525512695,6667622
2003-06-27,80.44933319091797,80.9273452758789,79.56022644042969,79.75143432617188,43.96077346801758,4741413
2003-06-30,80.2103271484375,80.49713134765625,78.87189483642578,78.87189483642578,43.47593688964844,8316641
2003-07-01,77.82026672363281,79.98088073730469,77.82026672363281,79.91395568847656,44.05034637451172,6051947
2003-07-02,80.25812530517578,81.15679168701172,80.06692504882812,81.01338195800781,44.656375885009766,6286146
2003-07-03,80.54492950439453,80.96558380126953,79.80879211425781,80.25812530517578,44.24007034301758,3147937
2003-07-07,81.07074737548828,82.64818572998047,81.01338195800781,82.30401611328125,45.36779022216797,7965185
2003-07-08,82.30401611328125,82.93498992919922,81.44359588623047,82.45697784423828,45.452117919921875,6144099
2003-07-09,82.3135757446289,82.55258178710938,81.11854553222656,81.7112808227539,45.04106903076172,7018346
2003-07-10,81.26194763183594,81.47227478027344,79.79923248291016,80.33460998535156,44.2822265625,7854623
2003-07-11,80.40152740478516,81.5296401977539,80.01911926269531,81.15679168701172,44.73540496826172,4743296
2003-07-14,82.21797180175781,82.77246856689453,81.66348266601562,81.66348266601562,45.01470947265625,6752139
2003-07-15,82.36137390136719,83.17399597167969,82.04589080810547,82.63862609863281,45.55222702026367,8274278
2003-07-16,83.17399597167969,83.20267486572266,82.07456970214844,82.92543029785156,45.71033477783203,9244130
2003-07-17,79.06309509277344,80.24856567382812,78.87189483642578,79.66539001464844,43.913333892822266,14137422
2003-07-18,80.16252136230469,80.3250503540039,79.55066680908203,80.03823852539062,44.118865966796875,8961291
2003-07-21,79.54110717773438,79.76099395751953,78.59464263916016,78.87189483642578,43.47593688964844,7359761
2003-07-22,78.87189483642578,79.59847259521484,77.93498992919922,78.25048065185547,43.13339614868164,9146538
2003-07-23,78.39388275146484,79.13002014160156,78.13575744628906,78.6806869506836,43.37055206298828,5571833
2003-07-24,79.3021011352539,79.34034729003906,77.92543029785156,77.92543029785156,42.95421600341797,6128619
2003-07-25,78.011474609375,80.05735778808594,77.98279571533203,79.87571716308594,44.02925491333008,6490116
2003-07-28,79.99044036865234,80.01911926269531,78.43212127685547,78.9101333618164,43.497032165527344,6718981
2003-07-29,78.91969299316406,79.23518371582031,78.011474609375,78.20267486572266,43.1070556640625,7617704
2003-07-30,78.82408905029297,78.82408905029297,77.03633117675781,77.39962005615234,42.664398193359375,6960712
2003-07-31,78.20267486572266,78.9101333618164,77.53346252441406,77.67686462402344,42.817203521728516,8420614
2003-08-01,77.58126068115234,77.69598388671875,76.5296401977539,77.69598388671875,42.8277473449707,6773268
2003-08-04,77.1988525390625,77.78202819824219,76.53919982910156,77.56214141845703,42.75395584106445,6158848
2003-08-05,77.56214141845703,77.75334930419922,76.29063415527344,76.33843231201172,42.079429626464844,7340933
2003-08-06,76.19503021240234,77.13192749023438,75.26768493652344,76.24282836914062,42.111122131347656,7815921
2003-08-07,76.18547058105469,77.26577758789062,75.88909912109375,77.14149475097656,42.60747528076172,5542231
2003-08-08,77.48565673828125,77.69598388671875,76.81644439697266,77.32313537597656,42.70780944824219,4826035
2003-08-11,77.3135757446289,77.9158706665039,76.74951934814453,77.45697784423828,42.781734466552734,4457215
2003-08-12,77.86807250976562,77.95410919189453,77.1032485961914,77.92543029785156,43.040462493896484,4847373
2003-08-13,78.05927276611328,78.57552337646484,77.03633117675781,77.62906646728516,42.87676239013672,5374766
2003-08-14,77.43785858154297,78.15487670898438,77.14149475097656,77.97322845458984,43.066856384277344,4772584
2003-08-15,78.20267486572266,78.37476348876953,77.62906646728516,78.193115234375,43.18832015991211,3790286
2003-08-18,78.44168090820312,80.0,78.29827880859375,79.84703826904297,44.10183334350586,7162171
2003-08-19,79.44550323486328,80.12428283691406,78.92925262451172,79.20649719238281,43.748046875,6608942
2003-08-20,78.39388275146484,79.64627075195312,78.39388275146484,79.397705078125,43.85364532470703,5052075
2003-08-21,79.7227554321289,80.16252136230469,79.20649719238281,79.20649719238281,43.748046875,5423719
2003-08-22,80.54492950439453,80.9942626953125,79.31166076660156,79.32122039794922,43.81141662597656,7776905
2003-08-25,79.20649719238281,79.37858581542969,78.15487670898438,78.35564422607422,43.2780876159668,5387841
2003-08-26,78.05927276611328,78.9101333618164,77.69598388671875,78.87189483642578,43.563232421875,5825802
2003-08-27,78.39388275146484,78.90057373046875,78.29827880859375,78.39388275146484,43.299198150634766,4010469
2003-08-28,78.39388275146484,78.71892547607422,77.69598388671875,78.29827880859375,43.24641036987305,5770050
2003-08-29,78.34607696533203,78.4990463256836,77.97322845458984,78.4034423828125,43.304500579833984,4416944
2003-09-02,78.77629089355469,82.17973327636719,78.6806869506836,81.988525390625,45.28464126586914,12977094
2003-09-03,82.44741821289062,83.46080017089844,82.21797180175781,82.53346252441406,45.58562469482422,11334142
2003-09-04,82.53346252441406,84.40726470947266,81.9216079711914,84.04397583007812,46.41990661621094,10343999
2003-09-05,83.17399597167969,84.37858581542969,82.93498992919922,83.1261978149414,45.91298294067383,8259844
2003-09-08,84.56022644042969,85.7170181274414,84.46463012695312,85.181640625,47.04827117919922,9637216
2003-09-09,85.2772445678711,86.01338195800781,85.01911926269531,85.4875717163086,47.21724319458008,8475215
2003-09-10,85.07648468017578,85.08604431152344,83.75717163085938,83.97705841064453,46.38294982910156,7659440
2003-09-11,82.93498992919922,84.53154754638672,82.60037994384766,84.05353546142578,46.42519760131836,10202161
2003-09-12,83.74761199951172,85.0956039428711,83.36520385742188,84.79923248291016,46.83708572387695,7540823
2003-09-15,85.75525665283203,86.00382232666016,84.50286865234375,84.59847259521484,46.7261848449707,7641448
2003-09-16,84.59847259521484,86.43403625488281,84.59847259521484,86.3193130493164,47.67667007446289,8259321
2003-09-17,86.42447662353516,87.8967514038086,86.23326873779297,86.64435577392578,47.8561897277832,9504584
2003-09-18,86.64435577392578,88.36520385742188,86.4818344116211,87.95410919189453,48.57960891723633,8722280
2003-09-19,88.38432312011719,89.35946655273438,87.76290893554688,89.17781829833984,49.2555046081543,9845475
2003-09-22,88.18355560302734,88.18355560302734,86.9024887084961,87.37093353271484,48.257511138916016,7638520
2003-09-23,87.4760971069336,88.04015350341797,86.57743835449219,87.32313537597656,48.231082916259766,8300219
2003-09-24,87.07456970214844,87.78202819824219,85.40152740478516,85.46845245361328,47.206703186035156,7924287
2003-09-25,85.46845245361328,86.96940612792969,85.2772445678711,85.47801208496094,47.21199417114258,6888433
2003-09-26,85.47801208496094,86.17591094970703,85.08604431152344,85.13384246826172,47.02189254760742,5330207
2003-09-29,85.3250503540039,86.21414947509766,85.15296173095703,85.51625061035156,47.23308563232422,5986467
2003-09-30,85.2772445678711,85.3250503540039,84.03441619873047,84.44550323486328,46.64167022705078,7381308
2003-10-01,84.84703826904297,86.61567687988281,84.79923248291016,86.37667083740234,47.70833969116211,8289759
2003-10-02,85.61185455322266,86.47227478027344,85.2963638305664,86.11854553222656,47.56576156616211,7770002
2003-10-03,86.99808502197266,87.90631103515625,86.58699798583984,86.65392303466797,47.86149978637695,7823348
2003-10-06,86.74951934814453,87.72466278076172,86.5296401977539,87.17017364501953,48.14661407470703,4022288
2003-10-07,86.52007293701172,87.66730499267578,86.42447662353516,87.66730499267578,48.42121124267578,5616811
2003-10-08,87.95410919189453,88.78585052490234,87.90631103515625,88.5850830078125,48.9281005859375,6714169
2003-10-09,89.19693756103516,89.48374938964844,88.14531707763672,88.38432312011719,48.817230224609375,7942278
2003-10-10,88.33651733398438,89.08221435546875,88.29827880859375,88.59464263916016,48.93339538574219,4707523
2003-10-13,89.0057373046875,89.42638397216797,88.50860595703125,89.1013412475586,49.21323776245117,5061803
2003-10-14,88.57552337646484,88.86233520507812,88.26004028320312,88.64244842529297,48.95978927612305,4915677
2003-10-15,89.77055358886719,90.38240814208984,88.66156768798828,88.66156768798828,48.97035217285156,12090400
2003-10-16,85.34416961669922,85.75525665283203,84.76099395751953,85.35372924804688,47.14334487915039,17775724
2003-10-17,85.35372924804688,85.73613739013672,84.9043960571289,85.30592346191406,47.116939544677734,9943485
2003-10-20,85.42064666748047,85.46845245361328,84.95220184326172,85.08604431152344,46.99549865722656,7291980
2003-10-21,85.3250503540039,85.41108703613281,84.79923248291016,85.01911926269531,46.95852279663086,5530307
2003-10-22,84.41682434082031,85.0956039428711,84.03441619873047,84.56979370117188,46.71034622192383,5857705
2003-10-23,83.74761199951172,84.5124282836914,83.6806869506836,84.27342224121094,46.546661376953125,6324534
2003-10-24,84.27342224121094,84.74187469482422,83.86233520507812,84.53154754638672,46.68922805786133,5723398
2003-10-27,84.89483642578125,85.181640625,84.17781829833984,84.62715148925781,46.74204635620117,5333763
2003-10-28,85.13384246826172,85.94646453857422,84.62715148925781,85.94646453857422,47.47071838378906,7279114
2003-10-29,85.65965270996094,85.98470306396484,85.22944641113281,85.41108703613281,47.17502212524414,5419012
2003-10-30,86.04206848144531,86.20458984375,85.14340209960938,85.20076751708984,47.05883026123047,6836342
2003-10-31,86.72084045410156,86.72084045410156,85.2772445678711,85.54492950439453,47.248931884765625,5058665
2003-11-03,85.94646453857422,86.84512329101562,85.54492950439453,85.73613739013672,47.35455322265625,6093159
2003-11-04,85.73613739013672,85.85086059570312,84.95220184326172,85.21988677978516,47.06940841674805,5382821
2003-11-05,84.62715148925781,84.97132110595703,84.13002014160156,84.59847259521484,46.7261848449707,6585930
2003-11-06,84.44550323486328,85.65009307861328,83.86233520507812,85.41108703613281,47.260467529296875,5929356
2003-11-07,85.46845245361328,85.65965270996094,84.37858581542969,84.37858581542969,46.689151763916016,5798501
2003-11-10,85.61185455322266,86.49139404296875,85.61185455322266,85.9942626953125,47.58314895629883,8733786
2003-11-11,86.04206848144531,86.07074737548828,84.98088073730469,85.43020629882812,47.27106475830078,5063895
2003-11-12,85.51625061035156,87.15105438232422,85.38240814208984,86.70172119140625,47.974613189697266,6173178
2003-11-13,86.42447662353516,87.45697784423828,86.19503021240234,87.0841293334961,48.18621063232422,5520683
2003-11-14,87.01720428466797,87.39962005615234,85.86042022705078,86.28107452392578,47.74186706542969,4717669
2003-11-17,85.94646453857422,86.0898666381836,85.1147232055664,85.85086059570312,47.503814697265625,4966617
2003-11-18,85.96558380126953,86.21414947509766,84.99044036865234,85.03823852539062,47.054168701171875,5527378
2003-11-19,84.43594360351562,85.8795394897461,84.43594360351562,85.46845245361328,47.29222106933594,4347804
2003-11-20,85.37284851074219,85.84130096435547,84.4933090209961,84.50286865234375,46.757911682128906,5346106
2003-11-21,84.5124282836914,84.94264221191406,84.34990692138672,84.73231506347656,46.88487243652344,6208428
2003-11-24,85.1147232055664,85.79350280761719,85.03823852539062,85.7170181274414,47.42974853515625,4939421
2003-11-25,85.7170181274414,85.8986587524414,85.34416961669922,85.49713134765625,47.3080940246582,4503762
2003-11-26,85.84130096435547,86.12810516357422,85.19120788574219,85.95602416992188,47.5620002746582,4337553
2003-11-28,85.94646453857422,86.6921615600586,85.67877960205078,86.55831909179688,47.895259857177734,2296493
2003-12-01,86.9024887084961,87.34225463867188,86.5009536743164,87.00764465332031,48.14388656616211,5475705
2003-12-02,86.58699798583984,87.45697784423828,86.53919982910156,86.75907897949219,48.00636672973633,5326023
2003-12-03,87.14149475097656,87.41873931884766,86.32887268066406,86.32887268066406,47.768314361572266,6453611
2003-12-04,86.0898666381836,87.41873931884766,86.07074737548828,87.39962005615234,48.36079788208008,5606978
2003-12-05,87.28489685058594,87.28489685058594,86.52007293701172,86.65392303466797,47.94819641113281,6148806
2003-12-08,86.53919982910156,87.44741821289062,86.53919982910156,87.18929290771484,48.24441146850586,5587732
2003-12-09,87.14149475097656,88.1070785522461,86.62523651123047,86.64435577392578,47.94288635253906,7292189
2003-12-10,86.70172119140625,88.66156768798828,86.66348266601562,87.69598388671875,48.52476501464844,7466348
2003-12-11,87.9158706665039,88.88145446777344,87.87763214111328,88.33651733398438,48.87922286987305,6707057
2003-12-12,88.62332916259766,89.06309509277344,88.18355560302734,88.63288879394531,49.04317855834961,5313471
2003-12-15,89.32122039794922,89.83747863769531,88.03059387207031,88.05927276611328,48.72576904296875,6238867
2003-12-16,88.05927276611328,89.98088073730469,87.83938598632812,89.84703826904297,49.714988708496094,7846151
2003-12-17,89.7227554321289,89.74187469482422,88.76673126220703,89.29254150390625,49.408180236816406,6331333
2003-12-18,88.9101333618164,89.27342224121094,88.43212127685547,88.65200805664062,49.05378723144531,7189786
2003-12-19,89.13002014160156,89.14913940429688,88.59464263916016,89.04397583007812,49.2706413269043,7416663
2003-12-22,88.74761199951172,89.38814544677734,88.6998062133789,89.2829818725586,49.40290069580078,4531377
2003-12-23,88.97705841064453,89.3307876586914,88.27915954589844,88.70936584472656,49.085506439208984,3846142
2003-12-24,88.71892547607422,88.71892547607422,88.1261978149414,88.21223449707031,48.810428619384766,1841483
2003-12-26,88.3078384399414,88.9101333618164,88.24092102050781,88.81452941894531,49.143680572509766,1473291
2003-12-29,89.0057373046875,89.6080322265625,88.93881225585938,89.40726470947266,49.47167205810547,4219459
2003-12-30,89.16825866699219,89.38814544677734,88.29827880859375,88.55640411376953,49.00086975097656,4187556
2003-12-31,88.5850830078125,88.76673126220703,88.1070785522461,88.60420989990234,49.02731704711914,4944337
2004-01-02,88.77629089355469,88.95793151855469,87.18929290771484,87.5239028930664,48.42953872680664,5572879
2004-01-05,87.95410919189453,88.99617767333984,87.95410919189453,88.95793151855469,49.223060607910156,5519010
2004-01-06,88.14531707763672,89.09178161621094,88.08795166015625,88.96749877929688,49.228336334228516,4581480
2004-01-07,89.04397583007812,89.27342224121094,88.4034423828125,88.6998062133789,49.080204010009766,5154270
2004-01-08,89.11090087890625,89.11090087890625,87.98279571533203,88.94837188720703,49.21775436401367,6464071
2004-01-09,87.71510314941406,88.2887191772461,86.99808502197266,87.1988525390625,48.249698638916016,8295721
2004-01-12,87.1988525390625,88.08795166015625,87.1988525390625,87.5239028930664,48.42953872680664,5366398
2004-01-13,87.42829895019531,87.48565673828125,85.0956039428711,85.75525665283203,47.45092010498047,9249255
2004-01-14,85.94646453857422,86.4818344116211,85.80306243896484,86.33843231201172,47.773616790771484,5758335
2004-01-15,90.88909912109375,91.44359588623047,89.43594360351562,89.8852767944336,49.73618698120117,20723352
2004-01-16,90.82218170166016,91.15679168701172,90.54492950439453,91.12810516357422,50.423858642578125,9729892
2004-01-20,91.77820587158203,93.15487670898438,91.52007293701172,92.82982635498047,51.36548614501953,9712215
2004-01-21,92.95410919189453,93.7284927368164,92.39006042480469,93.4034423828125,51.68288040161133,7268654
2004-01-22,93.53728485107422,93.84320831298828,93.04015350341797,93.22179412841797,51.58235549926758,4572694
2004-01-23,93.5181655883789,93.8910140991211,92.82982635498047,93.59464263916016,51.78868865966797,5526959
2004-01-26,93.59464263916016,95.45889282226562,93.26959991455078,95.45889282226562,52.82019805908203,6474112
2004-01-27,95.02867889404297,95.28680419921875,94.35946655273438,94.45507049560547,52.26478958129883,5591184
2004-01-28,94.7896728515625,95.04779815673828,93.00191497802734,93.0975112915039,51.51358413696289,6850986
2004-01-29,93.78585052490234,94.26386260986328,92.30401611328125,93.6998062133789,51.84683609008789,6948055
2004-01-30,93.70936584472656,94.96176147460938,93.53728485107422,94.86615753173828,52.49224853515625,6419930
2004-02-02,94.7896728515625,95.54492950439453,94.16825866699219,95.01911926269531,52.576881408691406,6485200
2004-02-03,94.64627075195312,95.602294921875,94.59847259521484,95.602294921875,52.899574279785156,5862098
2004-02-04,95.00955963134766,96.01338195800781,94.93307495117188,95.783935546875,53.00007247924805,8773325
2004-02-05,95.602294921875,95.68833923339844,93.93881225585938,94.5124282836914,52.296485900878906,6249850
2004-02-06,94.50286865234375,94.87571716308594,93.92925262451172,94.58891296386719,52.42366027832031,5770677
2004-02-09,94.94264221191406,95.06692504882812,94.26386260986328,94.59847259521484,52.4289665222168,3914550
2004-02-10,94.1204605102539,95.57361602783203,94.08221435546875,95.22944641113281,52.77867126464844,4244145
2004-02-11,94.83747863769531,95.8986587524414,94.45507049560547,95.56405639648438,52.96411895751953,5758962
2004-02-12,95.65965270996094,95.88909912109375,94.93307495117188,94.93307495117188,52.61441421508789,3777629
2004-02-13,94.74187469482422,95.68833923339844,94.7227554321289,95.3250503540039,52.83167266845703,3726270
2004-02-17,95.59273529052734,95.602294921875,94.95220184326172,95.0,52.65150451660156,4111198
2004-02-18,94.94264221191406,95.38240814208984,93.83364868164062,94.09178161621094,52.14814376831055,5052494
2004-02-19,94.09178161621094,94.86615753173828,93.23136138916016,93.4990463256836,51.81964111328125,5697771
2004-02-20,94.26386260986328,94.26386260986328,92.9158706665039,93.03059387207031,51.56001663208008,5951949
2004-02-23,93.11663818359375,93.22179412841797,91.26194763183594,91.73995971679688,50.84471130371094,6934039
2004-02-24,91.01338195800781,93.17399597167969,91.01338195800781,92.53346252441406,51.28449249267578,7330682
2004-02-25,92.25621032714844,92.82026672363281,91.99808502197266,92.2944564819336,51.152015686035156,3517175
2004-02-26,92.03633117675781,92.98279571533203,92.01720428466797,92.53346252441406,51.28449249267578,4148122
2004-02-27,92.54302215576172,93.0975112915039,91.8738021850586,92.25621032714844,51.13084411621094,4931890
2004-03-01,92.25621032714844,92.97322845458984,91.9216079711914,92.77246856689453,51.416934967041016,4658884
2004-03-02,93.3078384399414,93.3078384399414,92.37093353271484,92.56214141845703,51.30038070678711,5205105
2004-03-03,92.32313537597656,92.62906646728516,91.39579010009766,92.58126068115234,51.310970306396484,5027599
2004-03-04,92.33269500732422,92.65774536132812,91.9024887084961,92.15105438232422,51.072540283203125,3711103
2004-03-05,91.73040008544922,92.71510314941406,91.35755157470703,92.20841217041016,51.10431671142578,4153561
2004-03-08,92.24665069580078,92.61949920654297,90.43020629882812,90.43020629882812,50.11882400512695,5318073
2004-03-09,90.15296173095703,91.0898666381836,89.64627075195312,90.37284851074219,50.08702850341797,6684568
2004-03-10,90.22944641113281,90.57361602783203,88.60420989990234,88.96749877929688,49.30813217163086,6836970
2004-03-11,87.95410919189453,88.8910140991211,87.14149475097656,87.1988525390625,48.327884674072266,8954597
2004-03-12,87.95410919189453,89.27342224121094,87.64818572998047,89.19693756103516,49.435302734375,6579968
2004-03-15,88.52772521972656,88.61376953125,86.88336181640625,87.78202819824219,48.651123046875,6823058
2004-03-16,88.33651733398438,88.62332916259766,87.39962005615234,88.38432312011719,48.984928131103516,4840470
2004-03-17,88.4990463256836,89.66539001464844,88.38432312011719,89.2829818725586,49.48297882080078,4877498
2004-03-18,88.95793151855469,89.08221435546875,87.85850524902344,88.76673126220703,49.19684982299805,4817039
2004-03-19,88.77629089355469,88.88145446777344,87.48565673828125,87.5908203125,48.54514694213867,7383400
2004-03-22,87.25621032714844,87.45697784423828,86.30975341796875,87.01720428466797,48.227230072021484,6509781
2004-03-23,87.57170104980469,88.1070785522461,86.6921615600586,87.30401611328125,48.38618850708008,5298304
2004-03-24,87.54302215576172,88.42256164550781,87.03633117675781,87.73422241210938,48.62460708618164,6496078
2004-03-25,88.0975112915039,88.55640411376953,87.42829895019531,88.32695770263672,48.953125,5842747
2004-03-26,88.32695770263672,89.14913940429688,88.1070785522461,88.69024658203125,49.154483795166016,4599994
2004-03-29,88.90057373046875,89.4933090209961,88.1261978149414,88.60420989990234,49.10680389404297,5100610
2004-03-30,88.59464263916016,88.59464263916016,87.33269500732422,88.26004028320312,48.91603088378906,5664822
2004-03-31,88.02103424072266,88.18355560302734,87.48565673828125,87.8011474609375,48.66169357299805,4825721
2004-04-01,87.63862609863281,88.60420989990234,87.5908203125,88.3078384399414,48.94254684448242,4442257
2004-04-02,89.43594360351562,90.3919677734375,89.22562408447266,90.05735778808594,49.912166595458984,6165647
2004-04-05,89.818359375,90.21988677978516,89.397705078125,90.03823852539062,49.901580810546875,4117056
2004-04-06,89.48374938964844,89.66539001464844,88.92925262451172,89.57935333251953,49.64724349975586,4037665
2004-04-07,89.26386260986328,89.46463012695312,88.44168090820312,88.98661804199219,49.318748474121094,4746016
2004-04-08,89.86615753173828,90.23900604248047,88.47992706298828,89.02485656738281,49.33993911743164,4045928
2004-04-12,89.38814544677734,90.2103271484375,89.29254150390625,89.61759185791016,49.6684455871582,3255780
2004-04-13,89.66539001464844,89.9043960571289,88.43212127685547,88.94837188720703,49.29755401611328,5244226
2004-04-14,88.04971313476562,89.73231506347656,88.04971313476562,89.57935333251953,49.64724349975586,5560850
2004-04-15,89.6749496459961,89.95220184326172,88.96749877929688,89.34034729003906,49.51478958129883,7159033
2004-04-16,88.24092102050781,88.2887191772461,87.03633117675781,88.22179412841797,48.89484786987305,11629428
2004-04-19,87.85850524902344,88.24092102050781,87.66730499267578,87.8967514038086,48.714683532714844,4350732
2004-04-20,87.95410919189453,88.41300201416016,86.66348266601562,86.66348266601562,48.03120422363281,4456169
2004-04-21,87.14149475097656,87.39962005615234,86.70172119140625,87.24665069580078,48.35440444946289,4836076
2004-04-22,86.52007293701172,87.48565673828125,85.75525665283203,86.74951934814453,48.0788688659668,8355448
2004-04-23,86.99808502197266,87.58126068115234,86.38623046875,87.26577758789062,48.3650016784668,5296107
2004-04-26,86.75907897949219,87.53346252441406,86.37667083740234,86.45315551757812,47.91462707519531,4742146
2004-04-27,86.66348266601562,87.94454956054688,86.57743835449219,87.1032485961914,48.274898529052734,4987328
2004-04-28,86.32887268066406,86.97896575927734,86.24282836914062,86.43403625488281,47.904022216796875,4922476
2004-04-29,86.05162811279297,86.29063415527344,84.31166076660156,85.16252136230469,47.19933319091797,8120307
2004-04-30,85.0956039428711,85.2772445678711,84.13957977294922,84.29254150390625,46.717140197753906,5250397
2004-05-03,84.25430297851562,84.62715148925781,83.36520385742188,84.14913940429688,46.637657165527344,6349325
2004-05-04,84.14913940429688,85.79350280761719,84.13002014160156,85.08604431152344,47.15694046020508,5702583
2004-05-05,85.80306243896484,85.80306243896484,84.61759185791016,85.04779815673828,47.1357307434082,4604806
2004-05-06,84.22562408447266,85.181640625,83.73805236816406,84.47418975830078,46.91276168823242,4517779
2004-05-07,83.8910140991211,85.46845245361328,83.76673126220703,84.31166076660156,46.82246780395508,5656140
2004-05-10,83.74761199951172,84.22562408447266,82.57170104980469,83.05927276611328,46.126976013183594,7000250
2004-05-11,83.36520385742188,84.27342224121094,83.00191497802734,83.29827880859375,46.25969314575195,6877450
2004-05-12,83.41300201416016,83.41300201416016,81.37667083740234,82.99235534667969,46.089813232421875,8834307
2004-05-13,82.97322845458984,83.56596374511719,82.46653747558594,83.35564422607422,46.29157638549805,4924986
2004-05-14,82.83938598632812,83.50860595703125,82.28489685058594,82.60993957519531,45.877437591552734,5436899
2004-05-17,81.54875946044922,82.24665069580078,81.40535736083984,81.76863861083984,45.410221099853516,5962200
2004-05-18,82.2944564819336,82.6864242553711,82.21797180175781,82.27533721923828,45.691619873046875,4603551
2004-05-19,83.55640411376953,84.97132110595703,82.69598388671875,83.22179412841797,46.217247009277344,7773663
2004-05-20,83.23136138916016,84.08221435546875,83.22179412841797,83.57552337646484,46.41368103027344,4216949
2004-05-21,83.73805236816406,84.3021011352539,83.08795166015625,83.29827880859375,46.25969314575195,5365980
2004-05-24,83.8910140991211,83.97705841064453,82.74378967285156,83.26959991455078,46.2437858581543,3951893
2004-05-25,82.93498992919922,85.00955963134766,82.74378967285156,84.79923248291016,47.093257904052734,5604573
2004-05-26,84.74187469482422,84.94264221191406,84.16825866699219,84.46463012695312,46.907440185546875,4506377
2004-05-27,84.84703826904297,85.16252136230469,84.11090087890625,84.69407653808594,47.03486633300781,4282952
2004-05-28,84.58891296386719,84.94264221191406,84.36902618408203,84.69407653808594,47.03486633300781,3351175
2004-06-01,84.13002014160156,84.58891296386719,83.46080017089844,84.24474334716797,46.78532791137695,5108978
2004-06-02,84.74187469482422,84.74187469482422,84.02485656738281,84.11090087890625,46.71100616455078,4092580
2004-06-03,83.98661804199219,84.22562408447266,83.50860595703125,83.50860595703125,46.37651062011719,3150029
2004-06-04,84.08221435546875,84.59847259521484,83.65200805664062,83.70936584472656,46.488014221191406,3978356
2004-06-07,84.84703826904297,85.07648468017578,84.13957977294922,84.74187469482422,47.0614128112793,4460667
2004-06-08,84.74187469482422,86.52007293701172,84.5124282836914,86.08030700683594,47.804710388183594,5648714
2004-06-09,85.94646453857422,86.56787872314453,85.86042022705078,86.12810516357422,47.83125686645508,5474136
2004-06-10,86.26194763183594,86.75907897949219,85.93690490722656,86.4818344116211,48.027706146240234,3628260
2004-06-14,86.0898666381836,86.5965576171875,85.67877960205078,86.1089859008789,47.82062911987305,4310984
2004-06-15,86.51051330566406,87.1988525390625,86.26194763183594,86.55831909179688,48.07017135620117,4715682
2004-06-16,86.28107452392578,86.93116760253906,86.12810516357422,86.40535736083984,47.98523712158203,3290402
2004-06-17,86.52007293701172,86.57743835449219,86.1089859008789,86.46271514892578,48.01707458496094,4372489
2004-06-18,86.23326873779297,86.806884765625,85.94646453857422,86.09942626953125,47.815330505371094,6768457
2004-06-21,86.42447662353516,86.45315551757812,85.38240814208984,85.55449676513672,47.5126838684082,4020196
2004-06-22,85.35372924804688,86.2715072631836,85.2103271484375,86.06118774414062,47.794090270996094,4340168
2004-06-23,86.13766479492188,86.84512329101562,85.88909912109375,86.79732513427734,48.20289993286133,4555016
2004-06-24,86.30975341796875,86.9216079711914,85.88909912109375,86.03250122070312,47.778167724609375,4256592
2004-06-25,85.9942626953125,86.26194763183594,85.02867889404297,85.61185455322266,47.5445442199707,5862516
2004-06-28,85.76481628417969,85.94646453857422,84.47418975830078,84.80879211425781,47.098594665527344,4626667
2004-06-29,84.46463012695312,84.59847259521484,84.03441619873047,84.40726470947266,46.87560272216797,4596961
2004-06-30,84.41682434082031,84.6080322265625,83.84320831298828,84.27342224121094,46.8012580871582,4941304
2004-07-01,84.397705078125,84.55066680908203,82.76290893554688,83.65200805664062,46.456146240234375,5328219
2004-07-02,83.60420989990234,83.6998062133789,82.79158782958984,83.21223449707031,46.211910247802734,3006727
2004-07-06,82.69598388671875,82.9158706665039,81.38623046875,81.93116760253906,45.5004768371582,6702873
2004-07-07,81.54875946044922,82.16061401367188,81.30975341796875,81.5965576171875,45.31464767456055,5938456
2004-07-08,81.26194763183594,81.2715072631836,79.9043960571289,79.97132110595703,44.41208267211914,7875334
2004-07-09,80.68833923339844,80.783935546875,79.83747863769531,80.20076751708984,44.53950500488281,6898579
2004-07-12,80.30592346191406,81.5009536743164,79.75143432617188,80.40152740478516,44.6510009765625,6285623
2004-07-13,82.12236785888672,82.30401611328125,81.45315551757812,81.5009536743164,45.261566162109375,6277046
2004-07-14,81.1089859008789,81.49139404296875,80.0956039428711,80.43020629882812,44.666927337646484,6588336
2004-07-15,80.43020629882812,80.90821838378906,79.93307495117188,80.3250503540039,44.60851287841797,7412479
2004-07-16,82.26577758789062,82.67686462402344,80.57361602783203,80.57361602783203,44.74656677246094,10921704
2004-07-19,80.783935546875,82.07456970214844,80.68833923339844,81.54875946044922,45.288124084472656,6899416
2004-07-20,81.86424255371094,82.6864242553711,81.54875946044922,82.56214141845703,45.850914001464844,5911260
2004-07-21,82.93498992919922,83.27915954589844,81.54875946044922,81.54875946044922,45.288124084472656,5788564
2004-07-22,81.26194763183594,82.60037994384766,80.95602416992188,82.27533721923828,45.691619873046875,6247340
2004-07-23,81.93116760253906,82.27533721923828,80.783935546875,81.11854553222656,45.04917526245117,4507632
2004-07-26,81.11854553222656,81.81644439697266,80.79350280761719,81.34799194335938,45.17661666870117,4725305
2004-07-27,81.83556365966797,82.5047836303711,81.6921615600586,82.1032485961914,45.596065521240234,4287031
2004-07-28,82.1032485961914,82.48565673828125,81.14722442626953,82.07456970214844,45.58013916015625,6868245
2004-07-29,82.45697784423828,83.38432312011719,82.43785858154297,82.95410919189453,46.06858444213867,4426986
2004-07-30,82.64818572998047,83.55640411376953,82.5908203125,83.24092102050781,46.22785186767578,3669891
2004-08-02,83.04971313476562,83.54684448242188,82.61949920654297,82.87763214111328,46.026119232177734,3565186
2004-08-03,82.88719177246094,82.98279571533203,81.68260192871094,81.94072723388672,45.50578689575195,4337971
2004-08-04,81.54875946044922,82.83938598632812,81.5009536743164,82.18929290771484,45.64382553100586,4351988
2004-08-05,82.18929290771484,82.61949920654297,81.2715072631836,81.44359588623047,45.22970962524414,4058375
2004-08-06,80.6692123413086,81.03250122070312,79.75143432617188,79.80879211425781,44.41567611694336,5459283
2004-08-09,79.80879211425781,80.26768493652344,79.22562408447266,79.87571716308594,44.45290756225586,3787671
2004-08-10,80.30592346191406,81.25238800048828,80.12428283691406,81.25238800048828,45.21906280517578,4551146
2004-08-11,80.01911926269531,80.28680419921875,79.44550323486328,80.00955963134766,44.52740478515625,5531248
2004-08-12,79.397705078125,79.397705078125,78.29827880859375,78.59464263916016,43.739952087402344,7463105
2004-08-13,78.9101333618164,80.24856567382812,78.88145446777344,80.21988677978516,44.64446258544922,6068787
2004-08-16,80.01911926269531,80.84130096435547,79.83747863769531,80.3250503540039,44.702980041503906,4562129
2004-08-17,80.40152740478516,80.82218170166016,79.98088073730469,80.34416961669922,44.713623046875,3723132
2004-08-18,79.92351531982422,81.38623046875,79.89483642578125,81.38623046875,45.29356002807617,4599785
2004-08-19,81.02294158935547,81.5965576171875,80.73613739013672,81.15679168701172,45.165855407714844,4920907
2004-08-20,80.80306243896484,81.5009536743164,80.80306243896484,81.5009536743164,45.357398986816406,4708464
2004-08-23,81.4818344116211,81.6921615600586,80.9273452758789,80.9273452758789,45.038169860839844,4456588
2004-08-24,81.26194763183594,81.40535736083984,80.64053344726562,80.98470306396484,45.07007598876953,2835078
2004-08-25,81.26194763183594,81.52007293701172,80.83174133300781,81.32887268066406,45.261634826660156,4608258
2004-08-26,81.26194763183594,81.3001937866211,80.96558380126953,80.96558380126953,45.05945587158203,3278582
2004-08-27,80.9273452758789,81.21414947509766,80.86997985839844,81.20458984375,45.192474365234375,2557261
2004-08-30,80.85086059570312,81.25238800048828,80.67877960205078,80.68833923339844,44.905155181884766,2382683
2004-08-31,80.83174133300781,80.96558380126953,79.97132110595703,80.96558380126953,45.05945587158203,3555877
2004-09-01,80.35372924804688,81.34799194335938,80.31549072265625,80.51625061035156,44.809391021728516,4966931
2004-09-02,80.51625061035156,81.05162811279297,80.16252136230469,80.85086059570312,44.99561309814453,3535898
2004-09-03,80.59273529052734,80.96558380126953,80.26768493652344,80.67877960205078,44.899837493896484,3639871
2004-09-07,80.97514343261719,81.68260192871094,80.8795394897461,81.23326873779297,45.20842742919922,4186929
2004-09-08,81.16635131835938,82.7055435180664,81.14722442626953,82.0841293334961,45.681941986083984,5984375
2004-09-09,82.0841293334961,82.97322845458984,82.0841293334961,82.63862609863281,45.990543365478516,4725200
2004-09-10,82.62906646728516,83.17399597167969,82.45697784423828,82.94454956054688,46.16080093383789,3926161
2004-09-13,83.17399597167969,83.44168090820312,82.2944564819336,82.6864242553711,46.01714324951172,5022264
2004-09-14,82.79158782958984,83.05927276611328,82.36137390136719,82.90631103515625,46.1395149230957,4135361
2004-09-15,82.16061401367188,82.69598388671875,82.11280822753906,82.57170104980469,45.95330047607422,4844235
2004-09-16,82.4091796875,83.13575744628906,82.15105438232422,82.33269500732422,45.8203125,3789658
2004-09-17,82.60037994384766,82.69598388671875,81.68260192871094,81.96940612792969,45.618099212646484,6483840
2004-09-20,81.64435577392578,82.62906646728516,81.64435577392578,81.93116760253906,45.596824645996094,4581898
2004-09-21,81.93116760253906,82.32313537597656,81.58699798583984,81.95028686523438,45.607460021972656,4235986
2004-09-22,81.5965576171875,81.68260192871094,80.46845245361328,80.602294921875,44.85729217529297,5268807
2004-09-23,80.34416961669922,80.56405639648438,79.57935333251953,80.19120788574219,44.628501892089844,5022055
2004-09-24,80.1147232055664,81.01338195800781,80.0956039428711,80.7170181274414,44.921119689941406,5124877
2004-09-27,80.40152740478516,80.72657775878906,80.28680419921875,80.45889282226562,44.7774543762207,4864214
2004-09-28,80.64053344726562,80.9273452758789,80.19120788574219,80.76481628417969,44.947715759277344,4052413
2004-09-29,80.76481628417969,81.24282836914062,80.44933319091797,81.24282836914062,45.2137451171875,4397907
2004-09-30,81.39579010009766,82.1988525390625,81.2715072631836,81.96940612792969,45.618099212646484,5437108
2004-10-01,82.17017364501953,83.15487670898438,82.1032485961914,82.90631103515625,46.1395149230957,4746748
2004-10-04,83.17399597167969,84.22562408447266,82.90631103515625,83.32695770263672,46.37362289428711,5231464
2004-10-05,84.08221435546875,84.15869903564453,83.29827880859375,83.47992706298828,46.45877456665039,5387632
2004-10-06,83.3078384399414,84.22562408447266,83.26959991455078,84.16825866699219,46.84183883666992,4167682
2004-10-07,84.16825866699219,84.22562408447266,83.55640411376953,83.57552337646484,46.51195526123047,3218437
2004-10-08,83.5850830078125,84.04397583007812,82.7055435180664,82.8967514038086,46.13418197631836,4278140
2004-10-11,82.95410919189453,83.36520385742188,82.4760971069336,82.82026672363281,46.091636657714844,3155050
2004-10-12,82.23709106445312,82.4091796875,81.81644439697266,82.21797180175781,45.75642776489258,4839424
2004-10-13,82.46653747558594,82.67686462402344,80.7170181274414,81.24282836914062,45.2137451171875,6957364
2004-10-14,81.02294158935547,81.24282836914062,80.59273529052734,81.05162811279297,45.10734176635742,4428450
2004-10-15,81.05162811279297,81.5009536743164,80.8795394897461,81.11854553222656,45.14456558227539,6201211
2004-10-18,80.59273529052734,82.36137390136719,80.58317565917969,82.14149475097656,45.7138557434082,7513000
2004-10-19,84.32122039794922,85.783935546875,84.13002014160156,85.43977355957031,47.54944610595703,14322041
2004-10-20,84.56022644042969,85.26768493652344,84.40726470947266,84.91395568847656,47.2568359375,7245433
2004-10-21,84.5124282836914,84.85659790039062,83.80496978759766,84.22562408447266,46.87373733520508,6419825
2004-10-22,84.34034729003906,84.56022644042969,83.45124053955078,83.54684448242188,46.496002197265625,6264180
2004-10-25,83.5181655883789,84.99044036865234,83.4703598022461,84.54110717773438,47.049320220947266,6040127
2004-10-26,84.44550323486328,85.63097381591797,84.36902618408203,85.08604431152344,47.35261154174805,7673247
2004-10-27,84.68450927734375,86.3001937866211,84.6080322265625,86.04206848144531,47.88465881347656,6312715
2004-10-28,85.85086059570312,86.2715072631836,85.49713134765625,85.56405639648438,47.618629455566406,4420919
2004-10-29,85.46845245361328,85.94646453857422,85.03823852539062,85.80306243896484,47.75162124633789,4726351
2004-11-01,85.40152740478516,86.61567687988281,85.30592346191406,86.14722442626953,47.94318771362305,5397988
2004-11-02,85.61185455322266,87.20841217041016,85.56405639648438,86.49139404296875,48.13472366333008,5636580
2004-11-03,87.23709106445312,87.85850524902344,86.96940612792969,87.18929290771484,48.523101806640625,6854752
2004-11-04,87.04589080810547,88.62332916259766,86.82600402832031,88.31739807128906,49.15092468261719,7271374
2004-11-05,88.33651733398438,89.40726470947266,88.33651733398438,89.17781829833984,49.629783630371094,7016986
2004-11-08,88.43212127685547,89.57935333251953,88.43212127685547,89.26386260986328,49.77370071411133,5133036
2004-11-09,88.9101333618164,89.818359375,88.9101333618164,89.26386260986328,49.77370071411133,4720703
2004-11-10,88.83364868164062,90.15296173095703,88.83364868164062,89.4933090209961,49.90164566040039,6546286
2004-11-11,89.48374938964844,91.03250122070312,89.42638397216797,90.62141418457031,50.53066635131836,7796256
2004-11-12,90.49713134765625,91.3001937866211,90.40152740478516,91.12810516357422,50.81319808959961,5186486
2004-11-15,90.8986587524414,91.77820587158203,90.63097381591797,91.70172119140625,51.13304901123047,5112430
2004-11-16,91.06118774414062,91.3001937866211,90.4875717163086,90.7170181274414,50.58396530151367,5945569
2004-11-17,91.1089859008789,92.38050079345703,91.1089859008789,91.26194763183594,50.887840270996094,6645447
2004-11-18,91.16635131835938,91.49139404296875,90.85086059570312,90.91778564453125,50.69593811035156,4870071
2004-11-19,90.77437591552734,90.97514343261719,90.10516357421875,90.2963638305664,50.34943389892578,5940339
2004-11-22,90.15296173095703,91.20458984375,90.01911926269531,90.9273452758789,50.70127868652344,6081549
2004-11-23,90.53536987304688,91.17591094970703,90.3919677734375,91.0898666381836,50.79190444946289,5784275
2004-11-24,90.86042022705078,91.57743835449219,90.86042022705078,91.26194763183594,50.887840270996094,3923128
2004-11-26,90.86997985839844,91.18547058105469,90.42064666748047,90.55449676513672,50.49338150024414,2305698
2004-11-29,90.76481628417969,92.14149475097656,90.76481628417969,91.3001937866211,50.909183502197266,5961991
2004-11-30,90.96558380126953,91.44359588623047,90.0956039428711,90.0956039428711,50.23747253417969,6140334
2004-12-01,90.34416961669922,91.84512329101562,90.31549072265625,91.66348266601562,51.11174774169922,5925067
2004-12-02,91.44359588623047,92.5239028930664,91.29063415527344,91.54875946044922,51.04774856567383,5389306
2004-12-03,92.30401611328125,93.33651733398438,92.30401611328125,92.81070709228516,51.75145721435547,7350033
2004-12-06,92.61949920654297,93.59464263916016,92.39962005615234,93.37476348876953,52.06593322753906,5505098
2004-12-07,93.4034423828125,93.92925262451172,91.76863861083984,91.8738021850586,51.229007720947266,6775047
2004-12-08,92.18929290771484,93.06883239746094,91.55831909179688,92.39962005615234,51.522216796875,5554992
2004-12-09,91.96940612792969,93.3078384399414,91.5009536743164,93.22179412841797,51.980655670166016,5976530
2004-12-10,91.8738021850586,93.6806869506836,91.8738021850586,92.41873931884766,51.532867431640625,4380962
2004-12-13,92.5908203125,92.92543029785156,91.85468292236328,92.20841217041016,51.41559600830078,5020277
2004-12-14,92.06501007080078,93.4034423828125,92.05545043945312,93.03059387207031,51.87405014038086,4699887
2004-12-15,92.65774536132812,93.4034423828125,92.55258178710938,93.04971313476562,51.88471603393555,4094567
2004-12-16,92.54302215576172,93.83364868164062,92.54302215576172,93.16443634033203,51.94868469238281,5920465
2004-12-17,92.73422241210938,93.69024658203125,91.96940612792969,91.96940612792969,51.28232955932617,9260343
2004-12-20,92.11280822753906,93.27915954589844,92.11280822753906,92.30401611328125,51.46889114379883,4989315
2004-12-21,92.34225463867188,92.87763214111328,92.26577758789062,92.75334930419922,51.71944046020508,5064523
2004-12-22,93.06883239746094,93.67112731933594,93.011474609375,93.31739807128906,52.0339469909668,5177805
2004-12-23,93.21223449707031,93.69024658203125,93.21223449707031,93.42256164550781,52.09260940551758,3755768
2004-12-27,93.39388275146484,93.66156768798828,93.0975112915039,93.21223449707031,51.975318908691406,3412993
2004-12-28,93.11663818359375,94.216064453125,93.08795166015625,93.97705841064453,52.40180206298828,4535874
2004-12-29,93.50860595703125,94.13957977294922,93.4990463256836,93.86233520507812,52.33784484863281,3447930
2004-12-30,93.78585052490234,94.64627075195312,93.75717163085938,93.97705841064453,52.40180206298828,3987770
2004-12-31,94.26386260986328,94.56022644042969,94.15869903564453,94.24474334716797,52.5510368347168,2921687
2005-01-03,94.61759185791016,94.74187469482422,92.97322845458984,93.45124053955078,52.10858917236328,5538779
2005-01-04,93.44168090820312,94.09178161621094,92.27533721923828,92.44741821289062,51.54884338378906,5973706
2005-01-05,92.35181427001953,93.52772521972656,92.16061401367188,92.25621032714844,51.4422607421875,5906448
2005-01-06,92.2944564819336,92.71510314941406,91.82600402832031,91.96940612792969,51.28232955932617,4771538
2005-01-07,92.25621032714844,92.54302215576172,91.2715072631836,91.56787872314453,51.05845642089844,6485932
2005-01-10,91.56787872314453,91.86424255371094,91.05162811279297,91.47227478027344,51.00511169433594,4837855
2005-01-11,91.47227478027344,91.57743835449219,90.54492950439453,90.82218170166016,50.64263153076172,4964734
2005-01-12,90.82218170166016,91.0898666381836,89.92351531982422,91.02294158935547,50.75458908081055,6096716
2005-01-13,91.19503021240234,91.96940612792969,89.57935333251953,90.2963638305664,50.34943389892578,5585012
2005-01-14,89.87571716308594,90.10516357421875,89.43594360351562,89.96176147460938,50.162872314453125,5774757
2005-01-18,89.53154754638672,91.14722442626953,89.50286865234375,90.72657775878906,50.58933639526367,8882737
2005-01-19,90.77437591552734,90.96558380126953,88.84320831298828,89.0057373046875,49.62977981567383,7690924
2005-01-20,88.53728485107422,89.71319580078125,88.52772521972656,88.9101333618164,49.576480865478516,5971196
2005-01-21,88.9101333618164,89.19693756103516,88.17399597167969,88.31739807128906,49.24595642089844,7324720
2005-01-24,88.62332916259766,88.76673126220703,87.72466278076172,87.75334930419922,48.93144226074219,6838016
2005-01-25,87.93498992919922,88.5181655883789,87.90631103515625,88.13575744628906,49.144676208496094,5303952
2005-01-26,88.24092102050781,88.78585052490234,87.8967514038086,87.90631103515625,49.016727447509766,5598192
2005-01-27,87.4760971069336,88.16443634033203,87.41873931884766,87.93498992919922,49.032737731933594,4965257
2005-01-28,88.60420989990234,89.47418975830078,88.41300201416016,88.80496978759766,49.51784896850586,6234788
2005-01-31,89.53154754638672,89.818359375,88.95793151855469,89.31166076660156,49.800384521484375,4978855
2005-02-01,89.55066680908203,89.86615753173828,89.26386260986328,89.73231506347656,50.03491973876953,3804720
2005-02-02,89.65583038330078,90.20076751708984,89.5124282836914,90.15296173095703,50.269493103027344,3762880
2005-02-03,89.74187469482422,89.80879211425781,88.96749877929688,89.42638397216797,49.86431884765625,4109420
2005-02-04,88.91969299316406,90.57361602783203,88.9101333618164,90.35372924804688,50.38141632080078,3982750
2005-02-07,90.20076751708984,90.72657775878906,90.181640625,90.37284851074219,50.39208984375,2968339
2005-02-08,90.06692504882812,90.47801208496094,89.99044036865234,89.99044036865234,50.27457046508789,3703991
2005-02-09,90.0,90.65965270996094,88.4703598022461,88.62332916259766,49.51082992553711,5917327
2005-02-10,88.86233520507812,89.0057373046875,88.24092102050781,88.6806869506836,49.54288101196289,5060966
2005-02-11,88.62332916259766,89.83747863769531,88.43212127685547,89.19693756103516,49.83129119873047,4423848
2005-02-14,89.06309509277344,89.8852767944336,89.06309509277344,89.45507049560547,49.975486755371094,3000765
2005-02-15,89.38814544677734,90.5066909790039,89.36902618408203,90.181640625,50.38139724731445,4338808
2005-02-16,90.08604431152344,90.79350280761719,90.05735778808594,90.45889282226562,50.53628921508789,4671959
2005-02-17,90.34416961669922,90.59273529052734,89.61759185791016,89.62715148925781,50.071632385253906,4449893
2005-02-18,89.62715148925781,90.10516357421875,88.81452941894531,89.16825866699219,49.81526184082031,4461504
2005-02-22,88.59464263916016,89.38814544677734,88.17399597167969,88.26004028320312,49.3078727722168,5047055
2005-02-23,88.23136138916016,88.37476348876953,87.5239028930664,88.04971313476562,49.190372467041016,5881449
2005-02-24,87.93498992919922,88.99617767333984,87.81070709228516,88.56596374511719,49.478759765625,4344979
2005-02-25,88.2887191772461,88.71892547607422,88.23136138916016,88.71892547607422,49.56422424316406,4266111
2005-02-28,88.46080017089844,88.6806869506836,88.34607696533203,88.50860595703125,49.44671630859375,5177491
2005-03-01,88.56596374511719,89.32122039794922,88.5181655883789,89.19693756103516,49.83129119873047,3995615
2005-03-02,88.67112731933594,89.6080322265625,88.67112731933594,88.83364868164062,49.628318786621094,4672900
2005-03-03,89.05353546142578,89.11090087890625,88.14531707763672,88.34607696533203,49.35593795776367,4223539
2005-03-04,88.85277557373047,89.08221435546875,88.29827880859375,88.3078384399414,49.33457946777344,4972684
2005-03-07,88.2887191772461,88.44168090820312,87.56214141845703,87.57170104980469,48.92331314086914,7371057
2005-03-08,87.66730499267578,88.48948669433594,87.66730499267578,88.0783920288086,49.206382751464844,5321839
2005-03-09,87.97322845458984,88.9101333618164,87.96366882324219,88.2887191772461,49.323890686035156,4718715
2005-03-10,88.2887191772461,88.71892547607422,88.04015350341797,88.34607696533203,49.35593795776367,3579935
2005-03-11,88.193115234375,88.34607696533203,87.18929290771484,87.48565673828125,48.875247955322266,4701038
2005-03-14,87.4760971069336,87.99235534667969,87.4760971069336,87.85850524902344,49.08352279663086,4116533
2005-03-15,87.95410919189453,88.21223449707031,87.18929290771484,87.36137390136719,48.80581283569336,3831603
2005-03-16,86.74951934814453,87.38050079345703,86.28107452392578,86.66348266601562,48.41592788696289,5298304
2005-03-17,86.51051330566406,86.6921615600586,85.75525665283203,85.90821838378906,47.99397277832031,5817957
2005-03-18,85.90821838378906,85.94646453857422,85.17208099365234,85.35372924804688,47.684226989746094,7888409
2005-03-21,85.4875717163086,86.30975341796875,85.34416961669922,85.57361602783203,47.80705261230469,4604910
2005-03-22,85.6692123413086,86.36711120605469,85.33460998535156,85.56405639648438,47.80173110961914,4657315
2005-03-23,86.01338195800781,87.16061401367188,85.86997985839844,86.53919982910156,48.34646987915039,5723817
2005-03-24,86.806884765625,87.5239028930664,86.7112808227539,86.7112808227539,48.44264602661133,4787647
2005-03-28,86.72084045410156,87.60037994384766,86.63479614257812,87.03633117675781,48.62422180175781,4276989
2005-03-29,86.74951934814453,87.06501007080078,86.21414947509766,86.61567687988281,48.389217376708984,6349638
2005-03-30,86.34799194335938,86.88336181640625,86.34799194335938,86.6921615600586,48.43195343017578,5495579
2005-03-31,86.4818344116211,87.39006042480469,86.25238800048828,87.36137390136719,48.80581283569336,4621856
2005-04-01,87.46653747558594,87.72466278076172,86.08030700683594,86.46271514892578,48.30376434326172,5984375
2005-04-04,86.11854553222656,86.63479614257812,85.82218170166016,86.34799194335938,48.23967361450195,3909739
2005-04-05,86.26194763183594,86.35755157470703,85.33460998535156,85.63097381591797,47.83909225463867,4778546
2005-04-06,85.13384246826172,85.44933319091797,84.80879211425781,85.08604431152344,47.53467559814453,8197293
2005-04-07,85.08604431152344,85.2772445678711,84.22562408447266,84.55066680908203,47.235565185546875,6648062
2005-04-08,84.397705078125,84.56979370117188,83.65200805664062,83.74761199951172,46.78694534301758,5417443
2005-04-11,83.50860595703125,83.70936584472656,82.30401611328125,82.4091796875,46.0391960144043,8678139
2005-04-12,82.12236785888672,82.44741821289062,81.42447662353516,81.97896575927734,45.798858642578125,8817466
2005-04-13,81.988525390625,82.18929290771484,80.53536987304688,80.85086059570312,45.168617248535156,7416872
2005-04-14,80.79350280761719,81.65392303466797,79.79923248291016,79.96176147460938,44.671913146972656,10900575
2005-04-15,75.52581024169922,76.15679168701172,72.97322845458984,73.32695770263672,40.96525573730469,29189990
2005-04-18,73.75717163085938,74.3307876586914,72.79158782958984,73.27915954589844,40.938568115234375,13864730
2005-04-19,73.59464263916016,73.80496978759766,71.94072723388672,72.16061401367188,40.313663482666016,9685855
2005-04-20,72.16061401367188,72.53346252441406,68.69024658203125,68.84320831298828,38.46035385131836,21303150
2005-04-21,69.7896728515625,70.84130096435547,69.59847259521484,70.77437591552734,39.53922653198242,16970722
2005-04-22,70.96558380126953,71.4149169921875,70.03823852539062,70.94646453857422,39.635353088378906,11489682
2005-04-25,71.79732513427734,72.39006042480469,70.79350280761719,71.32887268066406,39.8489990234375,10689492
2005-04-26,71.39579010009766,73.59464263916016,71.36711120605469,72.11280822753906,40.286964416503906,13058578
2005-04-27,72.27533721923828,73.78585052490234,72.17973327636719,73.66156768798828,41.15220260620117,12166444
2005-04-28,73.66156768798828,73.71892547607422,72.32313537597656,72.57170104980469,40.54331588745117,9026143
2005-04-29,73.66156768798828,73.69024658203125,72.57170104980469,73.02103424072266,40.79436111450195,8522494
2005-05-02,73.4990463256836,73.8910140991211,72.6864242553711,73.14531707763672,40.86378479003906,7565195
2005-05-03,73.4034423828125,73.57552337646484,72.5908203125,73.1070785522461,40.8424186706543,6481330
2005-05-04,73.23136138916016,73.80496978759766,73.13575744628906,73.69024658203125,41.168209075927734,5765866
2005-05-05,74.56979370117188,74.6749496459961,72.01720428466797,72.17973327636719,40.324344635009766,12940903
2005-05-06,72.23709106445312,72.58126068115234,71.67304229736328,71.95028686523438,40.302913665771484,8106814
2005-05-09,71.95028686523438,72.14149475097656,71.42447662353516,71.68260192871094,40.15298080444336,5875068
2005-05-10,71.46271514892578,71.47227478027344,69.82791900634766,70.07648468017578,39.25331497192383,8349381
2005-05-11,70.3919677734375,70.44933319091797,69.32122039794922,70.05735778808594,39.24260330200195,7233822
2005-05-12,70.2963638305664,70.55449676513672,69.31166076660156,69.42638397216797,38.889156341552734,6340747
2005-05-13,69.34034729003906,70.61185455322266,69.3307876586914,69.94264221191406,39.1783447265625,7479528
2005-05-16,69.87571716308594,71.21414947509766,69.87571716308594,71.07074737548828,39.81026077270508,5754569
2005-05-17,70.67877960205078,71.15679168701172,70.10516357421875,71.02294158935547,39.78347396850586,5371838
2005-05-18,71.70172119140625,73.44168090820312,71.40535736083984,73.00191497802734,40.89200210571289,10783842
2005-05-19,73.13575744628906,74.22562408447266,73.011474609375,73.76673126220703,41.32040786743164,7353798
2005-05-20,73.88145446777344,73.88145446777344,73.00191497802734,73.04971313476562,40.91878128051758,6620971
2005-05-23,72.94454956054688,73.56596374511719,72.65774536132812,73.14531707763672,40.97233963012695,4978751
2005-05-24,72.79158782958984,73.14531707763672,72.23709106445312,72.4760971069336,40.59745788574219,5921092
2005-05-25,72.1032485961914,72.6864242553711,71.86424255371094,72.65774536132812,40.69919967651367,5735636
2005-05-26,73.08795166015625,74.0057373046875,72.93498992919922,73.74761199951172,41.30970764160156,6100272
2005-05-27,73.71892547607422,73.84320831298828,73.16443634033203,73.70936584472656,41.28827667236328,3309439
2005-05-31,73.90057373046875,74.0057373046875,72.17973327636719,72.22753143310547,40.458221435546875,6714274
2005-06-01,72.24665069580078,74.09178161621094,72.24665069580078,73.46080017089844,41.1490478515625,7720108
2005-06-02,73.37476348876953,73.98661804199219,73.3078384399414,73.94837188720703,41.422142028808594,4210778
2005-06-03,73.67112731933594,73.70936584472656,72.4091796875,72.45697784423828,40.586761474609375,6432795
2005-06-06,72.46653747558594,72.56214141845703,71.62523651123047,71.70172119140625,40.16370391845703,6253616
2005-06-07,71.70172119140625,72.74378967285156,71.70172119140625,71.73995971679688,40.18510055541992,5467024
2005-06-08,71.73995971679688,72.0841293334961,71.34799194335938,71.51051330566406,40.05659103393555,4476880
2005-06-09,71.3001937866211,72.15105438232422,70.96558380126953,71.63479614257812,40.12621307373047,4626667
2005-06-10,71.46271514892578,71.74951934814453,70.84130096435547,71.4818344116211,40.040504455566406,5121007
2005-06-13,71.22370910644531,72.5908203125,71.17591094970703,71.74951934814453,40.190467834472656,5978622
2005-06-14,71.74951934814453,72.11280822753906,71.44359588623047,71.5965576171875,40.104801177978516,4513385
2005-06-15,72.37093353271484,73.13575744628906,71.84512329101562,72.94454956054688,40.85986328125,7430366
2005-06-16,73.04015350341797,73.85277557373047,72.95410919189453,73.66156768798828,41.26149368286133,8200640
2005-06-17,74.2829818725586,74.31166076660156,73.02103424072266,73.03059387207031,40.90806579589844,8989115
2005-06-20,72.6864242553711,73.59464263916016,72.24665069580078,73.18355560302734,40.99374008178711,3917898
2005-06-21,73.32695770263672,73.61376953125,72.76290893554688,73.04971313476562,40.91878128051758,5584699
2005-06-22,73.45124053955078,74.08221435546875,73.29827880859375,73.83364868164062,41.35789108276367,5906030
2005-06-23,73.43212127685547,73.5850830078125,71.75907897949219,72.09368896484375,40.38325119018555,8123968
2005-06-24,71.86424255371094,72.0841293334961,70.74569702148438,70.75525665283203,39.63353729248047,11288537
2005-06-27,70.75525665283203,71.4818344116211,70.26768493652344,70.63097381591797,39.563907623291016,6788331
2005-06-28,70.58317565917969,71.988525390625,70.21988677978516,71.988525390625,40.324337005615234,8565485
2005-06-29,71.95028686523438,72.35181427001953,71.33843231201172,71.44359588623047,40.019100189208984,5772979
2005-06-30,71.51051330566406,72.17017364501953,70.8126220703125,70.93690490722656,39.735294342041016,6408842
2005-07-01,71.03250122070312,72.01720428466797,71.03250122070312,71.38623046875,39.986968994140625,4553343
2005-07-05,71.1089859008789,71.67304229736328,70.8986587524414,71.5009536743164,40.05123519897461,5420163
2005-07-06,71.51051330566406,72.8011474609375,71.12810516357422,72.4760971069336,40.59745788574219,8377728
2005-07-07,71.84512329101562,74.1204605102539,71.70172119140625,73.97705841064453,41.438232421875,11252031
2005-07-08,73.97705841064453,76.02294158935547,73.74761199951172,75.8126220703125,42.46641159057617,14058763
2005-07-11,75.90821838378906,76.02294158935547,75.06692504882812,75.4875717163086,42.28434753417969,7517288
2005-07-12,75.7170181274414,76.95028686523438,75.6978988647461,76.52007293701172,42.86268615722656,11448993
2005-07-13,77.5908203125,78.15487670898438,77.5908203125,77.86807250976562,43.617767333984375,11861640
2005-07-14,78.39388275146484,79.03441619873047,78.39388275146484,78.79541015625,44.13723373413086,8939325
2005-07-15,78.80496978759766,79.11090087890625,77.93498992919922,78.75717163085938,44.11579895019531,7995729
2005-07-18,78.38432312011719,80.24856567382812,78.08795166015625,78.21223449707031,43.810550689697266,9106058
2005-07-19,80.9942626953125,81.36711120605469,80.01911926269531,80.01911926269531,44.82266616821289,14800586
2005-07-20,79.54110717773438,81.22370910644531,79.34034729003906,80.8795394897461,45.30465316772461,9752067
2005-07-21,80.8795394897461,81.21414947509766,79.73231506347656,80.68833923339844,45.19755172729492,8645504
2005-07-22,80.28680419921875,80.90821838378906,80.17208099365234,80.72657775878906,45.21895980834961,4780638
2005-07-25,80.28680419921875,80.80306243896484,80.22944641113281,80.49713134765625,45.090431213378906,4662859
2005-07-26,80.44933319091797,80.64053344726562,80.16252136230469,80.42064666748047,45.047576904296875,4751873
2005-07-27,80.1147232055664,80.43020629882812,79.16825866699219,80.181640625,44.913719177246094,5085861
2005-07-28,79.87571716308594,80.2772445678711,79.6080322265625,80.1147232055664,44.8762321472168,6474426
2005-07-29,79.63671112060547,80.25812530517578,79.56022644042969,79.7896728515625,44.69416046142578,4529494
2005-08-01,79.34990692138672,80.16252136230469,79.20649719238281,79.76099395751953,44.678077697753906,3832858
2005-08-02,79.6080322265625,80.17208099365234,79.38814544677734,79.64627075195312,44.61381530761719,5628212
2005-08-03,79.64627075195312,80.49713134765625,79.45507049560547,80.36328887939453,45.015464782714844,4451985
2005-08-04,80.06692504882812,80.20076751708984,79.3307876586914,79.46463012695312,44.5120849609375,5491395
2005-08-05,79.11090087890625,80.05735778808594,79.09178161621094,79.69407653808594,44.64060974121094,3885472
2005-08-08,79.74187469482422,80.20076751708984,79.36902618408203,79.69407653808594,44.74796676635742,4627818
2005-08-09,79.73231506347656,80.25812530517578,79.29254150390625,79.82791900634766,44.823116302490234,3968001
2005-08-10,79.97132110595703,80.31549072265625,78.36520385742188,78.41300201416016,44.028663635253906,5650910
2005-08-11,78.32695770263672,79.11090087890625,78.03059387207031,79.02485656738281,44.37217330932617,4780638
2005-08-12,78.53728485107422,78.94837188720703,78.45124053955078,78.57552337646484,44.11991882324219,4579597
2005-08-15,78.29827880859375,79.29254150390625,78.02103424072266,78.87189483642578,44.28630828857422,3588931
2005-08-16,78.46080017089844,78.80496978759766,77.5239028930664,77.72466278076172,43.64214324951172,4610140
2005-08-17,77.82026672363281,78.33651733398438,77.28489685058594,77.72466278076172,43.64214324951172,5076238
2005-08-18,77.53346252441406,78.39388275146484,77.24665069580078,77.58126068115234,43.56162643432617,3884112
2005-08-19,77.78202819824219,79.63671112060547,77.78202819824219,79.1204605102539,44.42587661743164,6779126
2005-08-22,79.11090087890625,79.68450927734375,78.25048065185547,78.96749877929688,44.34001922607422,5394431
2005-08-23,79.06309509277344,79.48374938964844,78.011474609375,78.42256164550781,44.034034729003906,4184314
2005-08-24,77.94454956054688,78.77629089355469,77.65774536132812,77.74378967285156,43.65290451049805,4620810
2005-08-25,77.86807250976562,77.86807250976562,77.17017364501953,77.53346252441406,43.5348014831543,3771981
2005-08-26,77.25621032714844,77.45697784423828,76.73040008544922,76.84512329101562,43.14830780029297,5260648
2005-08-29,76.4818344116211,78.15487670898438,76.38623046875,77.76290893554688,43.66363525390625,4210464
2005-08-30,77.43785858154297,77.43785858154297,76.46271514892578,76.99808502197266,43.234188079833984,5935213
2005-08-31,76.81644439697266,77.23709106445312,76.35755157470703,77.07456970214844,43.27711868286133,5649237
2005-09-01,76.63479614257812,76.78776550292969,75.85086059570312,76.04206848144531,42.69737243652344,6684568
2005-09-02,76.00382232666016,76.49139404296875,75.96558380126953,75.96558380126953,42.654422760009766,3849908
2005-09-06,76.19503021240234,77.61949920654297,76.19503021240234,77.45697784423828,43.49185562133789,6595553
2005-09-07,77.15105438232422,77.56214141845703,76.78776550292969,77.41873931884766,43.47037887573242,4305650
2005-09-08,77.7055435180664,77.93498992919922,76.95984649658203,77.24665069580078,43.373748779296875,4474056
2005-09-09,77.30401611328125,77.90631103515625,76.97896575927734,77.85850524902344,43.717308044433594,4165381
2005-09-12,77.46653747558594,78.4990463256836,77.43785858154297,77.8967514038086,43.73876953125,3862669
2005-09-13,77.90631103515625,77.90631103515625,76.97896575927734,77.1988525390625,43.346923828125,5272781
2005-09-14,77.1988525390625,77.82026672363281,76.88336181640625,76.94072723388672,43.20197677612305,4066534
2005-09-15,76.8929214477539,77.1032485961914,76.16635131835938,76.49139404296875,42.94968032836914,5087849
2005-09-16,76.84512329101562,76.95984649658203,76.3193130493164,76.79732513427734,43.1214599609375,7975645
2005-09-19,76.23326873779297,76.46271514892578,75.53536987304688,75.93690490722656,42.63833999633789,5385331
2005-09-20,75.783935546875,76.14722442626953,75.17208099365234,75.23900604248047,42.24646759033203,7449926
2005-09-21,74.56979370117188,75.00955963134766,73.96749877929688,74.14913940429688,41.63449478149414,7453796
2005-09-22,74.14913940429688,75.04779815673828,73.90057373046875,74.77055358886719,41.983421325683594,7186438
2005-09-23,74.2829818725586,74.6749496459961,74.09178161621094,74.56979370117188,41.87070846557617,5684592
2005-09-26,74.86615753173828,74.96176147460938,73.54684448242188,74.0057373046875,41.55399703979492,5683127
2005-09-27,73.77629089355469,75.14340209960938,73.76673126220703,74.56022644042969,41.86532211303711,5752582
2005-09-28,74.62715148925781,76.22370910644531,74.62715148925781,76.00382232666016,42.675926208496094,8104094
2005-09-29,75.76481628417969,77.00764465332031,75.40152740478516,76.82600402832031,43.13755798339844,6171086
2005-09-30,76.5009536743164,76.95984649658203,76.45315551757812,76.6921615600586,43.06239700317383,5791179
2005-10-03,76.6921615600586,77.05545043945312,76.00382232666016,76.91204833984375,43.185874938964844,5541290
2005-10-04,77.1032485961914,77.88719177246094,76.4149169921875,76.58699798583984,43.00335693359375,6657895
2005-10-05,76.58699798583984,77.13192749023438,76.06118774414062,76.30975341796875,42.84768295288086,5228745
2005-10-06,76.30975341796875,76.73995971679688,75.23900604248047,76.19503021240234,42.78324890136719,8504189
2005-10-07,76.72084045410156,77.55258178710938,76.56787872314453,76.95984649658203,43.21270751953125,6412085
2005-10-10,77.66730499267578,78.48948669433594,77.51434326171875,77.67686462402344,43.61530685424805,8245513
2005-10-11,78.63288879394531,79.84703826904297,78.36520385742188,79.53154754638672,44.65671920776367,10231240
2005-10-12,79.11090087890625,79.2829818725586,78.34607696533203,78.57552337646484,44.11991882324219,7929517
2005-10-13,78.1070785522461,79.54110717773438,78.1070785522461,78.5850830078125,44.12527084350586,5785008
2005-10-14,78.96749877929688,79.0726547241211,78.011474609375,78.7284927368164,44.20579528808594,5830090
2005-10-17,78.73805236816406,79.34034729003906,78.32695770263672,78.95793151855469,44.33464431762695,8331181
2005-10-18,80.62141418457031,80.8795394897461,79.68450927734375,79.80879211425781,44.81238555908203,12599384
2005-10-19,78.78585052490234,80.49713134765625,78.75717163085938,80.46845245361328,45.18278121948242,7847720
2005-10-20,80.30592346191406,80.4875717163086,79.23518371582031,79.5124282836914,44.64595413208008,6017324
2005-10-21,79.42638397216797,80.30592346191406,79.26386260986328,79.66539001464844,44.73186492919922,6297652
2005-10-24,79.4933090209961,79.93307495117188,78.96749877929688,79.79923248291016,44.8070182800293,5734381
2005-10-25,79.42638397216797,80.25812530517578,79.0726547241211,79.69407653808594,44.74796676635742,5641392
2005-10-26,79.32122039794922,80.181640625,79.08221435546875,79.24474334716797,44.49565887451172,4467257
2005-10-27,78.90057373046875,79.2829818725586,78.63288879394531,78.69024658203125,44.1843147277832,3876267
2005-10-28,78.6998062133789,78.80496978759766,76.95984649658203,77.83938598632812,43.706565856933594,7260600
2005-10-31,77.92543029785156,78.6806869506836,77.72466278076172,78.27915954589844,43.95348358154297,7877635
2005-11-01,78.25048065185547,78.53728485107422,77.71510314941406,78.00191497802734,43.7978401184082,5913143
2005-11-02,77.62906646728516,78.2887191772461,77.09368896484375,77.4952163696289,43.51331329345703,6743980
2005-11-03,77.96366882324219,79.37858581542969,77.73422241210938,79.22562408447266,44.484920501708984,8044681
2005-11-04,79.26386260986328,79.63671112060547,79.01529693603516,79.34990692138672,44.55473709106445,4007644
2005-11-07,79.44550323486328,80.16252136230469,79.41682434082031,79.93307495117188,44.88217544555664,4660035
2005-11-08,79.74187469482422,80.2103271484375,79.45507049560547,79.4933090209961,44.74226379394531,3972708
2005-11-09,79.0726547241211,79.66539001464844,78.86233520507812,79.19693756103516,44.57548522949219,4117265
2005-11-10,79.06309509277344,80.59273529052734,78.6806869506836,80.2963638305664,45.194278717041016,4949672
2005-11-11,80.49713134765625,81.1089859008789,80.44933319091797,80.83174133300781,45.49559020996094,5064000
2005-11-14,80.54492950439453,81.26194763183594,80.41108703613281,80.65009307861328,45.39335632324219,4095404
2005-11-15,80.33460998535156,82.12236785888672,80.33460998535156,81.76863861083984,46.02292251586914,7145017
2005-11-16,81.6921615600586,82.77246856689453,81.63479614257812,82.73422241210938,46.56640625,7002029
2005-11-17,82.39006042480469,83.15487670898438,81.988525390625,83.06883239746094,46.754722595214844,5537106
2005-11-18,84.13002014160156,84.13002014160156,83.33651733398438,83.9101333618164,47.22825622558594,8353147
2005-11-21,83.74761199951172,84.0057373046875,83.18355560302734,83.45124053955078,46.969966888427734,5029063
2005-11-22,83.05927276611328,84.20649719238281,83.05927276611328,84.1204605102539,47.34663009643555,6052784
2005-11-23,84.24474334716797,85.45889282226562,84.08221435546875,84.89483642578125,47.78246307373047,5647668
2005-11-25,85.03823852539062,85.3919677734375,84.7227554321289,84.89483642578125,47.78246307373047,2300468
2005-11-28,84.89483642578125,85.49713134765625,84.84703826904297,85.19120788574219,47.94928741455078,5437003
2005-11-29,85.25812530517578,85.98470306396484,85.10516357421875,85.181640625,47.94390106201172,5383762
2005-11-30,85.13384246826172,85.6978988647461,84.82791900634766,84.99044036865234,47.836299896240234,6298489
2005-12-01,85.22944641113281,85.79350280761719,85.13384246826172,85.28680419921875,48.00310134887695,4883251
2005-12-02,85.08604431152344,85.22944641113281,84.47418975830078,84.75143432617188,47.70177459716797,4948103
2005-12-05,84.5124282836914,84.75143432617188,83.85277557373047,84.54110717773438,47.5833740234375,4208686
2005-12-06,84.66539001464844,85.88909912109375,84.66539001464844,85.21988677978516,47.96543884277344,5095589
2005-12-07,85.08604431152344,85.96558380126953,84.56022644042969,84.818359375,47.73942947387695,5527064
2005-12-08,84.6749496459961,85.0,82.85850524902344,83.65200805664062,47.08296203613281,6053202
2005-12-09,82.98279571533203,83.26959991455078,82.53346252441406,83.14531707763672,46.79775619506836,6759043
2005-12-12,83.18355560302734,83.50860595703125,81.988525390625,82.17973327636719,46.254295349121094,6322129
2005-12-13,80.783935546875,81.16635131835938,79.82791900634766,80.02867889404297,45.043609619140625,13122384
2005-12-14,79.97132110595703,80.25812530517578,79.3021011352539,79.47418975830078,44.73147964477539,7491243
2005-12-15,79.23518371582031,79.95220184326172,79.11090087890625,79.85659790039062,44.946754455566406,6439071
2005-12-16,80.20076751708984,80.30592346191406,79.34990692138672,79.7036361694336,44.86064147949219,7738517
2005-12-19,79.56979370117188,79.92351531982422,79.01529693603516,79.1204605102539,44.53240203857422,5214728
2005-12-20,79.3021011352539,79.44550323486328,78.45124053955078,78.85277557373047,44.38174057006836,5518905
2005-12-21,78.83364868164062,80.30592346191406,78.83364868164062,79.46463012695312,44.726131439208984,7161753
2005-12-22,78.97705841064453,79.56979370117188,78.6806869506836,79.56022644042969,44.77992630004883,6875986
2005-12-23,80.30592346191406,80.49713134765625,79.7227554321289,79.80879211425781,44.919837951660156,3782545
2005-12-27,79.80879211425781,80.783935546875,79.24474334716797,79.34034729003906,44.656166076660156,4579179
2005-12-28,79.44550323486328,79.89483642578125,79.15869903564453,79.38814544677734,44.683067321777344,4013293
2005-12-29,79.15869903564453,79.40726470947266,78.60420989990234,78.77629089355469,44.338706970214844,4140486
2005-12-30,78.25048065185547,78.86233520507812,77.97322845458984,78.5850830078125,44.231075286865234,5699654
2006-01-03,78.82408905029297,78.91969299316406,77.25621032714844,78.45124053955078,44.15574645996094,12253995
2006-01-04,78.5850830078125,78.87189483642578,77.75334930419922,78.34607696533203,44.09656524658203,10285109
2006-01-05,77.82026672363281,79.25430297851562,77.67686462402344,78.87189483642578,44.39250183105469,7545216
2006-01-06,80.25812530517578,81.29063415527344,79.74187469482422,81.21414947509766,45.71083450317383,8573957
2006-01-09,80.2103271484375,80.54492950439453,79.71319580078125,80.04779815673828,45.05436706542969,7166251
2006-01-10,79.4933090209961,80.42064666748047,79.46463012695312,80.37284851074219,45.23731231689453,5962200
2006-01-11,80.65965270996094,81.08030700683594,79.73231506347656,80.46845245361328,45.29111862182617,6042114
2006-01-12,80.13384246826172,80.26768493652344,79.73231506347656,79.89483642578125,44.968257904052734,5150609
2006-01-13,79.34990692138672,79.78011322021484,78.87189483642578,79.5124282836914,44.75300598144531,7239994
2006-01-17,79.15869903564453,79.50286865234375,78.9101333618164,79.34990692138672,44.66156768798828,9119446
2006-01-18,80.30592346191406,80.97514343261719,79.84703826904297,80.1147232055664,45.09202575683594,11490101
2006-01-19,80.43977355957031,80.67877960205078,79.36902618408203,79.43594360351562,44.70997619628906,6781741
2006-01-20,79.38814544677734,79.397705078125,77.67686462402344,77.78202819824219,43.779075622558594,9001667
2006-01-23,77.75334930419922,78.31739807128906,77.36137390136719,77.82982635498047,43.80598449707031,6395349
2006-01-24,77.81070709228516,78.53728485107422,77.24665069580078,77.2944564819336,43.50465774536133,6348174
2006-01-25,77.48565673828125,78.03059387207031,77.06501007080078,77.35181427001953,43.53694152832031,6667518
2006-01-26,77.9158706665039,78.05927276611328,77.04589080810547,77.17017364501953,43.43470764160156,8169469
2006-01-27,77.1988525390625,78.17399597167969,77.1988525390625,77.45697784423828,43.59613800048828,6384156
2006-01-30,76.68260192871094,78.21223449707031,76.68260192871094,78.04015350341797,43.92436218261719,5570055
2006-01-31,77.9158706665039,78.39388275146484,77.60037994384766,77.72466278076172,43.746788024902344,7083094
2006-02-01,77.34225463867188,78.62332916259766,77.1032485961914,78.33651733398438,44.09116744995117,5668588
2006-02-02,77.86807250976562,78.00191497802734,77.34225463867188,77.65774536132812,43.709129333496094,6483108
2006-02-03,77.00764465332031,77.21797180175781,76.21414947509766,76.45315551757812,43.03114318847656,10305192
2006-02-06,76.42447662353516,76.43403625488281,75.45889282226562,76.01338195800781,42.78361129760742,10008651
2006-02-07,76.00382232666016,76.66348266601562,75.8126220703125,76.33843231201172,42.96657180786133,5488676
2006-02-08,77.03633117675781,77.34225463867188,76.7112808227539,77.24665069580078,43.5869255065918,5260543
2006-02-09,76.86424255371094,77.24665069580078,76.00382232666016,76.86424255371094,43.371158599853516,7959223
2006-02-10,76.86424255371094,77.87763214111328,76.67304229736328,77.75334930419922,43.872825622558594,5619007
2006-02-13,77.75334930419922,78.3078384399414,76.65392303466797,76.9024887084961,43.39273452758789,5499240
2006-02-14,77.00764465332031,77.86807250976562,76.81644439697266,77.5239028930664,43.74335479736328,6354973
2006-02-15,77.30401611328125,77.9158706665039,76.95984649658203,77.2944564819336,43.6139030456543,5284392
2006-02-16,77.13192749023438,77.35181427001953,76.60611724853516,77.35181427001953,43.64626693725586,5554783
2006-02-17,77.35181427001953,77.46653747558594,76.60611724853516,77.16061401367188,43.53836441040039,5542545
2006-02-21,76.57743835449219,77.1988525390625,76.45315551757812,76.95984649658203,43.425086975097656,6106548
2006-02-22,76.4818344116211,78.05927276611328,76.45315551757812,77.77246856689453,43.88362503051758,5537838
2006-02-23,77.62906646728516,77.76290893554688,76.52007293701172,76.67304229736328,43.263240814208984,5208452
2006-02-24,77.1032485961914,77.1032485961914,76.33843231201172,76.57743835449219,43.20930099487305,4082747
2006-02-27,76.45315551757812,77.33269500732422,76.43403625488281,77.0841293334961,43.49522018432617,3961202
2006-02-28,76.57743835449219,77.00764465332031,76.20458984375,76.7112808227539,43.28483200073242,6234892
2006-03-01,76.67304229736328,77.25621032714844,76.2715072631836,76.38623046875,43.1014289855957,5410226
2006-03-02,76.05162811279297,76.68260192871094,76.04206848144531,76.42447662353516,43.12302017211914,4622065
2006-03-03,76.01338195800781,77.27533721923828,76.01338195800781,76.44359588623047,43.133785247802734,4554702
2006-03-06,76.39579010009766,77.09368896484375,76.38623046875,76.4818344116211,43.15538024902344,4926137
2006-03-07,76.49139404296875,77.23709106445312,76.34799194335938,76.75907897949219,43.31180953979492,4530017
2006-03-08,76.72084045410156,78.011474609375,76.72084045410156,77.57170104980469,43.77033233642578,5826115
2006-03-09,77.6864242553711,78.37476348876953,77.24665069580078,77.45697784423828,43.705604553222656,4508992
2006-03-10,77.46653747558594,78.63288879394531,77.46653747558594,77.98279571533203,44.00230026245117,5007411
2006-03-13,77.97322845458984,78.77629089355469,77.86807250976562,78.32695770263672,44.196502685546875,4781684
2006-03-14,77.92543029785156,79.34034729003906,77.88719177246094,79.23518371582031,44.70895004272461,4725828
2006-03-15,79.01529693603516,80.07648468017578,79.0057373046875,79.71319580078125,44.978694915771484,5617438
2006-03-16,79.76099395751953,80.03823852539062,78.97705841064453,79.22562408447266,44.70355224609375,4497277
2006-03-17,79.68450927734375,79.74187469482422,79.17781829833984,79.63671112060547,44.935523986816406,6709462
2006-03-20,79.45507049560547,80.06692504882812,79.34034729003906,79.9043960571289,45.08658218383789,4048334
2006-03-21,80.13384246826172,81.25238800048828,79.9043960571289,80.12428283691406,45.210636138916016,7744898
2006-03-22,79.68450927734375,80.95602416992188,79.68450927734375,80.73613739013672,45.555877685546875,5197156
2006-03-23,80.52581024169922,80.56405639648438,79.2829818725586,79.54110717773438,44.881587982177734,5340667
2006-03-24,79.34034729003906,80.03823852539062,79.34034729003906,79.69407653808594,44.967899322509766,4391945
2006-03-27,79.3307876586914,79.59847259521484,78.94837188720703,79.42638397216797,44.81684875488281,4089965
2006-03-28,79.216064453125,79.7227554321289,78.67112731933594,78.80496978759766,44.46621322631836,4715996
2006-03-29,78.5850830078125,79.87571716308594,78.5850830078125,79.47418975830078,44.843807220458984,4594137
2006-03-30,79.23518371582031,80.01911926269531,79.1873779296875,79.54110717773438,44.881587982177734,4672482
2006-03-31,79.3021011352539,79.92351531982422,78.67112731933594,78.84320831298828,44.48779296875,6131652
2006-04-03,79.08221435546875,79.91395568847656,79.01529693603516,79.40726470947266,44.80605697631836,4311194
2006-04-04,79.397705078125,80.0956039428711,79.15869903564453,79.78011322021484,45.01642608642578,4030238
2006-04-05,79.66539001464844,80.73613739013672,79.65583038330078,80.46845245361328,45.40484619140625,5777999
2006-04-06,80.01911926269531,80.61185455322266,79.69407653808594,80.12428283691406,45.210636138916016,5171529
2006-04-07,79.92351531982422,80.1147232055664,78.81452941894531,78.85277557373047,44.49319839477539,5583025
2006-04-10,78.65200805664062,79.1013412475586,78.39388275146484,78.48948669433594,44.28820037841797,3794574
2006-04-11,78.23136138916016,78.45124053955078,77.1988525390625,77.5908203125,43.7811279296875,6233846
2006-04-12,77.53346252441406,77.79158782958984,77.0841293334961,77.1988525390625,43.559959411621094,4084839
2006-04-13,77.60993957519531,78.96749877929688,77.55258178710938,78.37476348876953,44.223480224609375,5020486
2006-04-17,78.31739807128906,79.27342224121094,77.82026672363281,78.04971313476562,44.04005432128906,4847373
2006-04-18,78.2887191772461,79.85659790039062,78.1070785522461,79.64627075195312,44.94090270996094,8269467
2006-04-19,80.25812530517578,80.30592346191406,77.6864242553711,78.26004028320312,44.15872573852539,11040216
2006-04-20,78.05927276611328,79.20649719238281,78.04971313476562,78.41300201416016,44.24504470825195,6524111
2006-04-21,78.86233520507812,78.87189483642578,77.8011474609375,78.06883239746094,44.050838470458984,6398800
2006-04-24,77.72466278076172,78.78585052490234,77.53346252441406,78.4990463256836,44.29358673095703,6907889
2006-04-25,78.34607696533203,79.25430297851562,78.011474609375,79.03441619873047,44.59566879272461,7171690
2006-04-26,79.19693756103516,79.80879211425781,79.0726547241211,79.68450927734375,44.96249008178711,6954645
2006-04-27,79.06309509277344,80.68833923339844,79.06309509277344,80.19120788574219,45.24842834472656,8550318
2006-04-28,79.83747863769531,79.94264221191406,78.37476348876953,78.71892547607422,44.41765594482422,8579083
2006-05-01,78.95793151855469,79.64627075195312,78.48948669433594,78.61376953125,44.358333587646484,6287611
2006-05-02,78.4990463256836,79.1013412475586,78.39388275146484,78.79541015625,44.46083450317383,4535874
2006-05-03,78.9101333618164,79.62715148925781,78.82408905029297,79.06309509277344,44.611873626708984,5984271
2006-05-04,79.22562408447266,79.43594360351562,78.77629089355469,78.80496978759766,44.46621322631836,4149377
2006-05-05,79.3021011352539,79.6749496459961,79.06309509277344,79.61759185791016,44.92475128173828,4711707
2006-05-08,78.96749877929688,79.56022644042969,78.6806869506836,79.24474334716797,44.876007080078125,4033899
2006-05-09,78.86233520507812,79.62715148925781,78.78585052490234,79.56979370117188,45.06010055541992,4260149
2006-05-10,79.25430297851562,79.66539001464844,78.96749877929688,79.25430297851562,44.88142013549805,3588198
2006-05-11,79.01529693603516,79.43594360351562,78.82408905029297,78.83364868164062,44.64320373535156,5517127
2006-05-12,78.84320831298828,80.00955963134766,78.6806869506836,78.76673126220703,44.60529708862305,5947242
2006-05-15,78.20267486572266,79.4933090209961,78.20267486572266,79.24474334716797,44.876007080078125,6042114
2006-05-16,79.34990692138672,79.58891296386719,78.46080017089844,78.54684448242188,44.480812072753906,4659721
2006-05-17,78.15487670898438,78.59464263916016,77.45697784423828,77.69598388671875,43.99894714355469,6209056
2006-05-18,76.95984649658203,77.77246856689453,76.51051330566406,77.11280822753906,43.668724060058594,5694006
2006-05-19,77.30401611328125,77.43785858154297,76.01338195800781,76.74951934814453,43.462974548339844,7341979
2006-05-22,76.3193130493164,76.806884765625,75.90821838378906,76.5009536743164,43.32221603393555,6538441
2006-05-23,76.72084045410156,77.72466278076172,76.13766479492188,76.3193130493164,43.219337463378906,5236694
2006-05-24,75.86042022705078,76.52007293701172,75.58317565917969,76.2715072631836,43.19228744506836,7729522
2006-05-25,76.37667083740234,76.65392303466797,76.14722442626953,76.61567687988281,43.38717269897461,4178770
2006-05-26,76.63479614257812,77.30401611328125,76.19503021240234,77.1988525390625,43.71744155883789,3745517
2006-05-30,76.81644439697266,77.39962005615234,76.62523651123047,76.63479614257812,43.39799499511719,5281359
2006-05-31,76.62523651123047,77.27533721923828,76.1089859008789,76.38623046875,43.25724792480469,6678605
2006-06-01,76.37667083740234,77.3135757446289,76.3001937866211,77.14149475097656,43.68495178222656,5090359
2006-06-02,76.95984649658203,77.01720428466797,75.6692123413086,76.02294158935547,43.05149841308594,7564986
2006-06-05,75.62141418457031,76.52007293701172,75.53536987304688,75.58317565917969,42.80249786376953,5811367
2006-06-06,75.58317565917969,76.38623046875,75.04779815673828,76.25238800048828,43.18146896362305,7584128
2006-06-07,76.2715072631836,77.18929290771484,75.64053344726562,75.6692123413086,42.851200103759766,8289341
2006-06-08,75.0956039428711,76.08030700683594,73.37476348876953,73.64244842529297,41.70346450805664,14094222
2006-06-09,73.84320831298828,74.66539001464844,73.66156768798828,74.216064453125,42.028289794921875,6417628
2006-06-12,74.216064453125,74.65583038330078,73.62332916259766,73.63288879394531,41.698028564453125,5151445
2006-06-13,73.74761199951172,74.50286865234375,73.44168090820312,73.54684448242188,41.64930725097656,7713309
2006-06-14,73.54684448242188,74.42638397216797,73.54684448242188,74.29254150390625,42.071598052978516,6316376
2006-06-15,74.42638397216797,75.31549072265625,73.56596374511719,75.10516357421875,42.53178024291992,6986652
2006-06-16,74.99044036865234,75.07648468017578,74.15869903564453,74.52198791503906,42.201534271240234,8507641
2006-06-19,74.47418975830078,74.85659790039062,73.93881225585938,74.25430297851562,42.049949645996094,5545997
2006-06-20,74.41682434082031,74.85659790039062,73.85277557373047,74.56022644042969,42.22319030761719,6406227
2006-06-21,74.56022644042969,75.10516357421875,74.55066680908203,74.85659790039062,42.391014099121094,5814819
2006-06-22,74.7227554321289,74.92351531982422,73.61376953125,73.79541015625,41.790077209472656,5819630
2006-06-23,73.75717163085938,74.41682434082031,73.55640411376953,73.70936584472656,41.74135208129883,4728548
2006-06-26,73.65200805664062,74.11090087890625,73.42256164550781,73.75717163085938,41.7684211730957,3606608
2006-06-27,73.91969299316406,74.1873779296875,72.96366882324219,73.26004028320312,41.48689270019531,5854253
2006-06-28,73.16443634033203,73.23136138916016,72.71510314941406,73.193115234375,41.448997497558594,4594137
2006-06-29,73.50860595703125,74.37858581542969,73.193115234375,74.17781829833984,42.006656646728516,5699549
2006-06-30,74.2829818725586,74.50286865234375,73.41300201416016,73.44168090820312,41.589786529541016,8275638
2006-07-03,74.13002014160156,74.82791900634766,73.87189483642578,74.58891296386719,42.23942565917969,3323456
2006-07-05,74.56979370117188,74.94264221191406,74.11090087890625,74.34990692138672,42.104095458984375,4233999
2006-07-06,74.17781829833984,75.07648468017578,74.15869903564453,74.65583038330078,42.27732849121094,4532423
2006-07-07,74.65583038330078,74.65583038330078,72.77246856689453,73.05927276611328,41.37321090698242,6947114
2006-07-10,72.82982635498047,73.45124053955078,72.53346252441406,73.29827880859375,41.508548736572266,7483816
2006-07-11,72.8967514038086,73.27915954589844,72.12236785888672,73.1070785522461,41.4002685546875,6366479
2006-07-12,72.72466278076172,72.94454956054688,71.5296401977539,72.16061401367188,40.864295959472656,8757217
2006-07-13,71.7112808227539,71.96940612792969,70.58317565917969,70.97514343261719,40.19296646118164,9157416
2006-07-14,70.97514343261719,71.03250122070312,70.14340209960938,70.33460998535156,39.83024597167969,7277859
2006-07-17,70.12428283691406,70.68833923339844,69.98088073730469,70.45889282226562,39.9006233215332,7136544
2006-07-18,70.45889282226562,71.14722442626953,69.53154754638672,70.9942626953125,40.20380401611328,9066205
2006-07-19,72.65774536132812,73.67112731933594,72.65774536132812,72.72466278076172,41.1837158203125,15205597
2006-07-20,72.39962005615234,72.54302215576172,71.8929214477539,72.16061401367188,40.864295959472656,12776785
2006-07-21,72.17017364501953,72.17973327636719,71.22370910644531,71.56787872314453,40.52864074707031,8757635
2006-07-24,71.62523651123047,72.8011474609375,71.62523651123047,72.64818572998047,41.14040756225586,5869315
2006-07-25,72.64818572998047,73.04971313476562,71.99808502197266,72.55258178710938,41.08627700805664,5836994
2006-07-26,72.16061401367188,72.94454956054688,72.04589080810547,72.4952163696289,41.053775787353516,4048125
2006-07-27,72.4952163696289,73.8910140991211,72.41873931884766,72.8011474609375,41.22703552246094,6735299
2006-07-28,73.02103424072266,73.90057373046875,72.90631103515625,73.57552337646484,41.665550231933594,4357322
2006-07-31,73.0783920288086,74.09178161621094,72.8011474609375,74.0057373046875,41.9091911315918,5629363
2006-08-01,73.27915954589844,73.97705841064453,72.41873931884766,72.79158782958984,41.22161865234375,4609408
2006-08-02,72.85850524902344,73.54684448242188,72.84894561767578,72.96366882324219,41.31907653808594,3434855
2006-08-03,72.65774536132812,73.35564422607422,72.0841293334961,72.97322845458984,41.324466705322266,2893027
2006-08-04,73.27915954589844,73.39388275146484,72.00764465332031,72.57170104980469,41.09709167480469,5295270
2006-08-07,72.30401611328125,72.84894561767578,71.96940612792969,72.1988525390625,40.885948181152344,4048229
2006-08-08,72.30401611328125,72.90631103515625,71.806884765625,72.01720428466797,40.945735931396484,3969256
2006-08-09,72.23709106445312,72.92543029785156,72.07456970214844,72.07456970214844,40.97835922241211,4686498
2006-08-10,71.8929214477539,72.73422241210938,71.74951934814453,72.4091796875,41.168601989746094,3361426
2006-08-11,72.02677154541016,72.44741821289062,71.8929214477539,72.16061401367188,41.02727508544922,3865807
2006-08-14,72.7055435180664,74.08221435546875,72.27533721923828,73.3078384399414,41.67953109741211,5227280
2006-08-15,73.5181655883789,73.74761199951172,72.95410919189453,73.69024658203125,41.8969612121582,6260728
2006-08-16,74.0726547241211,75.79350280761719,73.94837188720703,75.61185455322266,42.989505767822266,7726279
2006-08-17,75.45889282226562,76.06118774414062,75.07648468017578,75.8795394897461,43.141685485839844,5790028
2006-08-18,75.88909912109375,76.45315551757812,75.17208099365234,76.38623046875,43.429786682128906,5647563
2006-08-21,76.01338195800781,76.36711120605469,75.40152740478516,75.79350280761719,43.0927848815918,3845619
2006-08-22,75.79350280761719,76.05162811279297,75.15296173095703,75.47801208496094,42.913394927978516,4243831
2006-08-23,75.47801208496094,75.97514343261719,74.97132110595703,75.2103271484375,42.7612190246582,3583282
2006-08-24,75.43020629882812,76.00382232666016,75.40152740478516,75.88909912109375,43.147132873535156,3633072
2006-08-25,75.7170181274414,76.4818344116211,75.65965270996094,76.36711120605469,43.41889572143555,3585060
2006-08-28,76.39579010009766,76.93116760253906,76.25238800048828,76.78776550292969,43.658058166503906,5501332
2006-08-29,76.53919982910156,77.8967514038086,76.53919982910156,77.82026672363281,44.24509048461914,5448091
2006-08-30,77.6864242553711,78.08795166015625,77.28489685058594,77.64818572998047,44.14726638793945,4904485
2006-08-31,77.72466278076172,77.9158706665039,77.22753143310547,77.4091796875,44.0113639831543,3960365
2006-09-01,77.56214141845703,77.98279571533203,77.25621032714844,77.82982635498047,44.25054168701172,3445524
2006-09-05,77.61949920654297,77.95410919189453,77.05545043945312,77.2944564819336,43.946163177490234,4151051
2006-09-06,76.75907897949219,77.14149475097656,76.64435577392578,76.74951934814453,43.636329650878906,3899070
2006-09-07,76.38623046875,76.84512329101562,75.82218170166016,75.90821838378906,43.157989501953125,4093312
2006-09-08,76.09942626953125,77.30401611328125,75.86042022705078,77.11280822753906,43.8428955078125,4705536
2006-09-11,77.05545043945312,77.62906646728516,76.72084045410156,77.37093353271484,43.989627838134766,4512758
2006-09-12,77.57170104980469,78.87189483642578,77.4952163696289,78.66156768798828,44.723419189453125,5985421
2006-09-13,78.63288879394531,79.06309509277344,78.24092102050781,78.59464263916016,44.685386657714844,5146529
2006-09-14,78.29827880859375,79.34990692138672,78.14531707763672,78.84320831298828,44.82670211791992,4461504
2006-09-15,79.55066680908203,79.91395568847656,79.14913940429688,79.29254150390625,45.08217239379883,8581175
2006-09-18,78.92925262451172,79.55066680908203,78.55640411376953,78.62332916259766,44.70167922973633,4620810
2006-09-19,78.36520385742188,78.47992706298828,77.83938598632812,78.26959991455078,44.500572204589844,5322676
2006-09-20,78.74761199951172,80.10516357421875,78.5850830078125,79.75143432617188,45.34309005737305,7870732
2006-09-21,78.97705841064453,79.58891296386719,77.77246856689453,78.02103424072266,44.3592643737793,9318814
2006-09-22,78.15487670898438,78.50860595703125,77.44741821289062,77.63862609863281,44.141841888427734,4550309
2006-09-25,78.05927276611328,78.66156768798828,77.7055435180664,78.39388275146484,44.571231842041016,5944418
2006-09-26,78.29827880859375,79.02485656738281,78.1070785522461,78.87189483642578,44.84299850463867,4949463
2006-09-27,78.39388275146484,79.03441619873047,78.11663818359375,78.47992706298828,44.62017059326172,6151003
2006-09-28,78.25048065185547,78.7284927368164,78.1261978149414,78.38432312011719,44.56578826904297,4803546
2006-09-29,78.29827880859375,79.14913940429688,78.17399597167969,78.33651733398438,44.53861999511719,4990152
2006-10-02,78.16443634033203,78.84320831298828,77.99235534667969,78.26959991455078,44.500572204589844,4689532
2006-10-03,78.27915954589844,78.64244842529297,77.97322845458984,78.05927276611328,44.38100051879883,5061071
2006-10-04,78.05927276611328,79.58891296386719,78.04015350341797,79.44550323486328,45.16913986206055,6400788
2006-10-05,79.16825866699219,79.55066680908203,78.96749877929688,79.27342224121094,45.071292877197266,5184604
2006-10-06,79.2829818725586,80.0956039428711,78.87189483642578,79.48374938964844,45.19088363647461,5586581
2006-10-09,79.48374938964844,80.38240814208984,79.34990692138672,80.30592346191406,45.658329010009766,4696749
2006-10-10,80.02867889404297,80.90821838378906,79.8852767944336,80.4875717163086,45.76161193847656,4929693
2006-10-11,80.44933319091797,80.96558380126953,80.10516357421875,80.4875717163086,45.76161193847656,5450288
2006-10-12,80.49713134765625,81.16635131835938,80.40152740478516,80.97514343261719,46.038818359375,4876138
2006-10-13,80.73613739013672,82.41873931884766,80.72657775878906,82.2944564819336,46.7889289855957,8146876
2006-10-16,82.2944564819336,83.74761199951172,81.97896575927734,82.8967514038086,47.1313591003418,9030223
2006-10-17,82.53346252441406,84.0726547241211,82.42829895019531,83.1261978149414,47.261810302734375,13907093
2006-10-18,86.5296401977539,87.99235534667969,85.783935546875,85.86997985839844,48.82179641723633,29157459
2006-10-19,85.85086059570312,86.97896575927734,85.38240814208984,85.90821838378906,48.84352493286133,11162284
2006-10-20,86.08030700683594,86.7112808227539,85.61185455322266,86.5009536743164,49.1805419921875,7730881
2006-10-23,86.0898666381836,87.95410919189453,86.05162811279297,87.53346252441406,49.7675895690918,9269966
2006-10-24,86.91204833984375,87.90631103515625,86.806884765625,87.46653747558594,49.729557037353516,9646526
2006-10-25,87.1988525390625,87.94454956054688,86.94072723388672,87.79158782958984,49.91435623168945,6403717
2006-10-26,87.79158782958984,87.88719177246094,87.23709106445312,87.51434326171875,49.7567253112793,5219854
2006-10-27,86.91204833984375,87.84894561767578,86.5965576171875,86.76863861083984,49.33274459838867,6108954
2006-10-30,85.85086059570312,87.95410919189453,85.85086059570312,87.4760971069336,49.73497772216797,5851324
2006-10-31,87.4760971069336,88.60420989990234,87.4760971069336,88.26959991455078,50.18613815307617,9693596
2006-11-01,88.43212127685547,88.60420989990234,87.4760971069336,87.76290893554688,49.898033142089844,6114602
2006-11-02,87.76290893554688,87.90631103515625,87.23709106445312,87.64818572998047,49.83281326293945,5120275
2006-11-03,87.72466278076172,88.27915954589844,87.17017364501953,87.39006042480469,49.68605041503906,4713694
2006-11-06,87.4760971069336,88.66156768798828,87.4760971069336,88.52772521972656,50.332889556884766,6527668
2006-11-07,88.35564422607422,89.29254150390625,88.34607696533203,88.67112731933594,50.414405822753906,7641239
2006-11-08,88.193115234375,88.83364868164062,87.96366882324219,88.5181655883789,50.49075698852539,6299221
2006-11-09,88.5181655883789,89.09178161621094,88.3078384399414,88.35564422607422,50.39806365966797,4726769
2006-11-10,88.24092102050781,88.2887191772461,87.60037994384766,87.72466278076172,50.03813934326172,5616602
2006-11-13,87.5239028930664,88.36520385742188,87.39006042480469,88.02103424072266,50.20721435546875,4558782
2006-11-14,87.95410919189453,89.1873779296875,87.61949920654297,89.1873779296875,50.872467041015625,6143158
2006-11-15,88.98661804199219,89.17781829833984,88.4703598022461,89.01529693603516,50.774314880371094,4364749
2006-11-16,88.97705841064453,89.48374938964844,88.52772521972656,89.35946655273438,50.970638275146484,4363389
2006-11-17,89.31166076660156,89.91395568847656,89.20649719238281,89.68450927734375,51.15604782104492,5492546
2006-11-20,89.48374938964844,89.6749496459961,88.91969299316406,89.14913940429688,50.850669860839844,5241088
2006-11-21,88.91969299316406,89.32122039794922,88.76673126220703,88.98661804199219,50.757965087890625,3208919
2006-11-22,88.81452941894531,89.61759185791016,88.71892547607422,89.40726470947266,50.99790573120117,3505878
2006-11-24,88.95793151855469,89.62715148925781,88.8910140991211,89.24474334716797,50.90519714355469,2227771
2006-11-27,88.63288879394531,89.13957977294922,87.11280822753906,87.42829895019531,49.86909103393555,6573064
2006-11-28,86.66348266601562,87.54302215576172,86.45315551757812,87.33269500732422,49.814571380615234,5190357
2006-11-29,87.33269500732422,87.62906646728516,87.00764465332031,87.4952163696289,49.90727615356445,4835658
2006-11-30,87.33269500732422,88.41300201416016,87.23709106445312,87.87763214111328,50.12541198730469,6768352
2006-12-01,87.85850524902344,87.86807250976562,86.56787872314453,87.23709106445312,49.7600212097168,5695888
2006-12-04,88.43212127685547,89.818359375,88.193115234375,89.397705078125,50.99243927001953,7853263
2006-12-05,89.397705078125,90.47801208496094,89.3307876586914,90.3250503540039,51.52142333984375,7202965
2006-12-06,90.3250503540039,90.6978988647461,89.87571716308594,89.98088073730469,51.32508850097656,6220876
2006-12-07,89.86615753173828,90.2772445678711,89.43594360351562,90.08604431152344,51.38509750366211,4509097
2006-12-08,89.53154754638672,90.23900604248047,89.35946655273438,89.73231506347656,51.183311462402344,4330440
2006-12-11,89.59847259521484,90.20076751708984,89.44550323486328,89.52198791503906,51.0633430480957,3618323
2006-12-12,89.48374938964844,90.67877960205078,89.19693756103516,89.98088073730469,51.32508850097656,8141855
2006-12-13,90.61185455322266,91.13766479492188,90.34416961669922,90.602294921875,51.6795539855957,6737600
2006-12-14,90.79350280761719,91.51051330566406,90.38240814208984,91.16635131835938,52.001285552978516,4857729
2006-12-15,91.40535736083984,91.58699798583984,90.86997985839844,91.1089859008789,51.968570709228516,8458479
2006-12-18,90.77437591552734,91.93116760253906,90.63097381591797,91.24282836914062,52.0449104309082,8352205
2006-12-19,90.91778564453125,92.15105438232422,90.73613739013672,91.77820587158203,52.350276947021484,5160127
2006-12-20,91.8738021850586,92.25621032714844,91.49139404296875,91.77820587158203,52.350276947021484,3822712
2006-12-21,91.56787872314453,92.25621032714844,91.32887268066406,91.6921615600586,52.301212310791016,4608258
2006-12-22,91.53919982910156,91.75907897949219,91.05162811279297,91.06118774414062,51.94129180908203,3170949
2006-12-26,90.82218170166016,91.5965576171875,90.74569702148438,91.45315551757812,52.16489028930664,2383520
2006-12-27,92.06501007080078,92.95410919189453,92.03633117675781,92.92543029785156,53.00468444824219,4781894
2006-12-28,92.83938598632812,93.11663818359375,92.60993957519531,92.7055435180664,52.879241943359375,4708778
2006-12-29,92.73422241210938,93.57552337646484,92.57170104980469,92.87763214111328,52.97740173339844,4660871
2007-01-03,92.90631103515625,94.0726547241211,92.02677154541016,92.99235534667969,53.04282760620117,9619853
2007-01-04,92.97322845458984,94.44550323486328,92.61949920654297,93.98661804199219,53.60995864868164,11008627
2007-01-05,93.3078384399414,93.64244842529297,92.64818572998047,93.13575744628906,53.12462615966797,7553480
2007-01-08,94.16825866699219,95.12428283691406,94.02485656738281,94.55066680908203,53.93169403076172,10815640
2007-01-09,94.7227554321289,95.91778564453125,94.71319580078125,95.6692123413086,54.56970977783203,11619177
2007-01-10,94.16825866699219,94.69407653808594,93.62332916259766,94.54110717773438,53.92625427246094,9147061
2007-01-11,94.64627075195312,95.5066909790039,94.16825866699219,94.31166076660156,53.79534149169922,8368732
2007-01-12,94.63671112060547,95.30592346191406,94.16825866699219,94.97132110595703,54.17164993286133,6941779
2007-01-16,95.02867889404297,96.40535736083984,94.93307495117188,96.38623046875,54.97871017456055,10043901
2007-01-17,96.26194763183594,96.46271514892578,95.5066909790039,95.62141418457031,54.54246139526367,8577932
2007-01-18,95.41108703613281,95.55449676513672,94.56022644042969,95.07648468017578,54.23161315917969,15309361
2007-01-19,90.82218170166016,92.5908203125,90.3919677734375,91.94072723388672,52.44300079345703,27233447
2007-01-22,92.17973327636719,92.95410919189453,91.8929214477539,92.83938598632812,52.95558547973633,14162108
2007-01-23,92.64818572998047,93.0975112915039,91.96940612792969,92.81070709228516,52.93921661376953,10812920
2007-01-24,92.81070709228516,93.2887191772461,92.33269500732422,93.11663818359375,53.11374282836914,5962200
2007-01-25,92.94454956054688,93.61376953125,92.94454956054688,93.22179412841797,53.173709869384766,6486560
2007-01-26,93.23136138916016,93.52772521972656,92.58126068115234,93.16443634033203,53.14099884033203,6036571
2007-01-29,93.4034423828125,94.32122039794922,93.16443634033203,94.20649719238281,53.735389709472656,7630361
2007-01-30,94.23518371582031,95.07648468017578,94.16825866699219,95.0,54.18798828125,7508083
2007-01-31,94.45507049560547,95.10516357421875,94.02485656738281,94.7896728515625,54.06803512573242,6728500
2007-02-01,94.61759185791016,94.818359375,93.65200805664062,94.64627075195312,53.98623275756836,6914792
2007-02-02,94.74187469482422,95.34416961669922,94.53154754638672,94.80879211425781,54.07892990112305,6962490
2007-02-05,94.80879211425781,96.02294158935547,94.55066680908203,95.96558380126953,54.7387809753418,8561301
2007-02-06,95.602294921875,95.98470306396484,95.16252136230469,95.45889282226562,54.44976043701172,6833309
2007-02-07,95.41108703613281,95.94646453857422,94.76099395751953,95.16252136230469,54.44426345825195,8052317
2007-02-08,94.55066680908203,95.35372924804688,94.31166076660156,95.23900604248047,54.48805236816406,6435201
2007-02-09,95.14340209960938,95.31549072265625,93.50860595703125,94.216064453125,53.90280532836914,6381018
2007-02-12,94.45507049560547,94.83747863769531,93.90057373046875,94.24474334716797,53.91917419433594,5576226
2007-02-13,94.26386260986328,94.397705078125,93.4990463256836,93.96749877929688,53.76057434082031,5965129
2007-02-14,94.16825866699219,95.05735778808594,93.92925262451172,94.83747863769531,54.25831604003906,5904461
2007-02-15,94.7036361694336,95.14340209960938,94.14913940429688,94.56979370117188,54.10517120361328,5824756
2007-02-16,94.76099395751953,94.8852767944336,94.29254150390625,94.63671112060547,54.14344787597656,5021532
2007-02-20,94.32122039794922,95.08604431152344,94.216064453125,94.98088073730469,54.340370178222656,4313913
2007-02-21,94.55066680908203,95.0,94.35946655273438,94.73231506347656,54.198150634765625,4500310
2007-02-22,94.45507049560547,95.12428283691406,93.4703598022461,94.16825866699219,53.87545394897461,6171505
2007-02-23,94.0726547241211,94.11090087890625,93.1261978149414,93.43212127685547,53.45429611206055,6648167
2007-02-26,93.55640411376953,93.55640411376953,92.21797180175781,92.64818572998047,53.005775451660156,6194517
2007-02-27,91.77820587158203,91.78776550292969,88.79541015625,89.82791900634766,51.39225387573242,12548548
2007-02-28,89.58891296386719,89.95220184326172,88.4034423828125,88.85277557373047,50.834346771240234,12752414
2007-03-01,86.28107452392578,88.95793151855469,84.86615753173828,88.21223449707031,50.4678840637207,13457522
2007-03-02,87.95410919189453,88.3078384399414,86.84512329101562,86.9024887084961,49.71854782104492,9886060
2007-03-05,86.28107452392578,88.0975112915039,86.13766479492188,87.77246856689453,50.21628952026367,10789385
2007-03-06,88.33651733398438,89.76099395751953,88.20267486572266,89.6749496459961,51.304725646972656,9606673
2007-03-07,89.83747863769531,90.67877960205078,89.50286865234375,89.80879211425781,51.38132858276367,10741479
2007-03-08,90.34416961669922,90.65009307861328,88.45124053955078,88.9101333618164,50.86717987060547,7744479
2007-03-09,89.36902618408203,89.86615753173828,88.73805236816406,89.17781829833984,51.020320892333984,6624318
2007-03-12,89.1873779296875,90.02867889404297,88.88145446777344,89.97132110595703,51.47429656982422,5785740
2007-03-13,89.73231506347656,90.31549072265625,88.54684448242188,88.63288879394531,50.70853805541992,7885899
2007-03-14,88.57552337646484,89.89483642578125,88.04971313476562,89.63671112060547,51.28285217285156,9114739
2007-03-15,89.29254150390625,89.83747863769531,89.0057373046875,89.34034729003906,51.11328887939453,6181860
2007-03-16,90.2963638305664,90.2963638305664,88.92925262451172,89.14913940429688,51.00391387939453,9130220
2007-03-19,89.818359375,90.17208099365234,89.2829818725586,89.85659790039062,51.40866470336914,4778233
2007-03-20,89.86615753173828,90.37284851074219,89.43594360351562,90.34416961669922,51.68758773803711,4769760
2007-03-21,90.34416961669922,91.5965576171875,89.7036361694336,91.16635131835938,52.15798568725586,8018218
2007-03-22,90.91778564453125,91.24282836914062,90.4875717163086,91.00382232666016,52.06500244140625,5962618
2007-03-23,90.65009307861328,91.03250122070312,90.4875717163086,90.85086059570312,51.97747039794922,4615475
2007-03-26,90.82218170166016,91.06118774414062,90.17208099365234,90.82218170166016,51.961082458496094,7038952
2007-03-27,90.54492950439453,90.85086059570312,90.05735778808594,90.56405639648438,51.81341552734375,4911807
2007-03-28,89.77055358886719,90.84130096435547,89.6749496459961,90.1147232055664,51.55633544921875,8501888
2007-03-29,90.49713134765625,90.9273452758789,89.82791900634766,90.41108703613281,51.725894927978516,7166669
2007-03-30,90.0956039428711,90.58317565917969,89.45507049560547,90.1147232055664,51.55633544921875,7989453
2007-04-02,90.35372924804688,91.3001937866211,89.92351531982422,91.02294158935547,52.07594680786133,6154350
2007-04-03,91.25238800048828,91.99808502197266,91.13766479492188,91.8738021850586,52.56275177001953,5994417
2007-04-04,91.58699798583984,92.20841217041016,91.36711120605469,91.97896575927734,52.6229133605957,4472905
2007-04-05,91.75907897949219,92.4952163696289,91.53919982910156,92.27533721923828,52.79245376586914,3459227
2007-04-09,92.18929290771484,92.67686462402344,91.8929214477539,92.37093353271484,52.847137451171875,5073728
2007-04-10,92.16061401367188,92.54302215576172,91.93116760253906,92.21797180175781,52.759647369384766,3761834
2007-04-11,92.26577758789062,92.44741821289062,90.77437591552734,90.97514343261719,52.04859161376953,6209997
2007-04-12,90.85086059570312,91.60611724853516,90.37284851074219,91.46271514892578,52.327552795410156,7411224
2007-04-13,91.53919982910156,91.53919982910156,90.43020629882812,90.75525665283203,51.92279815673828,6305079
2007-04-16,90.8126220703125,92.06501007080078,90.55449676513672,91.95028686523438,52.60649871826172,7180895
2007-04-17,92.06501007080078,93.36520385742188,91.79732513427734,92.84894561767578,53.1206169128418,10736144
2007-04-18,90.63097381591797,91.6921615600586,90.24856567382812,90.63097381591797,51.8516960144043,16601798
2007-04-19,90.34416961669922,90.6978988647461,89.86615753173828,90.14340209960938,51.5727424621582,9880098
2007-04-20,90.84130096435547,90.96558380126953,89.78011322021484,90.42064666748047,51.73137664794922,9769954
2007-04-23,90.97514343261719,91.52007293701172,90.86997985839844,91.02294158935547,52.07594680786133,7580780
2007-04-24,92.95410919189453,95.5066909790039,92.95410919189453,94.15869903564453,53.86998748779297,22437432
2007-04-25,94.397705078125,97.22753143310547,94.38814544677734,96.99808502197266,55.494407653808594,15509356
2007-04-26,96.55831909179688,97.03633117675781,95.80306243896484,96.46271514892578,55.18813705444336,9004491
2007-04-27,95.88909912109375,96.72084045410156,95.65965270996094,96.72084045410156,55.3358154296875,6423904
2007-04-30,96.66348266601562,98.4703598022461,96.5296401977539,97.71510314941406,55.904640197753906,10512718
2007-05-01,97.57170104980469,98.63288879394531,97.56214141845703,98.63288879394531,56.42974090576172,9068925
2007-05-02,98.27915954589844,98.60420989990234,97.63862609863281,97.72466278076172,55.910118103027344,7134034
2007-05-03,97.27533721923828,98.4703598022461,96.8929214477539,98.27915954589844,56.22737121582031,7638101
2007-05-04,98.23136138916016,98.4990463256836,97.75334930419922,98.43212127685547,56.31486892700195,5716181
2007-05-07,98.24092102050781,98.63288879394531,97.8967514038086,98.62332916259766,56.42428207397461,5878625
2007-05-08,97.9158706665039,98.84320831298828,97.71510314941406,98.74761199951172,56.715293884277344,6239390
2007-05-09,99.35946655273438,100.14340209960938,99.13957977294922,99.7896728515625,57.31378173828125,8794873
2007-05-10,99.25430297851562,100.4875717163086,99.14913940429688,100.07648468017578,57.47852325439453,9371951
2007-05-11,100.08604431152344,101.32887268066406,100.06692504882812,101.3193130493164,58.192352294921875,6303301
2007-05-14,101.15679168701172,101.57743835449219,100.181640625,100.9273452758789,57.96720886230469,5996300
2007-05-15,100.76481628417969,101.14722442626953,100.0956039428711,100.21988677978516,57.56087875366211,6384993
2007-05-16,100.47801208496094,101.23326873779297,99.93307495117188,101.21414947509766,58.1319580078125,5871721
2007-05-17,100.96558380126953,101.55831909179688,100.12428283691406,100.67877960205078,57.82442855834961,8060894
2007-05-18,101.18547058105469,103.29827880859375,100.95602416992188,103.24092102050781,59.295982360839844,10310945
2007-05-21,102.93498992919922,103.25048065185547,102.17017364501953,102.33269500732422,58.77437210083008,7857761
2007-05-22,102.24665069580078,102.53346252441406,101.34799194335938,102.00764465332031,58.587650299072266,5557712
2007-05-23,102.1032485961914,102.2944564819336,100.62141418457031,100.93690490722656,57.972679138183594,4599157
2007-05-24,100.8126220703125,101.3193130493164,99.01529693603516,99.37858581542969,57.07769012451172,7244910
2007-05-25,99.3307876586914,100.79350280761719,99.2829818725586,100.55449676513672,57.753055572509766,6404658
2007-05-29,100.9273452758789,101.94072723388672,100.6692123413086,101.25238800048828,58.15391159057617,5669634
2007-05-30,100.76481628417969,102.39006042480469,100.58317565917969,102.22753143310547,58.713958740234375,7741446
2007-05-31,102.54302215576172,102.93498992919922,101.33843231201172,101.91204833984375,58.532772064208984,5332194
2007-06-01,101.93116760253906,102.5239028930664,101.35755157470703,101.85468292236328,58.49980926513672,5532503
2007-06-04,101.81644439697266,101.9024887084961,100.93690490722656,101.55831909179688,58.32958984375,4780115
2007-06-05,101.86424255371094,101.86424255371094,100.8986587524414,101.18547058105469,58.11545944213867,5485433
2007-06-06,100.86042022705078,100.86997985839844,97.88719177246094,97.90631103515625,56.23207473754883,32186152
2007-06-07,97.95410919189453,98.63288879394531,97.09368896484375,97.32313537597656,55.89716339111328,15046292
2007-06-08,97.32313537597656,98.67112731933594,97.27533721923828,98.53728485107422,56.59449005126953,8594250
2007-06-11,98.34607696533203,99.42638397216797,97.99235534667969,98.6806869506836,56.67683410644531,8266643
2007-06-12,98.57552337646484,98.64244842529297,97.65774536132812,97.83938598632812,56.193668365478516,5835006
2007-06-13,98.32695770263672,98.71892547607422,97.60993957519531,98.5850830078125,56.621952056884766,6733730
2007-06-14,98.56596374511719,99.65583038330078,98.2887191772461,99.2829818725586,57.02275466918945,5403218
2007-06-15,99.63671112060547,100.56405639648438,99.31166076660156,100.46845245361328,57.70364761352539,9866186
2007-06-18,100.64053344726562,101.00382232666016,100.2772445678711,100.6978988647461,57.83540344238281,6651723
2007-06-19,100.31549072265625,101.96940612792969,100.28680419921875,101.81644439697266,58.47785568237305,6018684
2007-06-20,101.81644439697266,102.3135757446289,101.29063415527344,101.33843231201172,58.20332336425781,6842409
2007-06-21,101.11854553222656,102.2944564819336,100.96558380126953,101.91204833984375,58.532772064208984,5844839
2007-06-22,101.3001937866211,101.75907897949219,99.84703826904297,99.84703826904297,57.34674072265625,11305691
2007-06-25,100.12428283691406,101.11854553222656,99.9043960571289,100.47801208496094,57.70915603637695,8866314
2007-06-26,100.47801208496094,101.39579010009766,100.2103271484375,100.6978988647461,57.83540344238281,5470162
2007-06-27,100.14340209960938,100.83174133300781,99.80879211425781,100.79350280761719,57.890323638916016,5652375
2007-06-28,100.8795394897461,102.21797180175781,100.59273529052734,101.29063415527344,58.175865173339844,5680721
2007-06-29,101.3001937866211,101.8929214477539,99.52198791503906,100.62141418457031,57.7914924621582,7341246
2007-07-02,100.75525665283203,101.14722442626953,99.98088073730469,100.3919677734375,57.65971374511719,4917560
2007-07-03,100.86042022705078,102.37093353271484,100.61185455322266,101.8929214477539,58.52176284790039,4411923
2007-07-05,101.63479614257812,103.62332916259766,101.3193130493164,103.29827880859375,59.32895278930664,6977761
2007-07-06,103.04971313476562,104.83747863769531,102.92543029785156,104.23518371582031,59.867034912109375,9390151
2007-07-09,103.94837188720703,104.54110717773438,103.44168090820312,104.17781829833984,59.83411407470703,6324430
2007-07-10,103.77629089355469,104.34990692138672,103.48948669433594,103.85277557373047,59.64741897583008,6494928
2007-07-11,103.53728485107422,104.78011322021484,103.48948669433594,104.3021011352539,59.90549850463867,6158639
2007-07-12,104.54110717773438,104.82791900634766,103.46080017089844,104.47418975830078,60.00434494018555,9983129
2007-07-13,103.96749877929688,104.397705078125,103.34607696533203,103.82408905029297,59.63092041015625,7451809
2007-07-16,103.79541015625,105.20076751708984,103.65200805664062,104.83747863769531,60.212982177734375,9271953
2007-07-17,104.83747863769531,106.56787872314453,104.63671112060547,105.8986587524414,60.82243347167969,7970415
2007-07-18,105.40152740478516,106.95984649658203,105.20076751708984,106.19503021240234,60.9926643371582,10621189
2007-07-19,109.94264221191406,111.35755157470703,109.6080322265625,110.76481628417969,63.617305755615234,18076554
2007-07-20,109.79923248291016,110.76481628417969,108.92925262451172,109.76099395751953,63.04077911376953,12244790
2007-07-23,109.82791900634766,111.30975341796875,109.79923248291016,111.26194763183594,63.90284729003906,8410781
2007-07-24,110.24856567382812,111.85468292236328,109.96176147460938,111.06118774414062,63.787532806396484,10982268
2007-07-25,111.08030700683594,113.17399597167969,110.17208099365234,112.90631103515625,64.84729766845703,11861640
2007-07-26,111.86424255371094,113.59464263916016,110.43977355957031,111.40535736083984,63.9852294921875,17595917
2007-07-27,111.49139404296875,112.76290893554688,110.53536987304688,110.53536987304688,63.48552703857422,18973080
2007-07-30,109.94264221191406,110.65965270996094,108.52772521972656,109.48374938964844,62.881534576416016,15789788
2007-07-31,109.6749496459961,109.6749496459961,105.181640625,105.783935546875,60.75657653808594,18635745
2007-08-01,105.53536987304688,107.77246856689453,105.21988677978516,107.11280822753906,61.51980972290039,12960254
2007-08-02,107.17017364501953,109.03441619873047,106.5965576171875,108.25048065185547,62.1732063293457,11839569
2007-08-03,108.26004028320312,109.15869903564453,106.78776550292969,106.96940612792969,61.43745422363281,10011580
2007-08-06,107.04589080810547,108.88145446777344,106.78776550292969,108.88145446777344,62.53561782836914,7578793
2007-08-07,108.04971313476562,109.14913940429688,107.3135757446289,108.53728485107422,62.33793640136719,8390384
2007-08-08,109.27342224121094,109.56022644042969,107.32313537597656,108.011474609375,62.25530242919922,8034744
2007-08-09,105.8986587524414,109.45507049560547,105.86042022705078,105.86042022705078,61.015480041503906,9503956
2007-08-10,104.92351531982422,108.50860595703125,104.87571716308594,107.6864242553711,62.06793975830078,10033441
2007-08-13,108.02103424072266,108.93881225585938,107.37093353271484,107.75334930419922,62.10652542114258,6417733
2007-08-14,107.86807250976562,108.17399597167969,106.82600402832031,107.12236785888672,61.742828369140625,5873918
2007-08-15,106.11854553222656,107.88719177246094,105.07648468017578,106.33843231201172,61.29099655151367,12175649
2007-08-16,106.09942626953125,106.52007293701172,99.13957977294922,104.86615753173828,60.44240951538086,17492258
2007-08-17,106.95028686523438,107.71510314941406,103.88145446777344,106.02294158935547,61.10916519165039,15977232
2007-08-20,106.02294158935547,106.21414947509766,104.3307876586914,104.41682434082031,60.183414459228516,10292431
2007-08-21,104.11090087890625,105.26768493652344,103.32695770263672,104.24474334716797,60.0842170715332,8847591
2007-08-22,105.24856567382812,105.64053344726562,104.34990692138672,105.16252136230469,60.61323928833008,6620866
2007-08-23,105.54492950439453,106.76863861083984,105.17208099365234,106.54875946044922,61.41222381591797,8651466
2007-08-24,106.54875946044922,108.26959991455078,105.93690490722656,108.26004028320312,62.3985595703125,7383400
2007-08-27,108.03059387207031,108.84320831298828,107.83938598632812,108.45124053955078,62.50876998901367,5148203
2007-08-28,107.93498992919922,108.59464263916016,106.72084045410156,107.07456970214844,61.715293884277344,6282904
2007-08-29,107.9158706665039,109.92351531982422,107.14149475097656,109.53154754638672,63.13144302368164,7374091
2007-08-30,108.62332916259766,110.8986587524414,108.62332916259766,110.2963638305664,63.572265625,8112881
2007-08-31,110.88909912109375,112.18929290771484,110.46845245361328,111.55831909179688,64.29959106445312,7200246
2007-09-04,111.22370910644531,113.66156768798828,111.04206848144531,112.99235534667969,65.12616729736328,8441743
2007-09-05,112.3135757446289,112.95410919189453,111.42447662353516,112.69598388671875,64.95533752441406,6857053
2007-09-06,112.73422241210938,113.52772521972656,111.12810516357422,112.44741821289062,64.81206512451172,7090416
2007-09-07,111.0898666381836,111.82600402832031,110.25812530517578,110.46845245361328,63.67146301269531,7857238
2007-09-10,111.04206848144531,112.33269500732422,110.24856567382812,110.70745849609375,63.809200286865234,6399742
2007-09-11,111.23326873779297,112.60037994384766,110.93690490722656,112.18929290771484,64.66326141357422,8471240
2007-09-12,111.806884765625,112.23709106445312,110.602294921875,110.8986587524414,63.919395446777344,6576411
2007-09-13,111.18547058105469,111.85468292236328,110.65009307861328,110.85086059570312,63.8918571472168,5023624
2007-09-14,109.99044036865234,110.8986587524414,109.6080322265625,110.06692504882812,63.43999481201172,7222002
2007-09-17,109.65583038330078,110.181640625,109.27342224121094,109.48374938964844,63.10388946533203,5253430
2007-09-18,109.94264221191406,111.64435577392578,109.78011322021484,111.5009536743164,64.26655578613281,8200117
2007-09-19,111.75907897949219,112.03633117675781,110.68833923339844,111.53919982910156,64.28857421875,10785515
2007-09-20,111.15679168701172,112.4760971069336,111.0898666381836,111.72084045410156,64.39329528808594,6073494
2007-09-21,112.7055435180664,112.90631103515625,111.23326873779297,111.64435577392578,64.34918212890625,9515776
2007-09-24,111.75907897949219,112.26577758789062,110.75525665283203,111.13766479492188,64.05717468261719,5998078
2007-09-25,110.91778564453125,112.41873931884766,110.6978988647461,111.38623046875,64.200439453125,7369279
2007-09-26,111.79732513427734,112.88719177246094,111.61567687988281,112.14149475097656,64.6357421875,7003179
2007-09-27,112.33269500732422,113.011474609375,111.8929214477539,112.53346252441406,64.86167907714844,6102887
2007-09-28,111.988525390625,113.2887191772461,111.95028686523438,112.61949920654297,64.91123962402344,8075329
2007-10-01,112.43785858154297,114.24474334716797,112.33269500732422,113.79541015625,65.58901977539062,7089056
2007-10-02,114.06309509277344,114.34034729003906,112.94454956054688,113.15487670898438,65.2198257446289,7229429
2007-10-03,112.4760971069336,112.65774536132812,111.16635131835938,111.28107452392578,64.13983154296875,8278149
2007-10-04,111.0898666381836,111.61567687988281,109.94264221191406,110.602294921875,63.74860382080078,6461665
2007-10-05,111.06118774414062,111.57743835449219,110.3919677734375,111.18547058105469,64.0846939086914,6013872
2007-10-08,110.9942626953125,113.03059387207031,110.783935546875,112.5908203125,64.89472198486328,5044753
2007-10-09,112.66730499267578,113.2887191772461,111.3001937866211,113.0975112915039,65.18675994873047,5931448
2007-10-10,112.81070709228516,113.57552337646484,112.5047836303711,113.4034423828125,65.36310577392578,6185835
2007-10-11,113.75717163085938,116.11854553222656,112.20841217041016,112.85850524902344,65.04898834228516,13617665
2007-10-12,113.2887191772461,113.66156768798828,112.12236785888672,112.62906646728516,64.9167709350586,5916385
2007-10-15,112.76290893554688,113.16443634033203,111.61567687988281,112.83938598632812,65.03799438476562,6555596
2007-10-16,112.82982635498047,114.66539001464844,112.33269500732422,114.34034729003906,65.90311431884766,12057556
2007-10-17,112.82026672363281,112.82026672363281,109.13002014160156,110.68833923339844,63.798160552978516,18933123
2007-10-18,109.77055358886719,111.29063415527344,109.40726470947266,109.75143432617188,63.258148193359375,8092379
2007-10-19,108.96749877929688,109.87571716308594,106.88336181640625,107.34225463867188,61.86958694458008,10802251
2007-10-22,106.0898666381836,108.87189483642578,106.08030700683594,108.38432312011719,62.47017288208008,7925437
2007-10-23,108.77629089355469,109.75143432617188,108.50860595703125,109.63671112060547,63.19204330444336,5818793
2007-10-24,109.17781829833984,109.41682434082031,106.76863861083984,107.98279571533203,62.23875427246094,8443940
2007-10-25,108.33651733398438,109.36902618408203,106.77820587158203,107.84894561767578,62.161617279052734,6819815
2007-10-26,108.03059387207031,108.98661804199219,107.14149475097656,108.7284927368164,62.66856384277344,5261694
2007-10-29,108.8910140991211,109.95220184326172,108.84320831298828,109.75143432617188,63.258148193359375,5337947
2007-10-30,109.46463012695312,109.84703826904297,108.74761199951172,109.1013412475586,62.883460998535156,4200213
2007-10-31,109.7036361694336,111.13766479492188,108.29827880859375,111.01338195800781,63.985511779785156,7548773
2007-11-01,110.42064666748047,110.98470306396484,108.33651733398438,108.65200805664062,62.62449645996094,7943742
2007-11-02,109.38814544677734,110.08604431152344,108.57552337646484,109.55066680908203,63.14244079589844,6396081
2007-11-05,110.04779815673828,110.04779815673828,107.86807250976562,108.41300201416016,62.48672866821289,7484444
2007-11-06,108.4990463256836,108.93881225585938,106.75907897949219,108.193115234375,62.35997772216797,7635486
2007-11-07,108.56596374511719,108.64244842529297,106.02294158935547,106.19503021240234,61.425445556640625,7413002
2007-11-08,101.00382232666016,105.46845245361328,99.41682434082031,101.44359588623047,58.6771125793457,24154441
2007-11-09,100.30592346191406,100.30592346191406,94.9043960571289,95.84130096435547,55.43661117553711,18915969
2007-11-12,97.4091796875,99.6080322265625,96.2715072631836,96.988525390625,56.100189208984375,14177066
2007-11-13,98.21223449707031,101.0898666381836,97.99235534667969,100.64053344726562,58.21260452270508,11273683
2007-11-14,101.45315551757812,101.73995971679688,98.31739807128906,98.8910140991211,57.200645446777344,8842466
2007-11-15,98.6998062133789,100.9942626953125,98.5181655883789,99.04397583007812,57.28913497924805,8392686
2007-11-16,99.91395568847656,100.38240814208984,98.70936584472656,100.181640625,57.94715881347656,9721524
2007-11-19,99.75143432617188,100.75525665283203,96.88336181640625,97.72466278076172,56.525997161865234,9939301
2007-11-20,98.0783920288086,100.35372924804688,96.9216079711914,98.87189483642578,57.18959426879883,8779496
2007-11-21,96.95028686523438,99.5124282836914,96.95028686523438,97.72466278076172,56.525997161865234,7423671
2007-11-23,98.56596374511719,99.56022644042969,97.82026672363281,99.47418975830078,57.537960052490234,2957774
2007-11-26,99.6749496459961,100.52581024169922,97.24665069580078,97.48565673828125,56.38774108886719,7678372
2007-11-27,98.18355560302734,99.98088073730469,97.03633117675781,99.26386260986328,57.41630172729492,9536905
2007-11-28,100.2103271484375,103.50860595703125,99.77055358886719,102.64818572998047,59.37388229370117,9829994
2007-11-29,102.5239028930664,103.1261978149414,101.57743835449219,102.77246856689453,59.445762634277344,8173235
2007-11-30,103.79541015625,104.38814544677734,99.35946655273438,100.55449676513672,58.162841796875,13493609
2007-12-03,100.90821838378906,102.42829895019531,99.98088073730469,101.17591094970703,58.52227020263672,8283065
2007-12-04,100.77437591552734,102.69598388671875,100.1147232055664,101.94072723388672,58.96467208862305,6654443
2007-12-05,103.08795166015625,103.74761199951172,102.27533721923828,103.4034423828125,59.81071853637695,6370558
2007-12-06,103.25048065185547,105.16252136230469,103.18355560302734,104.87571716308594,60.66230392456055,5560013
2007-12-07,104.85659790039062,105.16252136230469,103.20267486572266,104.0726547241211,60.197818756103516,6260833
2007-12-10,104.56979370117188,105.41108703613281,104.20649719238281,104.57935333251953,60.49089813232422,4646541
2007-12-11,104.53154754638672,105.54492950439453,101.77820587158203,102.28489685058594,59.163719177246094,8827926
2007-12-12,104.36902618408203,105.35372924804688,102.65774536132812,103.6998062133789,59.98215103149414,8242271
2007-12-13,103.25048065185547,103.86233520507812,102.23709106445312,103.42256164550781,59.821800231933594,6540429
2007-12-14,102.5908203125,102.82982635498047,99.52198791503906,101.11854553222656,58.489105224609375,10157915
2007-12-17,100.73613739013672,101.32887268066406,99.42638397216797,99.93307495117188,57.803401947021484,7459131
2007-12-18,100.45889282226562,102.26577758789062,99.55066680908203,101.63479614257812,58.7877082824707,8411932
2007-12-19,101.85468292236328,103.61376953125,101.21414947509766,102.42829895019531,59.24669647216797,7354531
2007-12-20,103.04015350341797,104.6749496459961,102.87763214111328,104.05353546142578,60.1867561340332,8400321
2007-12-21,105.06692504882812,106.2715072631836,104.34990692138672,106.16635131835938,61.40887451171875,13855944
2007-12-24,106.30975341796875,107.07456970214844,105.68833923339844,106.73995971679688,61.74064254760742,2450150
2007-12-26,106.02294158935547,107.25621032714844,106.02294158935547,106.65392303466797,61.69089889526367,4026472
2007-12-27,105.6692123413086,106.40535736083984,104.6749496459961,104.78011322021484,60.607025146484375,4721226
2007-12-28,105.88909912109375,105.88909912109375,104.31166076660156,105.24856567382812,60.87797546386719,6102887
2007-12-31,104.69407653808594,105.16252136230469,102.54302215576172,103.34607696533203,59.77754211425781,5995986
2008-01-02,104.19693756103516,104.19693756103516,99.58891296386719,100.08604431152344,57.891876220703125,9940661
2008-01-03,100.21988677978516,100.9273452758789,99.40726470947266,100.28680419921875,58.00802230834961,7875229
2008-01-04,99.37858581542969,99.37858581542969,96.06118774414062,96.68260192871094,55.923240661621094,11542192
2008-01-07,95.84130096435547,96.55831909179688,94.6749496459961,95.65009307861328,55.32603454589844,13232318
2008-01-08,95.65009307861328,95.96558380126953,92.8967514038086,93.29827880859375,53.965675354003906,9868382
2008-01-09,93.46080017089844,94.7896728515625,92.88719177246094,93.98661804199219,54.36384582519531,11424517
2008-01-10,93.1070785522461,96.42447662353516,92.87763214111328,95.52581024169922,55.25413513183594,11123896
2008-01-11,94.83747863769531,95.08604431152344,92.77246856689453,93.37476348876953,54.00994110107422,9372055
2008-01-14,100.3919677734375,100.94646453857422,96.8738021850586,98.4034423828125,56.918617248535156,18837832
2008-01-15,97.54302215576172,100.03823852539062,96.77820587158203,97.35181427001953,56.31033706665039,12164457
2008-01-16,95.73613739013672,98.33651733398438,95.73613739013672,97.16061401367188,56.1997184753418,13265058
2008-01-17,97.51434326171875,98.90057373046875,95.65009307861328,96.65392303466797,55.906673431396484,12482964
2008-01-18,102.02677154541016,102.02677154541016,97.99235534667969,98.85277557373047,57.17853927612305,24969798
2008-01-22,94.216064453125,98.55640411376953,94.216064453125,96.76863861083984,55.9730224609375,15825457
2008-01-23,95.24856567382812,101.66348266601562,94.16825866699219,101.43403625488281,58.67156219482422,20489153
2008-01-24,101.70172119140625,102.78202819824219,100.07648468017578,102.20841217041016,59.11949920654297,13624882
2008-01-25,103.04971313476562,103.04971313476562,99.52198791503906,99.92351531982422,57.79783630371094,10486568
2008-01-28,99.84703826904297,101.11854553222656,99.26386260986328,100.36328887939453,58.05225372314453,8219991
2008-01-29,100.86042022705078,102.1032485961914,100.0,101.43403625488281,58.67156219482422,6920545
2008-01-30,101.19503021240234,102.9158706665039,100.24856567382812,101.00382232666016,58.422760009765625,7772931
2008-01-31,99.62715148925781,103.22179412841797,99.13957977294922,102.39962005615234,59.2301139831543,9471112
2008-02-01,102.44741821289062,104.58891296386719,101.20458984375,104.2829818725586,60.319480895996094,8417267
2008-02-04,103.8910140991211,104.20649719238281,102.51434326171875,103.18355560302734,59.683528900146484,6260833
2008-02-05,102.35181427001953,103.29827880859375,100.07648468017578,100.40152740478516,58.07436752319336,9465149
2008-02-06,100.43020629882812,101.806884765625,99.02485656738281,99.03441619873047,57.50259780883789,8645922
2008-02-07,98.36520385742188,99.42638397216797,96.17591094970703,97.83938598632812,56.80873107910156,11773567
2008-02-08,97.69598388671875,99.11090087890625,97.58126068115234,98.7284927368164,57.324954986572266,6365538
2008-02-11,98.5181655883789,100.90821838378906,98.34607696533203,100.51625061035156,58.36302947998047,6378822
2008-02-12,100.53536987304688,102.60993957519531,100.0956039428711,101.84512329101562,59.13460159301758,8002109
2008-02-13,102.41873931884766,104.13957977294922,102.1032485961914,103.65200805664062,60.1837272644043,6912177
2008-02-14,103.193115234375,103.7284927368164,100.86042022705078,101.46271514892578,58.91255569458008,7678268
2008-02-15,100.64053344726562,101.57743835449219,100.38240814208984,101.49139404296875,58.92920684814453,6522438
2008-02-19,102.23709106445312,102.88719177246094,100.03823852539062,100.38240814208984,58.285335540771484,7715714
2008-02-20,100.79350280761719,103.45124053955078,99.93307495117188,103.1070785522461,59.867332458496094,8023866
2008-02-21,103.34607696533203,104.78011322021484,101.74951934814453,102.22753143310547,59.35663604736328,8711088
2008-02-22,102.42829895019531,103.70936584472656,101.06118774414062,103.31739807128906,59.98943328857422,8281391
2008-02-25,102.7055435180664,105.46845245361328,102.7055435180664,105.23900604248047,61.105224609375,8533268
2008-02-26,104.7036361694336,109.93307495117188,104.25430297851562,109.34990692138672,63.49213409423828,19509469
2008-02-27,108.83364868164062,111.5009536743164,107.94454956054688,111.33843231201172,64.64673614501953,12400225
2008-02-28,110.51625061035156,110.80306243896484,109.52198791503906,110.17208099365234,63.969486236572266,7559651
2008-02-29,109.02485656738281,110.07648468017578,108.36520385742188,108.85277557373047,63.2034797668457,8864955
2008-03-03,108.85277557373047,109.76099395751953,108.48948669433594,109.20649719238281,63.408870697021484,6627142
2008-03-04,108.41300201416016,110.63097381591797,107.79158782958984,110.62141418457031,64.23040771484375,8988592
2008-03-05,111.29063415527344,111.29063415527344,109.22562408447266,110.31549072265625,64.05278778076172,8822173
2008-03-06,110.0,110.08604431152344,107.3135757446289,107.57170104980469,62.459617614746094,8387246
2008-03-07,106.93116760253906,109.7036361694336,106.88336181640625,108.92925262451172,63.24787521362305,8498645
2008-03-10,108.14531707763672,110.88909912109375,108.14531707763672,108.99617767333984,63.2867317199707,10195676
2008-03-11,110.70745849609375,111.43403625488281,109.02485656738281,111.36711120605469,64.66336822509766,10962708
2008-03-12,111.3193130493164,112.81070709228516,110.04779815673828,111.9216079711914,64.9853515625,9501027
2008-03-13,110.602294921875,111.64435577392578,108.64244842529297,110.8126220703125,64.34142303466797,9988149
2008-03-14,110.96558380126953,111.39579010009766,107.73422241210938,110.16252136230469,63.9639778137207,10182392
2008-03-17,108.03059387207031,111.8929214477539,108.03059387207031,110.46845245361328,64.14158630371094,9707194
2008-03-18,111.47227478027344,113.22179412841797,108.80496978759766,113.20267486572266,65.72915649414062,10424959
2008-03-19,113.08795166015625,113.2887191772461,111.52007293701172,111.79732513427734,64.91314697265625,9742862
2008-03-20,111.94072723388672,113.26959991455078,111.52007293701172,113.1261978149414,65.68474578857422,11943123
2008-03-24,113.35564422607422,114.52198791503906,112.93498992919922,113.82408905029297,66.08999633789062,8784308
2008-03-25,113.86233520507812,113.86233520507812,111.99808502197266,112.78202819824219,65.48490905761719,8832006
2008-03-26,112.41873931884766,112.78202819824219,109.9043960571289,111.76863861083984,64.8965072631836,10059487
2008-03-27,110.91778564453125,111.0898666381836,109.47418975830078,110.43977355957031,64.12491607666016,8825311
2008-03-28,110.76481628417969,111.61567687988281,109.1873779296875,109.53154754638672,63.59759521484375,6904541
2008-03-31,109.13002014160156,110.77437591552734,108.35564422607422,110.07648468017578,63.913970947265625,10153731
2008-04-01,110.13384246826172,113.16443634033203,109.91395568847656,111.36711120605469,64.66336822509766,12421668
2008-04-02,111.70172119140625,111.73995971679688,108.96749877929688,109.76099395751953,63.730812072753906,8375950
2008-04-03,109.32122039794922,111.68260192871094,108.85277557373047,110.91778564453125,64.4024658203125,7377333
2008-04-04,110.94646453857422,111.45315551757812,109.56022644042969,110.6692123413086,64.25811767578125,5996927
2008-04-07,111.25238800048828,112.20841217041016,110.72657775878906,111.19503021240234,64.56346130371094,6465535
2008-04-08,110.63097381591797,111.73995971679688,110.2103271484375,111.15679168701172,64.541259765625,7618332
2008-04-09,111.37667083740234,112.54302215576172,110.63097381591797,111.63479614257812,64.81880950927734,7132779
2008-04-10,111.78776550292969,113.97705841064453,111.73995971679688,113.55640411376953,65.93455505371094,9570168
2008-04-11,112.15105438232422,112.61949920654297,110.43020629882812,110.8986587524414,64.3913803100586,9996413
2008-04-14,111.0898666381836,112.75334930419922,110.85086059570312,112.12236785888672,65.1019058227539,8101898
2008-04-15,111.95028686523438,112.4952163696289,110.45889282226562,112.01720428466797,65.04084014892578,9039532
2008-04-16,112.95410919189453,115.17208099365234,112.01720428466797,115.17208099365234,66.87267303466797,20206314
2008-04-17,117.00764465332031,118.27915954589844,115.3919677734375,117.66730499267578,68.32148742675781,19873059
2008-04-18,118.4703598022461,119.50286865234375,117.73422241210938,118.92925262451172,69.05421447753906,13065377
2008-04-21,118.18355560302734,119.03441619873047,116.68260192871094,118.88145446777344,69.02644348144531,7272629
2008-04-22,118.42256164550781,118.88145446777344,117.60037994384766,118.23136138916016,68.64898681640625,5666705
2008-04-23,118.25048065185547,119.29254150390625,117.24665069580078,118.16443634033203,68.61011505126953,7942592
2008-04-24,117.95410919189453,119.40726470947266,117.33269500732422,118.7284927368164,68.93763732910156,6272548
2008-04-25,119.02485656738281,119.02485656738281,116.6921615600586,117.66730499267578,68.32148742675781,6603816
2008-04-28,117.21797180175781,117.63862609863281,116.29063415527344,116.33843231201172,67.54987335205078,5863039
2008-04-29,116.67304229736328,117.78202819824219,116.67304229736328,117.44741821289062,68.19381713867188,7558396
2008-04-30,117.9158706665039,118.06883239746094,115.20076751708984,115.3919677734375,67.00032806396484,8502202
2008-05-01,115.73613739013672,118.95793151855469,115.73613739013672,118.17399597167969,68.61566162109375,8608789
2008-05-02,117.87763214111328,118.54684448242188,116.40535736083984,117.76290893554688,68.37699127197266,7234764
2008-05-05,116.91204833984375,117.82982635498047,116.38623046875,116.66348266601562,67.73863220214844,6651828
2008-05-06,116.15679168701172,117.9158706665039,115.46845245361328,117.41873931884766,68.17713928222656,6182278
2008-05-07,117.38050079345703,119.48374938964844,117.02677154541016,118.6806869506836,69.19155883789062,11931513
2008-05-08,118.73805236816406,119.66539001464844,118.26004028320312,119.42638397216797,69.62629699707031,10244524
2008-05-09,118.90057373046875,119.16825866699219,118.193115234375,118.60420989990234,69.14698028564453,5756033
2008-05-12,118.37476348876953,120.44933319091797,118.1261978149414,119.73231506347656,69.80465698242188,9065473
2008-05-13,119.61759185791016,121.12810516357422,119.53154754638672,121.01338195800781,70.55152130126953,10139296
2008-05-14,120.95602416992188,123.16443634033203,120.65009307861328,121.91204833984375,71.07547760009766,9297162
2008-05-15,121.73040008544922,123.02103424072266,121.3193130493164,122.81070709228516,71.59937286376953,7560383
2008-05-16,122.81070709228516,122.82982635498047,121.22370910644531,122.1988525390625,71.24266052246094,6665217
2008-05-19,122.06501007080078,122.57170104980469,120.5066909790039,120.9273452758789,70.5013656616211,6678919
2008-05-20,120.5066909790039,120.5066909790039,118.97705841064453,119.6749496459961,69.77122497558594,7340514
2008-05-21,119.55066680908203,120.84130096435547,117.60993957519531,118.18355560302734,68.9017333984375,8717259
2008-05-22,118.11663818359375,119.83747863769531,118.11663818359375,119.216064453125,69.50366973876953,5262740
2008-05-23,118.88145446777344,119.41682434082031,118.32695770263672,118.73805236816406,69.22500610351562,4917769
2008-05-27,118.55640411376953,121.77820587158203,118.54684448242188,121.72084045410156,70.96397399902344,7310703
2008-05-28,121.8929214477539,123.84320831298828,121.40535736083984,123.84320831298828,72.20132446289062,10329878
2008-05-29,123.0975112915039,124.27342224121094,123.00191497802734,124.0057373046875,72.29608917236328,7909329
2008-05-30,123.53728485107422,124.27342224121094,123.13575744628906,123.73805236816406,72.14002990722656,9050933
2008-06-02,122.83938598632812,123.6806869506836,121.12810516357422,121.75907897949219,70.98628997802734,7948868
2008-06-03,121.86424255371094,123.32695770263672,121.85468292236328,122.21797180175781,71.2538070678711,7571157
2008-06-04,122.24665069580078,122.84894561767578,120.88909912109375,121.94072723388672,71.0921630859375,6728186
2008-06-05,121.806884765625,123.36520385742188,121.60611724853516,122.82026672363281,71.60494995117188,6436352
2008-06-06,122.15105438232422,122.5047836303711,119.25430297851562,119.44550323486328,69.63745880126953,8248965
2008-06-09,119.86615753173828,120.63097381591797,118.60420989990234,120.3250503540039,70.15023040771484,5840864
2008-06-10,119.38814544677734,121.14722442626953,119.14913940429688,120.40152740478516,70.19480895996094,5631873
2008-06-11,120.36328887939453,120.36328887939453,117.45697784423828,117.82982635498047,68.69548797607422,7538731
2008-06-12,118.4034423828125,119.58891296386719,117.71510314941406,118.4034423828125,69.0299072265625,7059036
2008-06-13,118.94837188720703,121.00382232666016,118.69024658203125,120.602294921875,70.3118667602539,6673062
2008-06-16,119.94264221191406,121.54875946044922,119.16825866699219,121.13766479492188,70.6240005493164,6569089
2008-06-17,121.51051330566406,121.51051330566406,119.13957977294922,119.59847259521484,69.72663116455078,5520683
2008-06-18,119.0726547241211,119.91395568847656,118.26004028320312,118.6998062133789,69.20271301269531,6918976
2008-06-19,118.23136138916016,120.0956039428711,116.97896575927734,119.52198791503906,69.68201446533203,7918429
2008-06-20,119.32122039794922,119.52198791503906,117.11280822753906,117.34225463867188,68.41122436523438,10067645
2008-06-23,117.5908203125,119.02485656738281,117.01720428466797,118.03059387207031,68.81253814697266,6121506
2008-06-24,117.66730499267578,118.78585052490234,116.53919982910156,118.03059387207031,68.81253814697266,7900333
2008-06-25,118.23136138916016,120.2963638305664,117.78202819824219,119.1013412475586,69.43680572509766,7459549
2008-06-26,118.00191497802734,118.37476348876953,115.44933319091797,115.80306243896484,67.51387786865234,10157288
2008-06-27,115.6978988647461,116.68260192871094,113.05927276611328,114.77055358886719,66.91191101074219,12196778
2008-06-30,114.75143432617188,114.93307495117188,112.95410919189453,113.31739807128906,66.064697265625,8827194
2008-07-01,112.33269500732422,114.11090087890625,111.47227478027344,114.02485656738281,66.47715759277344,10532592
2008-07-02,113.20267486572266,115.24856567382812,112.92543029785156,113.86233520507812,66.3824462890625,8465487
2008-07-03,114.6749496459961,115.46845245361328,112.7055435180664,114.2829818725586,66.6276626586914,6396499
2008-07-07,114.35946655273438,117.24665069580078,114.35946655273438,116.15679168701172,67.72008514404297,9551131
2008-07-08,115.24856567382812,118.53728485107422,115.24856567382812,118.43212127685547,69.04664611816406,10264712
2008-07-09,118.74761199951172,119.02485656738281,115.10516357421875,115.10516357421875,67.10699462890625,9944008
2008-07-10,115.35372924804688,118.1070785522461,115.35372924804688,117.76290893554688,68.65646362304688,10516066
2008-07-11,116.44359588623047,118.29827880859375,115.26768493652344,116.74951934814453,68.06568145751953,9248104
2008-07-14,118.0783920288086,118.78585052490234,115.90821838378906,116.19503021240234,67.74238586425781,8700000
2008-07-15,115.67877960205078,119.02485656738281,114.62715148925781,117.78202819824219,68.66761779785156,11203183
2008-07-16,117.4091796875,121.30975341796875,116.8738021850586,120.40152740478516,70.19480895996094,10354145
2008-07-17,120.83174133300781,121.37667083740234,118.54684448242188,120.95602416992188,70.5180892944336,12863917
2008-07-18,120.2772445678711,124.2829818725586,119.9043960571289,124.17781829833984,72.39640808105469,19160419
2008-07-21,124.1204605102539,124.1873779296875,122.02677154541016,123.00191497802734,71.71086120605469,8137462
2008-07-22,121.8929214477539,124.2829818725586,121.66348266601562,124.2829818725586,72.45770263671875,11954316
2008-07-23,124.0726547241211,124.59847259521484,122.64818572998047,123.82408905029297,72.19017028808594,10700894
2008-07-24,123.38432312011719,125.17208099365234,123.13575744628906,124.2829818725586,72.45770263671875,9357830
2008-07-25,123.32695770263672,124.1873779296875,122.37093353271484,122.87763214111328,71.63835906982422,7913513
2008-07-28,122.07456970214844,122.79158782958984,120.58317565917969,120.6978988647461,70.3675765991211,6377253
2008-07-29,120.97514343261719,122.53346252441406,120.6978988647461,122.04589080810547,71.15347290039062,6254452
2008-07-30,122.48565673828125,123.32695770263672,121.5009536743164,123.193115234375,71.82233428955078,6094101
2008-07-31,122.46653747558594,123.80496978759766,122.12236785888672,122.35181427001953,71.33183288574219,6126736
2008-08-01,122.86807250976562,123.61376953125,120.72657775878906,121.07074737548828,70.58496856689453,5166926
2008-08-04,121.19503021240234,122.46653747558594,120.6978988647461,121.95028686523438,71.0977554321289,6270665
2008-08-05,122.56214141845703,123.23136138916016,121.49139404296875,123.20267486572266,71.82791137695312,7290515
2008-08-06,122.8011474609375,123.80496978759766,122.13192749023438,123.47992706298828,72.26992797851562,6541475
2008-08-07,122.65774536132812,124.25430297851562,122.27533721923828,123.37476348876953,72.20840454101562,6938641
2008-08-08,122.84894561767578,124.16825866699219,122.01720428466797,123.14531707763672,72.07410430908203,8955643
2008-08-11,122.78202819824219,122.78202819824219,120.21988677978516,121.03250122070312,70.83749389648438,7834958
2008-08-12,120.46845245361328,120.93690490722656,118.92925262451172,119.71319580078125,70.06535339355469,7318653
2008-08-13,119.50286865234375,121.40535736083984,119.26386260986328,120.26768493652344,70.389892578125,6127259
2008-08-14,119.5124282836914,122.60993957519531,119.31166076660156,121.35755157470703,71.02777099609375,7126398
2008-08-15,121.4818344116211,121.5965576171875,119.83747863769531,120.80306243896484,70.70323181152344,5822245
2008-08-18,120.9273452758789,121.4149169921875,118.24092102050781,119.11090087890625,69.71285247802734,6244620
2008-08-19,118.193115234375,119.3021011352539,116.64435577392578,117.17017364501953,68.57699584960938,9739934
2008-08-20,118.06883239746094,118.5181655883789,116.64435577392578,117.12236785888672,68.54903411865234,7187694
2008-08-21,116.23326873779297,118.00191497802734,116.20458984375,117.58126068115234,68.81761169433594,6605490
2008-08-22,117.87763214111328,119.83747863769531,117.39962005615234,119.43594360351562,69.9030990600586,6264703
2008-08-25,119.0057373046875,119.43594360351562,117.30401611328125,117.45697784423828,68.74486541748047,6095460
2008-08-26,117.18929290771484,117.44741821289062,116.15679168701172,117.11280822753906,68.54340362548828,6504237
2008-08-27,117.03633117675781,119.35946655273438,116.806884765625,117.95410919189453,69.03579711914062,6112615
2008-08-28,118.60420989990234,119.93307495117188,118.14531707763672,119.1013412475586,69.707275390625,5698817
2008-08-29,118.26959991455078,118.53728485107422,116.28107452392578,116.37667083740234,68.11256408691406,7485176
2008-09-02,117.46653747558594,118.54684448242188,112.71510314941406,113.20267486572266,66.25491333007812,12290291
2008-09-03,113.13575744628906,113.43212127685547,110.08604431152344,113.13575744628906,66.2157211303711,11837164
2008-09-04,112.8011474609375,113.67112731933594,109.84703826904297,109.94264221191406,64.34687042236328,10599955
2008-09-05,109.13002014160156,110.02867889404297,108.193115234375,109.3021011352539,63.97199630737305,9216724
2008-09-08,112.81070709228516,113.0783920288086,110.07648468017578,112.13192749023438,65.62823486328125,10933629
2008-09-09,112.60037994384766,112.90631103515625,109.94264221191406,109.98088073730469,64.36925506591797,8479190
2008-09-10,111.28107452392578,114.6749496459961,110.9942626953125,112.84894561767578,66.04785919189453,12397401
2008-09-11,111.47227478027344,114.1204605102539,111.00382232666016,113.95793151855469,66.6969223022461,10185320
2008-09-12,113.44168090820312,114.03441619873047,111.68260192871094,113.73805236816406,66.5682373046875,6940315
2008-09-15,110.28680419921875,113.20267486572266,110.12428283691406,110.12428283691406,64.45318603515625,10364082
2008-09-16,108.7284927368164,112.46653747558594,108.33651733398438,110.94646453857422,64.93440246582031,14302167
2008-09-17,109.74187469482422,110.42064666748047,105.74569702148438,106.56787872314453,62.371673583984375,12863708
2008-09-18,107.94454956054688,113.37476348876953,106.15679168701172,110.05735778808594,64.41401672363281,16730770
2008-09-19,114.3307876586914,118.54684448242188,112.33269500732422,113.62332916259766,66.5010986328125,15096500
2008-09-22,113.24092102050781,114.85659790039062,110.91778564453125,111.09942626953125,65.02393341064453,9250824
2008-09-23,111.09942626953125,112.97322845458984,109.1204605102539,110.28680419921875,64.5483169555664,8381389
2008-09-24,111.78776550292969,112.97322845458984,109.23518371582031,111.33843231201172,65.16381072998047,6876509
2008-09-25,112.57170104980469,116.62523651123047,111.01338195800781,114.82791900634766,67.20611572265625,6840003
2008-09-26,112.05545043945312,115.68833923339844,111.86424255371094,114.16825866699219,66.82002258300781,4979483
2008-09-29,112.27533721923828,113.22179412841797,105.1147232055664,109.42638397216797,64.04472351074219,10027688
2008-09-30,110.73613739013672,111.81644439697266,106.8929214477539,111.81644439697266,65.44355773925781,19865527
2008-10-01,110.43020629882812,111.66348266601562,103.011474609375,105.28680419921875,61.621925354003906,13738582
2008-10-02,103.70936584472656,105.13384246826172,98.50860595703125,100.13384246826172,58.60602569580078,11985277
2008-10-03,100.53536987304688,106.07074737548828,98.4990463256836,98.8910140991211,57.878604888916016,10081243
2008-10-06,96.75907897949219,98.4703598022461,92.35181427001953,96.19503021240234,56.30073165893555,12051384
2008-10-07,97.03633117675781,98.1070785522461,90.0956039428711,91.44359588623047,53.519805908203125,11941241
2008-10-08,87.48565673828125,93.193115234375,86.02294158935547,86.56787872314453,50.66618347167969,18807498
2008-10-09,91.09942626953125,91.11854553222656,84.34990692138672,85.08604431152344,49.798885345458984,22273106
2008-10-10,83.56596374511719,87.62906646728516,79.83747863769531,83.8910140991211,49.09946060180664,25770720
2008-10-13,86.46271514892578,89.4933090209961,83.1261978149414,88.15487670898438,51.595027923583984,17888274
2008-10-14,92.17973327636719,94.64627075195312,87.95410919189453,89.48374938964844,52.372764587402344,15809453
2008-10-15,88.69024658203125,91.09942626953125,83.85277557373047,84.40726470947266,49.40163040161133,11852017
2008-10-16,85.44933319091797,87.95410919189453,80.64053344726562,87.4952163696289,51.20893096923828,17019780
2008-10-17,87.71510314941406,91.6921615600586,83.85277557373047,86.78776550292969,50.79487228393555,15931312
2008-10-20,88.15487670898438,89.20649719238281,85.40152740478516,88.44168090820312,51.76286315917969,10195467
2008-10-21,88.16443634033203,88.39388275146484,84.6749496459961,84.95220184326172,49.72054672241211,10163354
2008-10-22,83.17399597167969,83.73805236816406,77.24665069580078,79.92351531982422,46.77737808227539,14851213
2008-10-23,80.3919677734375,82.11280822753906,77.43785858154297,80.64053344726562,47.19702911376953,12926468
2008-10-24,75.783935546875,80.602294921875,75.35372924804688,78.46080017089844,45.92128372192383,12852516
2008-10-27,76.73995971679688,80.783935546875,75.53536987304688,76.15679168701172,44.57280731201172,11609659
2008-10-28,77.82026672363281,83.75717163085938,76.02294158935547,83.44168090820312,48.83647918701172,14859371
2008-10-29,83.88145446777344,86.99808502197266,82.45697784423828,84.32122039794922,49.35124969482422,13275832
2008-10-30,87.00764465332031,88.33651733398438,84.99044036865234,86.70172119140625,50.74451446533203,12587355
2008-10-31,86.9024887084961,90.04779815673828,85.1147232055664,88.88145446777344,52.02027130126953,10989590
2008-11-03,88.56596374511719,90.5066909790039,88.11663818359375,88.60420989990234,51.85798645019531,8039870
2008-11-04,90.59273529052734,90.59273529052734,88.02103424072266,89.29254150390625,52.260841369628906,10640958
2008-11-05,88.84320831298828,89.29254150390625,85.75525665283203,85.98470306396484,50.324859619140625,9106685
2008-11-06,83.82408905029297,84.92351531982422,80.57361602783203,81.40535736083984,47.911014556884766,13098012
2008-11-07,82.00764465332031,82.8967514038086,80.54492950439453,82.4760971069336,48.541194915771484,8292479
2008-11-10,84.1204605102539,84.22562408447266,79.1013412475586,80.181640625,47.1907958984375,10130615
2008-11-11,79.58891296386719,80.58317565917969,76.72084045410156,79.1013412475586,46.55497741699219,10474226
2008-11-12,77.17973327636719,78.77629089355469,76.07074737548828,76.23326873779297,44.86700439453125,11891346
2008-11-13,76.11854553222656,80.67877960205078,72.0841293334961,80.5066909790039,47.382110595703125,15798366
2008-11-14,78.99617767333984,81.64435577392578,76.00382232666016,76.79732513427734,45.19896697998047,12576790
2008-11-17,75.90821838378906,76.23326873779297,73.76673126220703,74.0726547241211,43.595375061035156,10789804
2008-11-18,75.65009307861328,77.37093353271484,73.61376953125,76.55831909179688,45.05828857421875,13650928
2008-11-19,76.4149169921875,77.43785858154297,72.39962005615234,72.62906646728516,42.74574279785156,13186294
2008-11-20,71.70172119140625,74.94264221191406,67.4091796875,68.5850830078125,40.365657806396484,18445896
2008-11-21,69.54110717773438,73.59464263916016,66.44359588623047,71.58699798583984,42.1324462890625,20715507
2008-11-24,72.4091796875,78.47992706298828,71.70172119140625,76.37667083740234,44.95139694213867,15714267
2008-11-25,77.79158782958984,78.77629089355469,74.78011322021484,77.1032485961914,45.37899398803711,13095606
2008-11-26,76.02294158935547,78.193115234375,75.15296173095703,78.0783920288086,45.952938079833984,8619668
2008-11-28,77.43785858154297,78.29827880859375,76.57743835449219,78.011474609375,45.91355514526367,4088082
2008-12-01,77.39006042480469,77.78202819824219,73.41300201416016,73.5181655883789,43.269012451171875,10737190
2008-12-02,74.37858581542969,76.4818344116211,72.79158782958984,76.32887268066406,44.92325210571289,9733239
2008-12-03,75.16252136230469,77.43785858154297,73.60420989990234,77.12236785888672,45.39028549194336,10206659
2008-12-04,76.51051330566406,77.27533721923828,72.82982635498047,74.03441619873047,43.57286071777344,11416044
2008-12-05,73.4034423828125,77.9158706665039,71.99808502197266,77.04589080810547,45.34526062011719,11727752
2008-12-08,78.93881225585938,82.1032485961914,78.13575744628906,81.12810516357422,47.74785614013672,11691770
2008-12-09,80.13384246826172,81.67304229736328,78.5850830078125,79.05353546142578,46.52686309814453,9786794
2008-12-10,80.25812530517578,81.25238800048828,78.23136138916016,79.216064453125,46.622520446777344,8563602
2008-12-11,77.9158706665039,79.216064453125,76.26194763183594,77.03633117675781,45.33962631225586,11173790
2008-12-12,75.21988677978516,79.29254150390625,74.62715148925781,78.5850830078125,46.25116729736328,10859258
2008-12-15,78.88145446777344,79.86615753173828,76.4818344116211,79.13002014160156,46.57188034057617,9255217
2008-12-16,79.45507049560547,83.02103424072266,79.22562408447266,82.60037994384766,48.61434555053711,12091551
2008-12-17,81.68260192871094,83.43212127685547,80.93690490722656,82.06501007080078,48.29926300048828,8987232
2008-12-18,81.99808502197266,82.82982635498047,79.31166076660156,80.30592346191406,47.26393508911133,8398857
2008-12-19,81.47227478027344,81.47227478027344,79.32122039794922,79.84703826904297,46.99385452270508,13701136
2008-12-22,79.6080322265625,79.78011322021484,76.78776550292969,78.38432312011719,46.13300704956055,7409132
2008-12-23,78.7284927368164,79.16825866699219,76.60611724853516,77.05545043945312,45.35089111328125,6667622
2008-12-24,77.00764465332031,77.64818572998047,76.40535736083984,76.97896575927734,45.30588150024414,2526299
2008-12-26,77.37093353271484,78.20267486572266,77.00764465332031,77.75334930419922,45.76164627075195,3243960
2008-12-29,78.1261978149414,78.1261978149414,76.17591094970703,77.67686462402344,45.71661376953125,6341480
2008-12-30,78.23136138916016,79.96176147460938,77.93498992919922,79.87571716308594,47.0107536315918,6040022
2008-12-31,79.82791900634766,81.26194763183594,79.82791900634766,80.45889282226562,47.35396957397461,6974414
2009-01-02,80.20076751708984,83.73805236816406,80.20076751708984,83.52772521972656,49.16012191772461,7905877
2009-01-05,82.61949920654297,83.81452941894531,82.39006042480469,83.00191497802734,48.850685119628906,8698222
2009-01-06,83.27915954589844,86.43403625488281,82.57170104980469,85.30592346191406,50.20668411254883,10093377
2009-01-07,83.96749877929688,84.89483642578125,83.2887191772461,83.92925262451172,49.39645767211914,8844035
2009-01-08,83.94837188720703,84.26386260986328,82.1988525390625,83.34607696533203,49.0532341003418,7564463
2009-01-09,83.22179412841797,83.65200805664062,80.54492950439453,80.97514343261719,47.65781021118164,7782554
2009-01-12,80.85086059570312,82.79158782958984,80.70745849609375,81.94072723388672,48.22611999511719,8444044
2009-01-13,81.73995971679688,82.78202819824219,81.06118774414062,81.58699798583984,48.01792907714844,8009431
2009-01-14,80.49713134765625,81.0898666381836,78.4990463256836,79.53154754638672,46.80820846557617,9905620
2009-01-15,79.93307495117188,81.09942626953125,78.64244842529297,80.42064666748047,47.33146667480469,12274601
2009-01-16,80.88909912109375,81.96940612792969,79.42638397216797,81.18547058105469,47.78159713745117,11762584
2009-01-20,81.03250122070312,81.18547058105469,78.16443634033203,78.37476348876953,46.127349853515625,14434905
2009-01-21,82.4952163696289,87.57170104980469,82.21797180175781,87.39962005615234,51.4389533996582,26050630
2009-01-22,85.8795394897461,86.74951934814453,84.23518371582031,86.1089859008789,50.679325103759766,12918832
2009-01-23,84.5124282836914,86.7112808227539,83.94837188720703,85.55449676513672,50.35297393798828,10725370
2009-01-26,85.82218170166016,88.59464263916016,85.58317565917969,87.57170104980469,51.54021072387695,10293477
2009-01-27,87.73422241210938,87.92543029785156,86.52007293701172,87.62906646728516,51.57399368286133,9121957
2009-01-28,88.62332916259766,90.76481628417969,87.86807250976562,90.65009307861328,53.35199737548828,14023931
2009-01-29,89.46463012695312,90.42064666748047,87.97322845458984,88.44168090820312,52.05225372314453,9658241
2009-01-30,88.17399597167969,89.36902618408203,87.23709106445312,87.61949920654297,51.5683479309082,10059382
2009-02-02,86.61567687988281,87.82026672363281,85.74569702148438,86.93116760253906,51.163238525390625,10383014
2009-02-03,87.06501007080078,89.6080322265625,86.19503021240234,89.36902618408203,52.59804916381836,9272267
2009-02-04,89.61759185791016,90.73613739013672,87.78202819824219,88.74761199951172,52.2322883605957,10658531
2009-02-05,88.0783920288086,89.1013412475586,87.20841217041016,88.34607696533203,51.995975494384766,12157553
2009-02-06,88.44168090820312,92.82982635498047,87.61949920654297,91.91204833984375,54.388999938964844,13656471
2009-02-09,91.7112808227539,92.71510314941406,90.55449676513672,92.56214141845703,54.773681640625,8541427
2009-02-10,91.37667083740234,92.56214141845703,88.87189483642578,89.16825866699219,52.76535415649414,14164200
2009-02-11,89.36902618408203,91.55831909179688,88.9101333618164,90.97514343261719,53.83458709716797,11260922
2009-02-12,90.25812530517578,91.01338195800781,88.14531707763672,90.88909912109375,53.78366470336914,10373914
2009-02-13,90.62141418457031,90.9942626953125,89.45507049560547,89.71319580078125,53.08782958984375,7052550
2009-02-17,87.69598388671875,88.42256164550781,86.52007293701172,86.68260192871094,51.294490814208984,9313061
2009-02-18,87.16061401367188,88.193115234375,86.46271514892578,87.48565673828125,51.76966094970703,8883260
2009-02-19,87.05545043945312,88.1070785522461,84.56022644042969,85.01911926269531,50.31011199951172,13203344
2009-02-20,84.17781829833984,85.94646453857422,83.4990463256836,84.8852767944336,50.23090744018555,12971132
2009-02-23,85.37284851074219,85.40152740478516,80.4875717163086,80.65965270996094,47.73039245605469,14131042
2009-02-24,80.90821838378906,83.25048065185547,80.40152740478516,82.60037994384766,48.87881088256836,13509404
2009-02-25,82.21797180175781,83.2887191772461,79.20649719238281,82.12236785888672,48.59593200683594,13228134
2009-02-26,83.03059387207031,86.23326873779297,82.53346252441406,85.05735778808594,50.33272933959961,18224667
2009-02-27,84.24474334716797,89.17781829833984,84.13957977294922,87.98279571533203,52.06386947631836,22291515
2009-03-02,87.16061401367188,87.85850524902344,84.84703826904297,85.13384246826172,50.37798309326172,15932358
2009-03-03,86.19503021240234,86.21414947509766,83.35564422607422,83.9101333618164,49.65385055541992,14376329
2009-03-04,85.05735778808594,87.22753143310547,83.74761199951172,85.55449676513672,50.626895904541016,16099718
2009-03-05,84.25430297851562,86.19503021240234,83.193115234375,83.63288879394531,49.48979949951172,15616885
2009-03-06,83.62332916259766,84.36902618408203,80.12428283691406,82.03633117675781,48.545040130615234,15884556
2009-03-09,80.97514343261719,82.98279571533203,79.36902618408203,79.80879211425781,47.226898193359375,13756783
2009-03-10,81.36711120605469,83.41300201416016,79.96176147460938,83.41300201416016,49.359676361083984,16646881
2009-03-11,83.66156768798828,85.602294921875,82.90631103515625,84.7227554321289,50.134742736816406,12367799
2009-03-12,84.69407653808594,86.61567687988281,83.64244842529297,86.42447662353516,51.1417236328125,12373343
2009-03-13,86.42447662353516,86.66348266601562,85.36328887939453,86.38623046875,51.11909484863281,9531047
2009-03-16,87.61949920654297,88.9101333618164,86.55831909179688,87.20841217041016,51.60561752319336,12336210
2009-03-17,87.1032485961914,88.82408905029297,86.47227478027344,88.82408905029297,52.56168746948242,12018226
2009-03-18,85.52581024169922,88.81452941894531,85.47801208496094,87.90631103515625,52.01860809326172,18780198
2009-03-19,88.75717163085938,89.24474334716797,87.48565673828125,88.5850830078125,52.42028045654297,10354668
2009-03-20,89.06309509277344,90.82218170166016,88.1261978149414,88.44168090820312,52.335426330566406,12754819
2009-03-23,89.57935333251953,94.36902618408203,89.57935333251953,94.36902618408203,55.84294891357422,12977931
2009-03-24,93.39388275146484,95.17208099365234,93.23136138916016,93.97705841064453,55.6109733581543,9776648
2009-03-25,94.13957977294922,95.46845245361328,91.86424255371094,93.64244842529297,55.41295623779297,12569782
2009-03-26,94.13957977294922,94.83747863769531,93.45124053955078,94.43594360351562,55.88249969482422,11960592
2009-03-27,91.76863861083984,91.77820587158203,88.67112731933594,90.00955963134766,53.2631950378418,16469479
2009-03-30,87.95410919189453,90.57361602783203,87.76290893554688,90.36328887939453,53.47250747680664,11468344
2009-03-31,90.783935546875,94.32122039794922,90.67877960205078,92.62906646728516,54.81331253051758,15223170
2009-04-01,91.9024887084961,93.69024658203125,91.49139404296875,93.31739807128906,55.22060775756836,12774693
2009-04-02,94.7896728515625,97.5047836303711,94.05353546142578,96.38623046875,57.03660202026367,16965074
2009-04-03,95.34416961669922,98.14531707763672,95.3250503540039,97.72466278076172,57.82862854003906,11467193
2009-04-06,96.46271514892578,97.37093353271484,95.602294921875,97.09368896484375,57.45524215698242,9225511
2009-04-07,95.76481628417969,96.08030700683594,94.1873779296875,94.40726470947266,55.86553192138672,9171746
2009-04-08,95.07648468017578,97.0841293334961,94.64627075195312,96.73995971679688,57.24591827392578,7620319
2009-04-09,97.5239028930664,97.94454956054688,95.84130096435547,97.22753143310547,57.534423828125,8382330
2009-04-13,95.86997985839844,97.17973327636719,94.68450927734375,95.55449676513672,56.54439926147461,8155871
2009-04-14,94.7227554321289,95.55449676513672,93.94837188720703,94.9043960571289,56.15972900390625,6565428
2009-04-15,93.9101333618164,94.7036361694336,92.1988525390625,94.50286865234375,55.9221305847168,8539753
2009-04-16,95.35372924804688,97.43785858154297,94.818359375,96.96940612792969,57.381683349609375,9685437
2009-04-17,96.73040008544922,97.55258178710938,95.30592346191406,96.81644439697266,57.29118347167969,10684053
2009-04-20,95.8795394897461,96.73995971679688,94.84703826904297,96.01338195800781,56.81597137451172,13100836
2009-04-21,94.08221435546875,97.97322845458984,93.88145446777344,97.81070709228516,57.87955093383789,15927128
2009-04-22,96.72084045410156,99.29254150390625,96.61567687988281,98.04015350341797,58.01531219482422,12677520
2009-04-23,98.13575744628906,98.26004028320312,95.41108703613281,96.95984649658203,57.376014709472656,9874658
2009-04-24,96.72084045410156,97.11280822753906,95.12428283691406,95.67877960205078,56.61795425415039,10624745
2009-04-27,95.22944641113281,97.21797180175781,94.92351531982422,95.55449676513672,56.54439926147461,9007524
2009-04-28,94.99044036865234,98.21223449707031,94.8852767944336,97.45697784423828,57.67020034790039,11621583
2009-04-29,97.4952163696289,100.38240814208984,97.1988525390625,99.46463012695312,58.85823440551758,10233750
2009-04-30,99.95220184326172,101.38623046875,98.32695770263672,98.67112731933594,58.388702392578125,11144607
2009-05-01,99.216064453125,100.24856567382812,98.41300201416016,100.00955963134766,59.180728912353516,6520973
2009-05-04,100.63097381591797,102.05545043945312,100.00955963134766,101.52007293701172,60.07453536987305,8696339
2009-05-05,101.33843231201172,102.12236785888672,100.86997985839844,101.19503021240234,59.88221740722656,7060500
2009-05-06,100.602294921875,100.86042022705078,99.14913940429688,100.01911926269531,59.4954948425293,7877321
2009-05-07,100.04779815673828,100.19120788574219,97.35181427001953,98.0783920288086,58.34107208251953,8913384
2009-05-08,99.02485656738281,99.1873779296875,95.43977355957031,97.02677154541016,57.71551513671875,12107973
2009-05-11,96.64435577392578,99.31166076660156,96.51051330566406,98.37476348876953,58.51736068725586,8632638
2009-05-12,98.45124053955078,99.7896728515625,97.86807250976562,99.36902618408203,59.10879898071289,8327834
2009-05-13,98.35564422607422,98.56596374511719,96.8929214477539,97.76290893554688,58.15340805053711,8579397
2009-05-14,97.24665069580078,98.193115234375,96.33843231201172,96.60611724853516,57.465309143066406,9879575
2009-05-15,96.46271514892578,98.53728485107422,96.14722442626953,96.91204833984375,57.647308349609375,8752300
2009-05-18,97.51434326171875,100.10516357421875,97.45697784423828,99.98088073730469,59.47275924682617,7771257
2009-05-19,99.74187469482422,101.45315551757812,99.42638397216797,100.86997985839844,60.001625061035156,7404843
2009-05-20,100.86997985839844,101.3193130493164,99.24474334716797,99.47418975830078,59.171348571777344,7408923
2009-05-21,98.53728485107422,98.70936584472656,97.26577758789062,98.29827880859375,58.47187423706055,7752429
2009-05-22,98.15487670898438,98.76673126220703,97.27533721923828,97.4091796875,57.942996978759766,5853625
2009-05-26,96.86424255371094,100.98470306396484,96.57743835449219,100.40152740478516,59.72297286987305,7542915
2009-05-27,99.75143432617188,100.54492950439453,98.38432312011719,98.4034423828125,58.5344352722168,7447102
2009-05-28,98.79541015625,100.51625061035156,98.16443634033203,100.08604431152344,59.53530502319336,6409365
2009-05-29,99.87571716308594,101.81644439697266,99.37858581542969,101.60611724853516,60.43952178955078,7187903
2009-06-01,102.23709106445312,103.8910140991211,101.97896575927734,103.60420989990234,61.62807846069336,8080350
2009-06-02,102.78202819824219,104.01529693603516,101.96940612792969,102.13192749023438,60.752288818359375,7369907
2009-06-03,101.84512329101562,101.91204833984375,100.4875717163086,101.806884765625,60.558956146240234,8041648
2009-06-04,101.5009536743164,102.17017364501953,100.95602416992188,101.65392303466797,60.467952728271484,5720051
2009-06-05,102.60993957519531,103.63288879394531,102.05545043945312,102.5239028930664,60.98545837402344,8017590
2009-06-08,101.95028686523438,103.23136138916016,100.86042022705078,102.76290893554688,61.12760925292969,6656535
2009-06-09,103.39388275146484,104.34034729003906,103.24092102050781,103.38432312011719,61.49726104736328,8980851
2009-06-10,104.397705078125,104.47418975830078,102.34225463867188,103.5850830078125,61.6166877746582,7926693
2009-06-11,103.96749877929688,105.77437591552734,103.78585052490234,104.58891296386719,62.21379470825195,9554478
2009-06-12,103.63288879394531,104.47418975830078,103.011474609375,103.45124053955078,61.53707504272461,7584441
2009-06-15,102.8967514038086,104.04397583007812,102.5239028930664,102.88719177246094,61.20156478881836,8961710
2009-06-16,103.6998062133789,104.34034729003906,102.55258178710938,102.60037994384766,61.03093338012695,7563626
2009-06-17,102.73422241210938,103.13575744628906,102.17973327636719,102.2944564819336,60.848968505859375,7705045
2009-06-18,102.22753143310547,102.8011474609375,101.45315551757812,101.65392303466797,60.467952728271484,6492417
2009-06-19,101.63479614257812,101.95984649658203,100.86042022705078,101.23326873779297,60.21774673461914,14182714
2009-06-22,100.55449676513672,101.22370910644531,99.64627075195312,99.92351531982422,59.438621520996094,7630988
2009-06-23,100.14340209960938,100.25812530517578,99.22562408447266,99.84703826904297,59.39316177368164,5389620
2009-06-24,100.75525665283203,101.79732513427734,99.15869903564453,99.56979370117188,59.22821044921875,6689379
2009-06-25,99.13957977294922,102.09368896484375,98.95793151855469,101.39579010009766,60.31439208984375,7218028
2009-06-26,101.81644439697266,101.81644439697266,100.43020629882812,101.03250122070312,60.09830856323242,5363783
2009-06-29,101.32887268066406,101.51051330566406,100.53536987304688,101.17591094970703,60.18361282348633,4897163
2009-06-30,101.04206848144531,101.36711120605469,99.24474334716797,99.82791900634766,59.38178253173828,7858180
2009-07-01,100.38240814208984,101.5965576171875,100.12428283691406,100.22944641113281,59.620628356933594,5792016
2009-07-02,99.23518371582031,99.34034729003906,97.25621032714844,97.25621032714844,57.85199737548828,7349928
2009-07-06,97.1032485961914,97.73422241210938,96.05162811279297,97.17973327636719,57.80653762817383,6822535
2009-07-07,96.88336181640625,97.4760971069336,95.63097381591797,95.783935546875,56.976234436035156,6993138
2009-07-08,95.8795394897461,96.72084045410156,95.12428283691406,96.25238800048828,57.254913330078125,7720317
2009-07-09,96.67304229736328,98.26004028320312,96.4149169921875,97.5908203125,58.05101013183594,6436247
2009-07-10,96.5296401977539,97.24665069580078,95.41108703613281,96.39579010009766,57.34017562866211,7809331
2009-07-13,96.82600402832031,99.09178161621094,95.783935546875,99.06309509277344,58.92681884765625,9931038
2009-07-14,98.87189483642578,99.06309509277344,98.011474609375,98.70936584472656,58.71638870239258,5662521
2009-07-15,100.14340209960938,102.5047836303711,100.0,102.5047836303711,60.97410202026367,9099259
2009-07-16,102.14149475097656,106.0898666381836,102.09368896484375,105.77437591552734,62.918941497802734,15687803
2009-07-17,108.42256164550781,110.44933319091797,108.18355560302734,110.34416961669922,65.63726806640625,21117589
2009-07-20,109.4933090209961,111.73995971679688,109.35946655273438,111.3193130493164,66.2173080444336,11173895
2009-07-21,110.77437591552734,111.8929214477539,110.30592346191406,111.8929214477539,66.55851745605469,8683578
2009-07-22,111.07074737548828,112.04589080810547,110.02867889404297,110.4875717163086,65.72256469726562,9218816
2009-07-23,110.0,112.81070709228516,110.0,111.91204833984375,66.56990814208984,8850624
2009-07-24,111.54875946044922,112.95410919189453,111.5009536743164,112.46653747558594,66.89972686767578,6549006
2009-07-27,111.806884765625,112.73422241210938,111.44359588623047,112.45697784423828,66.89403533935547,5302383
2009-07-28,111.5009536743164,112.35181427001953,111.22370910644531,112.12236785888672,66.69499969482422,6048913
2009-07-29,111.24282836914062,112.12236785888672,110.94646453857422,112.1032485961914,66.68366241455078,5335541
2009-07-30,112.81070709228516,114.1204605102539,112.4952163696289,112.67686462402344,67.02487182617188,7116043
2009-07-31,112.39006042480469,113.75717163085938,112.39006042480469,112.74378967285156,67.0646743774414,5574762
2009-08-03,113.65200805664062,114.68450927734375,113.4703598022461,114.64627075195312,68.19634246826172,6389177
2009-08-04,113.92925262451172,114.53154754638672,113.78585052490234,114.34034729003906,68.01435852050781,5223201
2009-08-05,113.3078384399414,113.76673126220703,112.67686462402344,113.26004028320312,67.37174987792969,5256987
2009-08-06,113.1070785522461,113.193115234375,111.56787872314453,112.21797180175781,67.0632095336914,6279243
2009-08-07,112.9158706665039,114.63671112060547,112.9158706665039,114.08221435546875,68.17733764648438,6028307
2009-08-10,112.97322845458984,113.94837188720703,112.78202819824219,113.47992706298828,67.81737518310547,4164440
2009-08-11,112.83938598632812,113.2887191772461,112.16061401367188,112.60993957519531,67.2974624633789,5067347
2009-08-12,112.42829895019531,114.68450927734375,112.25621032714844,114.04397583007812,68.15447235107422,6579026
2009-08-13,114.03441619873047,114.5124282836914,113.41300201416016,114.32122039794922,68.32014465332031,5741703
2009-08-14,114.04397583007812,114.47418975830078,112.44741821289062,113.35564422607422,67.74313354492188,5017034
2009-08-17,111.55831909179688,112.27533721923828,111.09942626953125,111.72084045410156,66.76616668701172,5595682
2009-08-18,111.67304229736328,112.81070709228516,111.5965576171875,112.45697784423828,67.20603942871094,4483365
2009-08-19,111.24282836914062,113.54684448242188,111.01338195800781,113.35564422607422,67.74313354492188,5060443
2009-08-20,113.23136138916016,114.15869903564453,112.90631103515625,113.71892547607422,67.96023559570312,5064418
2009-08-21,114.38814544677734,114.73231506347656,113.33651733398438,114.62715148925781,68.50296020507812,8688913
2009-08-24,114.64627075195312,115.56405639648438,113.86233520507812,114.0726547241211,68.171630859375,6656116
2009-08-25,114.0057373046875,114.86615753173828,113.48948669433594,113.60420989990234,67.89167022705078,4866201
2009-08-26,113.42256164550781,114.57935333251953,112.34225463867188,114.216064453125,68.25731658935547,4723213
2009-08-27,113.50860595703125,114.3307876586914,112.66730499267578,114.17781829833984,68.23445892333984,4557317
2009-08-28,114.818359375,114.94264221191406,112.5908203125,113.02103424072266,67.54315185546875,6522542
2009-08-31,111.95028686523438,112.86807250976562,111.77820587158203,112.85850524902344,67.44601440429688,5689612
2009-09-01,112.4952163696289,113.6998062133789,111.37667083740234,111.55831909179688,66.66900634765625,6593775
2009-09-02,111.22370910644531,112.0841293334961,110.8986587524414,110.98470306396484,66.3261947631836,5417025
2009-09-03,111.42447662353516,111.5965576171875,110.08604431152344,111.21414947509766,66.46331787109375,5163265
2009-09-04,111.45315551757812,112.33269500732422,111.09942626953125,112.2944564819336,67.10894012451172,3610478
2009-09-08,112.75334930419922,112.97322845458984,111.5009536743164,112.00764465332031,66.93751525878906,6064185
2009-09-09,111.88336181640625,112.4952163696289,111.05162811279297,111.62523651123047,66.70899963378906,5489513
2009-09-10,111.84512329101562,112.64818572998047,111.61567687988281,112.4952163696289,67.2289047241211,5114312
2009-09-11,112.61949920654297,114.0057373046875,112.30401611328125,112.85850524902344,67.44601440429688,6164810
2009-09-14,111.85468292236328,113.75717163085938,111.79732513427734,113.65200805664062,67.92023468017578,4977496
2009-09-15,113.55640411376953,114.19693756103516,112.96366882324219,114.1013412475586,68.18876647949219,6836656
2009-09-16,114.24474334716797,116.63479614257812,114.05353546142578,116.46271514892578,69.59996032714844,11753588
2009-09-17,115.8126220703125,117.38050079345703,115.72657775878906,116.52007293701172,69.63422393798828,8778660
2009-09-18,117.06501007080078,117.4760971069336,116.2715072631836,116.73995971679688,69.76565551757812,10392847
2009-09-21,115.70745849609375,116.7112808227539,115.56405639648438,116.22370910644531,69.45712280273438,4722795
2009-09-22,116.72084045410156,116.73995971679688,115.65965270996094,116.26194763183594,69.4799575805664,5820676
2009-09-23,115.9273452758789,117.34225463867188,115.40152740478516,115.5066909790039,69.02861022949219,5792853
2009-09-24,115.38240814208984,116.3001937866211,115.10516357421875,115.62141418457031,69.0971908569336,5676433
2009-09-25,114.98088073730469,116.3001937866211,114.818359375,115.75525665283203,69.17716217041016,5426543
2009-09-28,115.21988677978516,116.63479614257812,113.70936584472656,114.08221435546875,68.17733764648438,8628036
2009-09-29,114.11090087890625,114.66539001464844,113.38432312011719,113.5850830078125,67.8802261352539,7059245
2009-09-30,113.93881225585938,114.7227554321289,112.38050079345703,114.34990692138672,68.33729553222656,8089032
2009-10-01,114.13957977294922,114.34990692138672,112.39006042480469,112.71510314941406,67.36032104492188,7392605
2009-10-02,112.23709106445312,114.397705078125,112.1032485961914,113.78585052490234,68.0002212524414,7930667
2009-10-05,113.67112731933594,114.89483642578125,112.93498992919922,114.48374938964844,68.41731262207031,5934272
2009-10-06,115.0956039428711,116.24282836914062,114.93307495117188,116.01338195800781,69.33141326904297,6965419
2009-10-07,115.79350280761719,117.44741821289062,115.62141418457031,117.38050079345703,70.1484375,6142112
2009-10-08,117.13192749023438,117.57170104980469,116.49139404296875,116.91204833984375,69.86849212646484,6796908
2009-10-09,117.04589080810547,120.45889282226562,116.9216079711914,120.3919677734375,71.94813537597656,13726763
2009-10-12,119.92351531982422,121.51051330566406,119.69407653808594,121.45315551757812,72.5822982788086,8086103
2009-10-13,120.6692123413086,121.78776550292969,120.65009307861328,121.43403625488281,72.57087707519531,7930040
2009-10-14,122.09368896484375,122.95410919189453,121.03250122070312,122.7055435180664,73.33075714111328,9984593
2009-10-15,121.95028686523438,122.37093353271484,120.76481628417969,122.35181427001953,73.1193618774414,12452212
2009-10-16,117.73422241210938,118.26004028320312,115.91778564453125,116.29063415527344,69.49711608886719,20100877
2009-10-19,116.40535736083984,117.93498992919922,116.26194763183594,117.64818572998047,70.30841064453125,7859749
2009-10-20,117.93498992919922,118.06883239746094,116.15679168701172,117.41873931884766,70.1712646484375,9184612
2009-10-21,116.806884765625,118.65200805664062,115.54492950439453,115.55449676513672,69.05718994140625,7500866
2009-10-22,115.43977355957031,117.5908203125,115.04779815673828,117.2944564819336,70.09700775146484,6304242
2009-10-23,117.54302215576172,117.64818572998047,114.7227554321289,115.06692504882812,68.76580810546875,7111963
2009-10-26,115.30592346191406,117.05545043945312,114.29254150390625,114.82791900634766,68.62297821044922,6839271
2009-10-27,114.89483642578125,116.76863861083984,113.9101333618164,115.34416961669922,68.9314956665039,9879888
2009-10-28,115.17208099365234,116.32887268066406,114.59847259521484,116.15679168701172,69.41712951660156,9184298
2009-10-29,116.77820587158203,117.61949920654297,116.25238800048828,117.46653747558594,70.19983673095703,6599632
2009-10-30,117.23709106445312,117.82982635498047,115.181640625,115.30592346191406,68.90863800048828,8066438
2009-11-02,115.45889282226562,116.56787872314453,114.24474334716797,115.25812530517578,68.88007354736328,7373672
2009-11-03,114.27342224121094,115.86042022705078,114.27342224121094,115.83174133300781,69.22284698486328,5969313
2009-11-04,116.11854553222656,117.11280822753906,115.83174133300781,115.95602416992188,69.297119140625,6645552
2009-11-05,116.74951934814453,118.06883239746094,116.63479614257812,117.6864242553711,70.33125305175781,7010083
2009-11-06,117.12236785888672,118.05927276611328,116.85468292236328,118.05927276611328,70.87071228027344,5208662
2009-11-09,118.4703598022461,120.45889282226562,118.05927276611328,120.45889282226562,72.31120300292969,8121772
2009-11-10,119.7896728515625,121.46271514892578,119.66539001464844,121.32887268066406,72.83345031738281,6740947
2009-11-11,120.98470306396484,121.70172119140625,120.40152740478516,121.5965576171875,72.994140625,6831217
2009-11-12,121.04206848144531,122.03633117675781,120.56405639648438,120.70745849609375,72.46041107177734,5591288
2009-11-13,120.85086059570312,122.17973327636719,120.7170181274414,121.44359588623047,72.90233612060547,5208766
2009-11-16,121.57743835449219,122.60037994384766,121.44359588623047,122.57170104980469,73.57954406738281,8182335
2009-11-17,121.82600402832031,122.99235534667969,121.79732513427734,122.97322845458984,73.82057189941406,1074765
2009-11-18,122.41873931884766,122.7055435180664,121.94072723388672,122.51434326171875,73.54508209228516,4152725
2009-11-19,121.68260192871094,122.21797180175781,120.94646453857422,121.93116760253906,73.19500732421875,5552586
2009-11-20,121.57743835449219,122.07456970214844,120.8986587524414,121.37667083740234,72.86212921142578,5600493
2009-11-23,122.0841293334961,123.26959991455078,122.03633117675781,122.56214141845703,73.57377624511719,7325661
2009-11-24,122.27533721923828,122.67686462402344,121.54875946044922,122.30401611328125,73.41885375976562,5038059
2009-11-25,122.25621032714844,122.58126068115234,121.49139404296875,121.68260192871094,73.04581451416016,4150214
2009-11-27,119.11090087890625,121.05162811279297,118.79541015625,120.17208099365234,72.13904571533203,3471883
2009-11-30,119.61759185791016,121.03250122070312,119.42638397216797,120.79350280761719,72.5121078491211,6592624
2009-12-01,121.6921615600586,122.74378967285156,121.2715072631836,122.3135757446289,73.42457580566406,6881216
2009-12-02,121.72084045410156,122.74378967285156,121.56787872314453,121.61567687988281,73.0056381225586,4809403
2009-12-03,121.988525390625,122.82026672363281,121.65392303466797,121.94072723388672,73.20074462890625,6024960
2009-12-04,122.75334930419922,123.23136138916016,120.45889282226562,121.65392303466797,73.0285873413086,7393651
2009-12-07,121.3001937866211,121.9216079711914,121.02294158935547,121.45315551757812,72.9080581665039,4335042
2009-12-08,121.38623046875,121.74951934814453,120.61185455322266,121.22370910644531,72.77031707763672,5597564
2009-12-09,121.12810516357422,122.74378967285156,120.56405639648438,122.74378967285156,73.68280792236328,6351207
2009-12-10,122.4952163696289,123.77629089355469,122.45697784423828,123.65200805664062,74.22804260253906,7403379
2009-12-11,123.33651733398438,124.06309509277344,123.04971313476562,123.97705841064453,74.42313385009766,6900671
2009-12-14,123.94837188720703,124.26386260986328,123.90057373046875,124.216064453125,74.5666275024414,5440560
2009-12-15,123.76673126220703,124.14913940429688,122.3135757446289,122.83938598632812,73.74022674560547,8224280
2009-12-16,123.0783920288086,123.90057373046875,122.7055435180664,123.04971313476562,73.866455078125,6665635
2009-12-17,122.37093353271484,122.90631103515625,121.5296401977539,121.79732513427734,73.11466979980469,6181337
2009-12-18,122.34225463867188,122.74378967285156,121.4149169921875,122.28489685058594,73.4073715209961,9525504
2009-12-21,122.17973327636719,123.26959991455078,122.06501007080078,122.99235534667969,73.83206176757812,4992035
2009-12-22,123.61376953125,124.26386260986328,123.50860595703125,124.216064453125,74.5666275024414,5790133
2009-12-23,123.99617767333984,124.2829818725586,123.61376953125,124.2829818725586,74.6067886352539,4317470
2009-12-24,124.17781829833984,124.82791900634766,123.78585052490234,124.82791900634766,74.93392944335938,4461295
2009-12-28,125.22944641113281,126.49139404296875,124.97132110595703,126.49139404296875,75.93253326416016,6067218
2009-12-29,126.46271514892578,126.54875946044922,126.00382232666016,126.05162811279297,75.66851043701172,4376673
2009-12-30,125.45889282226562,126.84512329101562,124.93307495117188,126.73995971679688,76.08172607421875,4044882
2009-12-31,126.58699798583984,127.00764465332031,125.0,125.14340209960938,75.12330627441406,4417676
2010-01-04,125.41108703613281,127.12236785888672,125.0956039428711,126.62523651123047,76.01286315917969,6438444
2010-01-05,125.88909912109375,126.05162811279297,124.37858581542969,125.0956039428711,75.09461975097656,7156104
2010-01-06,124.93307495117188,125.70745849609375,124.1013412475586,124.2829818725586,74.6067886352539,5863144
2010-01-07,124.15869903564453,124.52198791503906,123.24092102050781,123.85277557373047,74.34854888916016,6109268
2010-01-08,123.39388275146484,125.16252136230469,123.37476348876953,125.0956039428711,75.09461975097656,4390271
2010-01-11,125.2963638305664,125.2963638305664,123.011474609375,123.78585052490234,74.30838012695312,5993998
2010-01-12,123.35564422607422,125.55449676513672,123.32695770263672,124.77055358886719,74.89949798583984,8453249
2010-01-13,124.65583038330078,125.35372924804688,123.47992706298828,124.50286865234375,74.73880767822266,6752348
2010-01-14,124.80879211425781,126.8738021850586,124.19693756103516,126.49139404296875,75.93253326416016,7438943
2010-01-15,126.22370910644531,127.04589080810547,125.3250503540039,125.98470306396484,75.62836456298828,8885142
2010-01-19,125.84130096435547,128.34608459472656,125.77437591552734,128.2409210205078,76.98274993896484,14556345
2010-01-20,124.7227554321289,125.38240814208984,123.27915954589844,124.52198791503906,74.75028991699219,15896585
2010-01-21,124.73231506347656,124.94264221191406,122.42829895019531,123.32695770263672,74.03291320800781,10050596
2010-01-22,123.011474609375,123.22179412841797,119.85659790039062,119.98088073730469,72.02426147460938,10552676
2010-01-25,120.77437591552734,121.30975341796875,120.181640625,120.57361602783203,72.38007354736328,6002471
2010-01-26,120.38240814208984,122.13192749023438,119.89483642578125,120.21988677978516,72.16775512695312,7463524
2010-01-27,120.28680419921875,121.37667083740234,119.54110717773438,120.77437591552734,72.50060272216797,9120283
2010-01-28,121.44359588623047,121.45315551757812,117.63862609863281,118.3078384399414,71.01994323730469,10064821
2010-01-29,118.85277557373047,119.50286865234375,116.53919982910156,117.00764465332031,70.23944854736328,12103475
2010-02-01,117.81070709228516,119.45507049560547,117.38050079345703,119.1873779296875,71.54793548583984,7576073
2010-02-02,119.3021011352539,120.2772445678711,118.4990463256836,120.00955963134766,72.0414810180664,6171295
2010-02-03,119.65583038330078,120.52581024169922,119.56979370117188,120.13384246826172,72.11608123779297,4369247
2010-02-04,119.68450927734375,119.92351531982422,117.4952163696289,117.5908203125,70.58951568603516,9546737
2010-02-05,117.62906646728516,118.27915954589844,116.47227478027344,118.08795166015625,70.88794708251953,9013382
2010-02-08,117.73422241210938,117.8011474609375,116.38623046875,116.52007293701172,70.25957489013672,5981551
2010-02-09,117.25621032714844,118.73805236816406,117.07456970214844,117.79158782958984,71.02629852294922,6322547
2010-02-10,117.53346252441406,118.21223449707031,116.83556365966797,117.4091796875,70.79571533203125,5459179
2010-02-11,117.18929290771484,118.73805236816406,116.6921615600586,118.2887191772461,71.32605743408203,5323094
2010-02-12,117.60037994384766,118.59464263916016,116.26194763183594,118.54684448242188,71.48171997070312,8386514
2010-02-16,119.41682434082031,119.7227554321289,118.65200805664062,119.7227554321289,72.19075775146484,7089056
2010-02-17,119.98088073730469,120.96558380126953,119.7036361694336,120.77437591552734,72.82488250732422,6095460
2010-02-18,120.58317565917969,122.37093353271484,120.45889282226562,122.18929290771484,73.67802429199219,5780091
2010-02-19,121.74951934814453,122.42829895019531,121.29063415527344,121.5965576171875,73.32061767578125,6593043
2010-02-22,121.70172119140625,121.82600402832031,120.75525665283203,121.2715072631836,73.12461853027344,3983273
2010-02-23,120.91778564453125,122.04589080810547,120.45889282226562,120.8986587524414,72.89981079101562,4803127
2010-02-24,121.43403625488281,122.62906646728516,121.23326873779297,121.97896575927734,73.55120849609375,5001972
2010-02-25,120.5066909790039,121.64435577392578,120.04779815673828,121.4818344116211,73.25145721435547,5919000
2010-02-26,121.42447662353516,122.37093353271484,121.16635131835938,121.56787872314453,73.3033447265625,5004273
2010-03-01,121.8929214477539,123.16443634033203,121.86424255371094,122.9158706665039,74.11613464355469,4788274
2010-03-02,123.04015350341797,123.41300201416016,121.53919982910156,121.81644439697266,73.45320129394531,6289912
2010-03-03,122.11280822753906,122.39006042480469,121.1089859008789,121.3001937866211,73.14191436767578,6683940
2010-03-04,121.4818344116211,121.4818344116211,119.95220184326172,121.14722442626953,73.04967498779297,6309786
2010-03-05,121.57743835449219,121.94072723388672,121.45315551757812,121.65392303466797,73.3552017211914,6422649
2010-03-08,121.47227478027344,121.8929214477539,120.80306243896484,120.85086059570312,72.87098693847656,6484468
2010-03-09,120.7170181274414,120.73613739013672,119.69407653808594,120.02867889404297,72.37523651123047,7875125
2010-03-10,120.44933319091797,120.80306243896484,119.7036361694336,120.0956039428711,72.41556549072266,7234345
2010-03-11,120.181640625,122.18929290771484,120.181640625,121.988525390625,73.55696868896484,8286621
2010-03-12,122.28489685058594,122.72466278076172,121.9024887084961,122.3135757446289,73.75299835205078,5407297
2010-03-15,121.79732513427734,122.69598388671875,121.68260192871094,122.20841217041016,73.68956756591797,4704594
2010-03-16,122.37093353271484,123.21223449707031,121.84512329101562,123.011474609375,74.1738052368164,6417105
2010-03-17,123.23136138916016,123.26004028320312,121.75907897949219,122.14149475097656,73.64920043945312,6640426
2010-03-18,121.85468292236328,123.08795166015625,121.84512329101562,122.73422241210938,74.00659942626953,5182302
2010-03-19,122.09368896484375,123.26004028320312,121.20458984375,122.09368896484375,73.62037658691406,11238538
2010-03-22,121.52007293701172,122.74378967285156,121.00382232666016,122.35181427001953,73.77604675292969,5911887
2010-03-23,122.3135757446289,123.73805236816406,122.02677154541016,123.6806869506836,74.57731628417969,6253511
2010-03-24,122.97322845458984,124.23518371582031,122.82026672363281,122.87763214111328,74.09309387207031,6976088
2010-03-25,123.67112731933594,124.98088073730469,123.45124053955078,123.55640411376953,74.50236511230469,7952947
2010-03-26,123.26004028320312,124.0726547241211,123.05927276611328,123.57552337646484,74.51388549804688,5806137
2010-03-29,123.61376953125,124.23518371582031,122.61949920654297,122.93498992919922,74.1276626586914,4856578
2010-03-30,123.23136138916016,123.45124053955078,122.60993957519531,123.1070785522461,74.23146057128906,3584224
2010-03-31,122.5908203125,123.08795166015625,122.03633117675781,122.60993957519531,73.93167114257812,5130421
2010-04-01,123.27915954589844,123.62332916259766,121.94072723388672,122.60993957519531,73.93167114257812,5209603
2010-04-05,122.73422241210938,124.09178161621094,122.5047836303711,123.66156768798828,74.56581115722656,4308160
2010-04-06,123.02103424072266,123.61376953125,122.41873931884766,123.26004028320312,74.32367706298828,4106910
2010-04-07,122.87763214111328,123.5850830078125,122.38050079345703,122.82982635498047,74.06424713134766,5394222
2010-04-08,122.4091796875,122.5908203125,121.60611724853516,121.99808502197266,73.56273651123047,6283217
2010-04-09,122.25621032714844,123.20267486572266,121.5296401977539,123.0975112915039,74.22563171386719,5423615
2010-04-12,122.9158706665039,123.2887191772461,122.60037994384766,122.71510314941406,73.99508666992188,4175946
2010-04-13,122.61949920654297,123.73805236816406,122.21797180175781,123.35564422607422,74.38133239746094,7132779
2010-04-14,124.02485656738281,125.64053344726562,123.76673126220703,125.47801208496094,75.66107940673828,8938907
2010-04-15,124.7896728515625,125.37284851074219,124.46463012695312,125.13384246826172,75.45355987548828,6720864
2010-04-16,124.93307495117188,126.35755157470703,124.52198791503906,124.8852767944336,75.30367279052734,9985325
2010-04-19,124.64627075195312,126.46271514892578,124.64627075195312,126.4149169921875,76.22599792480469,11875970
2010-04-20,123.5181655883789,124.59847259521484,122.61949920654297,123.98661804199219,74.76179504394531,15916459
2010-04-21,124.15869903564453,124.54110717773438,122.84894561767578,123.31739807128906,74.35826110839844,7906923
2010-04-22,122.98279571533203,123.67112731933594,122.15105438232422,123.45124053955078,74.43895721435547,6295351
2010-04-23,123.4034423828125,124.37858581542969,123.04971313476562,124.27342224121094,74.93472290039062,6482376
2010-04-26,124.05353546142578,125.2772445678711,123.84320831298828,124.98088073730469,75.36131286621094,5528528
2010-04-27,124.1873779296875,126.19503021240234,123.04971313476562,123.15487670898438,74.26024627685547,11418868
2010-04-28,123.70936584472656,124.73231506347656,123.35564422607422,124.37858581542969,74.99813079833984,7449926
2010-04-29,124.80879211425781,125.43977355957031,124.42638397216797,124.7227554321289,75.20567321777344,6053097
2010-04-30,124.69407653808594,124.89483642578125,123.17399597167969,123.32695770263672,74.364013671875,6554968
2010-05-03,123.6998062133789,124.41682434082031,123.13575744628906,123.90057373046875,74.70990753173828,5221737
2010-05-04,123.22179412841797,123.26004028320312,121.00382232666016,122.48565673828125,73.85675048828125,8666110
2010-05-05,121.5296401977539,122.5908203125,121.29063415527344,121.85468292236328,73.47627258300781,6352149
2010-05-06,120.73613739013672,122.30401611328125,110.8986587524414,118.4703598022461,71.80174255371094,13774565
2010-05-07,117.93498992919922,118.91969299316406,114.7227554321289,116.73040008544922,70.74717712402344,11071701
2010-05-10,120.7170181274414,121.09942626953125,119.56022644042969,120.7170181274414,73.16337585449219,8853239
2010-05-11,119.7036361694336,122.77246856689453,119.64627075195312,121.30975341796875,73.52262115478516,6797849
2010-05-12,121.56787872314453,127.00764465332031,121.42447662353516,126.84512329101562,76.87747955322266,17391737
2010-05-13,125.17208099365234,127.24665069580078,125.0956039428711,125.6978988647461,76.18218231201172,10980699
2010-05-14,125.2963638305664,125.8795394897461,123.71892547607422,125.42064666748047,76.0141372680664,10376425
2010-05-17,124.93307495117188,125.96558380126953,123.04015350341797,124.7036361694336,75.57958221435547,9333876
2010-05-18,125.4875717163086,126.18547058105469,124.1873779296875,124.23518371582031,75.295654296875,9759180
2010-05-19,123.6806869506836,124.76099395751953,122.1988525390625,123.193115234375,74.66404724121094,9068088
2010-05-20,121.62523651123047,122.33269500732422,118.24092102050781,118.35564422607422,71.73222351074219,13782619
2010-05-21,116.78776550292969,120.08604431152344,116.06118774414062,119.9043960571289,72.6708755493164,13220917
2010-05-24,119.75143432617188,120.47801208496094,118.5850830078125,118.97705841064453,72.10884094238281,7184556
2010-05-25,116.12810516357422,119.45507049560547,116.12810516357422,119.04397583007812,72.14939880371094,9931561
2010-05-26,119.397705078125,120.40152740478516,117.5908203125,117.81070709228516,71.40194702148438,9501027
2010-05-27,119.55066680908203,120.83174133300781,119.2829818725586,120.83174133300781,73.23290252685547,8081291
2010-05-28,120.42064666748047,120.72657775878906,118.82408905029297,119.75143432617188,72.5781478881836,7763307
2010-06-01,119.20649719238281,121.3001937866211,118.73805236816406,118.87189483642578,72.04511260986328,7463628
2010-06-02,119.35946655273438,121.8929214477539,118.88145446777344,121.806884765625,73.82392120361328,8059744
2010-06-03,122.13192749023438,122.58126068115234,120.8986587524414,122.33269500732422,74.14261627197266,6950984
2010-06-04,120.8126220703125,121.51051330566406,119.1873779296875,119.77055358886719,72.58976745605469,10113983
2010-06-07,120.04779815673828,120.3250503540039,118.67112731933594,118.67112731933594,71.92343139648438,7271164
2010-06-08,118.79541015625,118.98661804199219,117.41873931884766,118.27915954589844,71.68587493896484,8785563
2010-06-09,119.34034729003906,120.30592346191406,118.14531707763672,118.45124053955078,71.79016876220703,8154093
2010-06-10,120.44933319091797,122.58126068115234,120.26768493652344,122.06501007080078,73.9803466796875,7823766
2010-06-11,121.15679168701172,123.13575744628906,120.8795394897461,122.8011474609375,74.42652130126953,6087929
2010-06-14,122.84894561767578,124.25430297851562,122.83938598632812,122.84894561767578,74.45548248291016,7063638
2010-06-15,123.26004028320312,124.23518371582031,122.72466278076172,124.08221435546875,75.20295715332031,6958515
2010-06-16,122.69598388671875,124.93307495117188,122.69598388671875,124.61759185791016,75.52742004394531,6695446
2010-06-17,124.34990692138672,125.26768493652344,124.14913940429688,125.21988677978516,75.8924560546875,5827266
2010-06-18,125.25812530517578,125.47801208496094,124.40726470947266,124.42638397216797,75.41152954101562,10022144
2010-06-21,125.64053344726562,126.13766479492188,124.4933090209961,124.9043960571289,75.70123291015625,7173259
2010-06-22,124.63671112060547,125.68833923339844,123.39388275146484,123.61376953125,74.91905212402344,6307589
2010-06-23,123.56596374511719,125.68833923339844,123.41300201416016,124.38814544677734,75.38835906982422,7171167
2010-06-24,123.87189483642578,124.02485656738281,122.0841293334961,122.55258178710938,74.27588653564453,5821513
2010-06-25,122.69598388671875,123.42256164550781,121.5296401977539,121.5296401977539,73.65589904785156,10899738
2010-06-28,122.03633117675781,123.77629089355469,121.62523651123047,123.3078384399414,74.73358917236328,6626515
2010-06-29,121.74951934814453,122.75334930419922,118.66156768798828,119.58891296386719,72.47966766357422,9807505
2010-06-30,119.34034729003906,119.71319580078125,117.5908203125,118.04971313476562,71.54679870605469,8386828
2010-07-01,118.11663818359375,118.74761199951172,116.26194763183594,117.17973327636719,71.01953125,10190237
2010-07-02,117.86807250976562,117.86807250976562,115.30592346191406,116.5009536743164,70.60814666748047,6751407
2010-07-06,118.14531707763672,119.14913940429688,116.79732513427734,118.03059387207031,71.53521728515625,6640740
2010-07-07,118.04015350341797,121.5296401977539,118.04015350341797,121.4149169921875,73.58637237548828,7416454
2010-07-08,121.76863861083984,122.51434326171875,121.16635131835938,122.34225463867188,74.14839172363281,5689508
2010-07-09,122.27533721923828,122.56214141845703,121.6921615600586,122.33269500732422,74.14261627197266,4077308
2010-07-12,121.76863861083984,123.16443634033203,121.56787872314453,123.011474609375,74.55400848388672,4400417
2010-07-13,123.29827880859375,125.21988677978516,123.03059387207031,124.74187469482422,75.60274505615234,6995334
2010-07-14,123.63288879394531,125.8126220703125,123.46080017089844,124.97132110595703,75.74181365966797,6911131
2010-07-15,124.15869903564453,125.16252136230469,123.85277557373047,124.97132110595703,75.74181365966797,6471393
2010-07-16,124.24474334716797,124.42638397216797,122.22753143310547,122.39962005615234,74.18318176269531,7325033
2010-07-19,123.011474609375,124.64627075195312,122.72466278076172,124.08221435546875,75.20295715332031,8774476
2010-07-20,117.56214141845703,120.9942626953125,117.5239028930664,120.98470306396484,73.32560729980469,17088920
2010-07-21,120.8795394897461,120.93690490722656,119.13957977294922,119.76099395751953,72.58396911621094,9011813
2010-07-22,120.76481628417969,122.16061401367188,120.5066909790039,121.86424255371094,73.85868835449219,7226814
2010-07-23,121.70172119140625,123.13575744628906,121.4149169921875,122.73422241210938,74.38595581054688,5311588
2010-07-26,122.54302215576172,122.78202819824219,121.54875946044922,122.76290893554688,74.40336608886719,5412945
2010-07-27,123.11663818359375,123.48948669433594,122.26577758789062,122.97322845458984,74.53081512451172,4862017
2010-07-28,123.011474609375,123.66156768798828,122.25621032714844,122.78202819824219,74.4149169921875,4444245
2010-07-29,123.38432312011719,123.80496978759766,121.54875946044922,122.39006042480469,74.17735290527344,9407933
2010-07-30,121.82600402832031,123.3078384399414,121.45315551757812,122.75334930419922,74.39754486083984,6297966
2010-08-02,123.56596374511719,125.43020629882812,123.56596374511719,125.00955963134766,75.7649917602539,6733625
2010-08-03,124.31166076660156,125.2772445678711,123.64244842529297,124.63671112060547,75.53900909423828,5326023
2010-08-04,124.7227554321289,125.7170181274414,124.13957977294922,125.49713134765625,76.06047821044922,4777605
2010-08-05,124.98088073730469,126.17591094970703,124.7896728515625,126.03250122070312,76.38495635986328,4728548
2010-08-06,124.6749496459961,124.74187469482422,123.0975112915039,124.41682434082031,75.7793960571289,6418465
2010-08-09,125.03823852539062,126.52007293701172,124.66539001464844,126.19503021240234,76.86243438720703,6413758
2010-08-10,125.41108703613281,126.66348266601562,125.01911926269531,126.04206848144531,76.76930236816406,5723398
2010-08-11,124.94264221191406,124.94264221191406,123.76673126220703,124.1204605102539,75.5988540649414,6606641
2010-08-12,122.07456970214844,123.11663818359375,121.91204833984375,122.65774536132812,74.70796203613281,5368281
2010-08-13,122.33269500732422,122.81070709228516,121.73040008544922,122.24665069580078,74.45757293701172,4884192
2010-08-16,121.86424255371094,122.5908203125,121.37667083740234,122.15105438232422,74.39934539794922,4193623
2010-08-17,123.16443634033203,124.13957977294922,122.27533721923828,122.8011474609375,74.7953109741211,4496022
2010-08-18,123.20267486572266,124.47418975830078,122.17973327636719,123.6998062133789,75.34265899658203,5107827
2010-08-19,123.011474609375,123.8910140991211,122.39006042480469,123.23136138916016,75.05734252929688,5650910
2010-08-20,123.05927276611328,123.3078384399414,121.37667083740234,121.8929214477539,74.24213409423828,6533630
2010-08-23,121.95984649658203,122.39962005615234,120.8795394897461,120.90821838378906,73.64234924316406,4219982
2010-08-24,119.7036361694336,120.47801208496094,119.09178161621094,119.40726470947266,72.72818756103516,5879775
2010-08-25,119.09178161621094,120.07648468017578,118.54684448242188,119.76099395751953,72.94363403320312,5476124
2010-08-26,120.24856567382812,120.24856567382812,117.38050079345703,117.38050079345703,71.49372863769531,8102944
2010-08-27,118.38432312011719,119.31166076660156,117.03633117675781,119.24474334716797,72.62916564941406,6500053
2010-08-30,119.57935333251953,119.76099395751953,117.97322845458984,117.97322845458984,71.8547592163086,3769784
2010-08-31,117.88719177246094,118.53728485107422,116.9024887084961,117.71510314941406,71.6975326538086,5882913
2010-09-01,119.79923248291016,120.75525665283203,119.04397583007812,120.23900604248047,73.23477172851562,5881763
2010-09-02,120.4875717163086,120.67877960205078,119.16825866699219,119.54110717773438,72.8096923828125,5338052
2010-09-03,120.6692123413086,121.988525390625,120.36328887939453,121.96940612792969,74.28873443603516,5379473
2010-09-07,121.40535736083984,121.75907897949219,120.34416961669922,120.41108703613281,73.3395767211914,4553552
2010-09-08,120.47801208496094,120.95602416992188,119.87571716308594,120.53536987304688,73.41529846191406,4683465
2010-09-09,121.67304229736328,121.95984649658203,120.602294921875,120.80306243896484,73.57830810546875,3594788
2010-09-10,121.40535736083984,122.64818572998047,120.70745849609375,122.36137390136719,74.5274658203125,4621960
2010-09-13,122.97322845458984,124.2829818725586,122.86807250976562,123.9101333618164,75.47075653076172,5513780
2010-09-14,122.78202819824219,124.20649719238281,122.78202819824219,123.18355560302734,75.02822875976562,5073623
2010-09-15,122.99235534667969,124.24474334716797,122.88719177246094,123.73805236816406,75.36595916748047,4981575
2010-09-16,123.5181655883789,124.23518371582031,123.13575744628906,123.96749877929688,75.50570678710938,4900510
2010-09-17,124.20649719238281,124.85659790039062,123.99617767333984,124.46463012695312,75.8084945678711,10875680
2010-09-20,124.5124282836914,126.28107452392578,124.38814544677734,125.9942626953125,76.74015808105469,7474193
2010-09-21,125.6692123413086,126.95984649658203,125.02867889404297,126.17591094970703,76.85079956054688,5510223
2010-09-22,125.82218170166016,126.74951934814453,125.62141418457031,126.73995971679688,77.1943359375,5148830
2010-09-23,125.64053344726562,126.94072723388672,125.44933319091797,125.8795394897461,76.6702651977539,4078145
2010-09-24,126.5965576171875,128.25047302246094,126.52007293701172,128.2122344970703,78.09109497070312,7450030
2010-09-27,127.63862609863281,129.06309509277344,127.63862609863281,128.72848510742188,78.405517578125,6438548
2010-09-28,128.7476043701172,129.1969451904297,127.82982635498047,128.9579315185547,78.5452651977539,7825440
2010-09-29,128.48948669433594,129.82791137695312,128.43212890625,129.52198791503906,78.88880920410156,5388155
2010-09-30,129.54110717773438,130.12428283691406,127.79158782958984,128.2409210205078,78.1085433959961,6721387
2010-10-01,129.55067443847656,130.28680419921875,129.14913940429688,129.67495727539062,78.98197937011719,5879775
2010-10-04,129.28298950195312,129.94264221191406,128.47991943359375,129.30210876464844,78.75492095947266,4246655
2010-10-05,130.1912078857422,131.8355712890625,130.13385009765625,131.6061248779297,80.15821838378906,6487815
2010-10-06,130.8604278564453,131.89292907714844,130.8126220703125,131.7781982421875,80.26302337646484,5003018
2010-10-07,131.8546905517578,132.7724609375,131.47227478027344,132.6195068359375,80.77545166015625,6737077
2010-10-08,132.31358337402344,132.97323608398438,131.988525390625,132.74378967285156,80.85111999511719,4749677
2010-10-11,132.68641662597656,133.78585815429688,132.5430145263672,133.51815795898438,81.32276916503906,4188498
2010-10-12,132.31358337402344,133.83364868164062,132.18930053710938,133.69981384277344,81.43344116210938,5896616
2010-10-13,133.75717163085938,135.2581329345703,133.6328887939453,134.1969451904297,81.73621368408203,9188378
2010-10-14,134.17782592773438,135.27725219726562,133.54684448242188,135.27725219726562,82.39421081542969,5913143
2010-10-15,135.85086059570312,135.85086059570312,134.35946655273438,134.85659790039062,82.13800048828125,7552538
2010-10-18,134.70362854003906,136.73995971679688,134.64627075195312,136.5487518310547,83.16867065429688,10797544
2010-10-19,131.26194763183594,133.2122344970703,130.68833923339844,131.95985412597656,80.37366485595703,14810419
2010-10-20,132.1988525390625,133.71893310546875,132.05545043945312,132.95411682128906,80.979248046875,7264993
2010-10-21,133.6615753173828,134.31166076660156,132.31358337402344,133.68069458007812,81.42180633544922,6507375
2010-10-22,133.9866180419922,134.5602264404297,133.32696533203125,133.52772521972656,81.32861328125,4294144
2010-10-25,134.24473571777344,135.181640625,133.6615753173828,133.69024658203125,81.42759704589844,5094020
2010-10-26,133.1644287109375,135.75526428222656,132.4378662109375,134.48374938964844,81.91091918945312,7664147
2010-10-27,133.3843231201172,135.3441619873047,132.88719177246094,135.2103271484375,82.35343933105469,6762704
2010-10-28,135.602294921875,135.70745849609375,134.24473571777344,134.70362854003906,82.04483795166016,5733754
2010-10-29,134.70362854003906,137.66729736328125,134.5602264404297,137.28489685058594,83.61700439453125,8827508
2010-11-01,137.32313537597656,137.91586303710938,136.06118774414062,137.0172119140625,83.4539794921875,5935632
2010-11-02,137.52389526367188,138.34608459472656,137.3900604248047,137.51434326171875,83.75679016113281,4839214
2010-11-03,137.89674377441406,138.10707092285156,136.35755920410156,137.829833984375,83.94892120361328,5420477
2010-11-04,138.4512481689453,140.38241577148438,138.34608459472656,140.33460998535156,85.47454833984375,6927135
2010-11-05,139.52198791503906,140.46844482421875,139.26385498046875,140.45889282226562,85.55023956298828,5225607
2010-11-08,138.9579315185547,140.13385009765625,138.86233520507812,140.0191192626953,85.6613540649414,4664846
2010-11-09,140.24856567382812,141.0420684814453,139.22561645507812,139.71319580078125,85.47418975830078,5962828
2010-11-10,139.66539001464844,140.33460998535156,139.22561645507812,140.10516357421875,85.7139892578125,5409912
2010-11-11,138.33651733398438,139.10133361816406,137.04588317871094,139.034423828125,85.05894470214844,4970801
2010-11-12,138.23135375976562,139.35946655273438,137.23709106445312,137.41873168945312,84.07048034667969,4949149
2010-11-15,137.5621337890625,138.3843231201172,136.9694061279297,137.32313537597656,84.01200866699219,4003774
2010-11-16,136.6443634033203,137.07456970214844,134.9713134765625,135.98471069335938,83.19316101074219,6633837
2010-11-17,136.2237091064453,136.2237091064453,135.17208862304688,135.70745849609375,83.02352142333984,5006051
2010-11-18,136.74952697753906,138.61376953125,136.47227478027344,138.011474609375,84.43309020996094,4431065
2010-11-19,138.0305938720703,138.9579315185547,137.65774536132812,138.67112731933594,84.83670043945312,5246631
2010-11-22,137.66729736328125,139.034423828125,137.2466583251953,138.9961700439453,85.03553771972656,3902312
2010-11-23,137.89674377441406,138.1739959716797,136.07073974609375,136.88336181640625,83.7429428100586,4780534
2010-11-24,137.6195068359375,140.0,137.49522399902344,139.397705078125,85.28119659423828,5098309
2010-11-26,138.91014099121094,138.91014099121094,137.25621032714844,137.5717010498047,84.1640625,2177040
2010-11-29,137.2179718017578,137.35182189941406,135.27725219726562,136.6061248779297,83.5733413696289,5272154
2010-11-30,135.98471069335938,136.48184204101562,135.06692504882812,135.23899841308594,82.73694610595703,8027841
2010-12-01,137.29444885253906,138.7476043701172,137.1988525390625,138.0592803955078,84.46235656738281,7136649
2010-12-02,137.9827880859375,139.43594360351562,137.95411682128906,138.79541015625,84.91271209716797,5621204
2010-12-03,137.90631103515625,139.27342224121094,137.90631103515625,138.9866180419922,85.02967071533203,3881288
2010-12-06,138.18356323242188,139.45506286621094,138.1644287109375,138.61376953125,84.80159759521484,3474603
2010-12-07,139.5984649658203,139.86614990234375,137.5430145263672,137.68641662597656,84.23423767089844,5050716
2010-12-08,138.0019073486328,139.24473571777344,137.51434326171875,138.6042022705078,84.79573059082031,5189624
2010-12-09,139.52198791503906,139.52198791503906,137.2084197998047,137.95411682128906,84.39801788330078,4607944
2010-12-10,138.50860595703125,138.57553100585938,137.4091796875,138.4512481689453,84.7021484375,3664975
2010-12-13,138.75717163085938,139.0057373046875,137.86807250976562,137.93499755859375,84.3863296508789,4959086
2010-12-14,137.91586303710938,139.5889129638672,137.91586303710938,139.4072723388672,85.2870101928711,5021637
2010-12-15,138.7476043701172,139.31166076660156,137.9636688232422,138.3556365966797,84.6436538696289,4651980
2010-12-16,138.47036743164062,138.92926025390625,137.81069946289062,138.193115234375,84.54422760009766,4370816
2010-12-17,138.32696533203125,139.10133361816406,138.04971313476562,138.62332153320312,84.80743408203125,10488242
2010-12-20,138.9961700439453,139.1395721435547,138.04014587402344,138.15487670898438,84.52084350585938,4178770
2010-12-21,138.61376953125,139.56979370117188,137.9827880859375,139.33078002929688,85.240234375,3950847
2010-12-22,139.25430297851562,139.96176147460938,139.17782592773438,139.53155517578125,85.36304473876953,3544685
2010-12-23,139.47418212890625,139.89483642578125,138.93881225585938,139.47418212890625,85.32798767089844,2536027
2010-12-27,138.73805236816406,139.29254150390625,138.62332153320312,138.94837951660156,85.00627136230469,2421176
2010-12-28,138.91969299316406,139.72274780273438,138.68069458007812,139.30210876464844,85.22273254394531,2823782
2010-12-29,139.579345703125,141.0133819580078,139.30210876464844,140.07647705078125,85.69646453857422,3829511
2010-12-30,139.92352294921875,140.64053344726562,139.818359375,140.21987915039062,85.78417205810547,3178899
2010-12-31,140.27725219726562,140.602294921875,139.54110717773438,140.30592346191406,85.8368148803711,3106411
2011-01-03,140.73614501953125,141.68260192871094,140.66921997070312,140.9942626953125,86.25792694091797,4815575
2011-01-04,141.07073974609375,141.70172119140625,140.1912078857422,141.14723205566406,86.35148620605469,5292865
2011-01-05,140.8604278564453,140.9942626953125,140.27725219726562,140.5831756591797,86.00643157958984,4871640
2011-01-06,140.65965270996094,142.2466583251953,140.36329650878906,142.12237548828125,86.94807434082031,5260543
2011-01-07,142.2466583251953,142.31358337402344,140.47801208496094,141.42446899414062,86.5211181640625,4325942
2011-01-10,141.08985900878906,141.5487518310547,140.75526428222656,141.14723205566406,86.35148620605469,3800536
2011-01-11,141.68260192871094,141.8260040283203,140.29637145996094,140.8030548095703,86.14096069335938,4355126
2011-01-12,141.48184204101562,142.72467041015625,141.1759033203125,142.5430145263672,87.20543670654297,4279709
2011-01-13,142.67686462402344,142.72467041015625,141.73040771484375,142.27532958984375,87.04167175292969,3604307
2011-01-14,142.34225463867188,143.4034423828125,141.9407196044922,143.4034423828125,87.7318344116211,4753233
2011-01-18,143.23135375976562,144.7992401123047,142.81069946289062,144.0248565673828,88.11201477050781,9599037
2011-01-19,146.52008056640625,149.26385498046875,146.10899353027344,148.8432159423828,91.05978393554688,12699486
2011-01-20,147.73422241210938,149.10133361816406,147.65774536132812,148.94837951660156,91.1241226196289,7782135
2011-01-21,149.52198791503906,149.88528442382812,148.1453094482422,148.6615753173828,90.94866180419922,7331414
2011-01-24,148.5850830078125,152.76290893554688,148.49903869628906,152.6099395751953,93.36418151855469,7620215
2011-01-25,152.2084197998047,157.12237548828125,152.0076446533203,154.34034729003906,94.42284393310547,8640797
2011-01-26,154.5602264404297,154.78012084960938,153.36520385742188,153.9579315185547,94.18888092041016,5599343
2011-01-27,154.33078002929688,155.0478057861328,153.78585815429688,153.9866180419922,94.20641326904297,5102702
2011-01-28,153.96749877929688,154.7992401123047,151.69215393066406,152.2084197998047,93.11859130859375,7034978
2011-01-31,152.1797332763672,154.87571716308594,151.70172119140625,154.87571716308594,94.75038146972656,7528271
2011-02-01,154.9808807373047,156.73040771484375,154.87571716308594,156.3671112060547,95.6627426147461,6099540
2011-02-02,156.21414184570312,156.4053497314453,155.45889282226562,156.11854553222656,95.51072692871094,4083584
2011-02-03,155.98471069335938,156.97897338867188,155.6501007080078,156.3384246826172,95.6452407836914,4898836
2011-02-04,156.29063415527344,156.92160034179688,156.0420684814453,156.7877655029297,95.92013549804688,3927939
2011-02-07,156.86424255371094,157.73422241210938,156.806884765625,157.5717010498047,96.39974212646484,5154793
2011-02-08,157.5717010498047,158.93881225585938,157.09368896484375,158.7476043701172,97.50367736816406,5870780
2011-02-09,158.33651733398438,158.67112731933594,156.88336181640625,157.4091796875,96.68157958984375,4846746
2011-02-10,156.69215393066406,157.74378967285156,156.0038299560547,156.87380981445312,96.3527603149414,6001739
2011-02-11,156.76864624023438,157.7533416748047,156.12811279296875,156.6443634033203,96.21183013916016,5423719
2011-02-14,156.95985412597656,157.1510467529297,155.68833923339844,156.0420684814453,95.84191131591797,4319771
2011-02-15,155.72657775878906,156.37667846679688,155.3728485107422,155.67877197265625,95.61875915527344,3942060
2011-02-16,156.14723205566406,156.4053497314453,155.5927276611328,156.21414184570312,95.94761657714844,3363936
2011-02-17,156.11854553222656,157.4282989501953,155.68833923339844,157.0172119140625,96.44084930419922,3379103
2011-02-18,157.2275390625,157.5908203125,156.88336181640625,157.5908203125,96.79315948486328,4440270
2011-02-22,156.37667846679688,157.0363311767578,154.66539001464844,154.82791137695312,95.09613800048828,5448928
2011-02-23,154.69407653808594,155.52581787109375,153.09751892089844,153.13575744628906,94.05682373046875,6274013
2011-02-24,152.6099395751953,154.17782592773438,152.0363311767578,153.69981384277344,94.40328216552734,5970045
2011-02-25,153.97705078125,155.2007598876953,153.78585815429688,155.14340209960938,95.2899169921875,4726246
2011-02-28,155.21987915039062,155.82217407226562,154.14913940429688,154.76100158691406,95.05504608154297,4992558
2011-03-01,155.9751434326172,155.9751434326172,152.8489532470703,152.93499755859375,93.93350982666016,4584409
2011-03-02,152.41873168945312,154.0248565673828,152.3996124267578,153.11663818359375,94.04508209228516,3569998
2011-03-03,154.32122802734375,156.7877655029297,154.17782592773438,156.29063415527344,95.99458312988281,4244459
2011-03-04,156.21414184570312,157.08413696289062,153.5850830078125,154.71319580078125,95.02570343017578,5136592
2011-03-07,154.49330139160156,155.8126220703125,151.86424255371094,152.89674377441406,93.91001892089844,5556352
2011-03-08,152.67686462402344,156.24282836914062,152.2084197998047,155.14340209960938,95.2899169921875,5632501
2011-03-09,156.28106689453125,160.3441619873047,156.09942626953125,158.5659637451172,97.39209747314453,9504584
2011-03-10,157.3996124267578,157.4282989501953,154.28298950195312,154.89483642578125,95.13729095458984,7365304
2011-03-11,155.2581329345703,156.06118774414062,153.7667236328125,155.28680419921875,95.37799072265625,4467466
2011-03-14,154.07266235351562,154.85659790039062,153.04971313476562,154.29254150390625,94.767333984375,4498323
2011-03-15,150.43020629882812,152.6195068359375,149.9808807373047,152.02676391601562,93.37567901611328,6773687
2011-03-16,149.63670349121094,150.07647705078125,145.03823852539062,146.27151489257812,89.84075927734375,12756284
2011-03-17,147.2275390625,147.70555114746094,145.98471069335938,147.3996124267578,90.53366088867188,7715714
2011-03-18,149.61758422851562,150.0478057861328,147.53346252441406,149.034423828125,91.53775787353516,11976700
2011-03-21,150.70745849609375,152.6099395751953,150.1625213623047,150.74569702148438,92.58883666992188,6050064
2011-03-22,151.58700561523438,151.63479614257812,150.5927276611328,151.05162048339844,92.77668762207031,4509724
2011-03-23,151.05162048339844,153.04014587402344,150.602294921875,152.51434326171875,93.67515563964844,5002495
2011-03-24,153.18356323242188,153.64244079589844,151.8546905517578,153.0019073486328,93.97462463378906,5382507
2011-03-25,153.90057373046875,155.5831756591797,153.69024658203125,155.0478057861328,95.2312240600586,5594113
2011-03-28,154.43594360351562,155.43020629882812,154.034423828125,154.27342224121094,94.75556182861328,4155549
2011-03-29,154.24473571777344,155.91778564453125,154.06309509277344,155.71701049804688,95.64224243164062,3615708
2011-03-30,156.35755920410156,156.7781982421875,155.85086059570312,156.4053497314453,96.06501007080078,3550229
2011-03-31,156.21414184570312,156.84512329101562,155.89866638183594,155.89866638183594,95.75379943847656,4038397
2011-04-01,156.50096130371094,157.18930053710938,155.86997985839844,157.04588317871094,96.45845794677734,4583467
2011-04-04,157.18930053710938,157.48565673828125,156.38623046875,157.02676391601562,96.44669342041016,3373455
2011-04-05,156.6061248779297,157.4569854736328,156.42446899414062,156.7781982421875,96.29401397705078,3778152
2011-04-06,157.11280822753906,157.50477600097656,156.6061248779297,156.8260040283203,96.3233642578125,3948441
2011-04-07,156.88336181640625,157.31358337402344,156.09942626953125,157.1510467529297,96.5230484008789,3835368
2011-04-08,157.12237548828125,157.1510467529297,155.98471069335938,156.8355712890625,96.32927703857422,3477009
2011-04-11,156.2523956298828,156.7877655029297,155.93690490722656,156.73995971679688,96.27055358886719,4329394
2011-04-12,156.1759033203125,156.56787109375,155.1625213623047,156.07073974609375,95.85951232910156,4038188
2011-04-13,156.7590789794922,157.67686462402344,156.46270751953125,156.73995971679688,96.27055358886719,4374267
2011-04-14,156.63479614257812,158.08795166015625,155.98471069335938,157.71510314941406,96.86945343017578,4915259
2011-04-15,157.74378967285156,159.0248565673828,157.6195068359375,158.90057373046875,97.59761047363281,5530620
2011-04-18,157.3996124267578,158.85276794433594,155.69789123535156,158.64244079589844,97.43904876708984,6444092
2011-04-19,158.4225616455078,159.06309509277344,157.2084197998047,158.12619018554688,97.1219711303711,6848267
2011-04-20,155.92733764648438,158.5946502685547,155.05735778808594,157.50477600097656,96.74028015136719,11392823
2011-04-21,158.34608459472656,161.0420684814453,157.6099395751953,160.87954711914062,98.81307983398438,6441686
2011-04-25,160.27725219726562,161.34799194335938,159.87571716308594,160.29637145996094,98.45491027832031,3748655
2011-04-26,160.602294921875,161.7590789794922,160.03823852539062,161.08030700683594,98.9364013671875,7635800
2011-04-27,161.1950225830078,163.08795166015625,161.05162048339844,162.87762451171875,100.04034423828125,5543486
2011-04-28,162.51434326171875,163.8432159423828,162.23709106445312,163.26959228515625,100.28111267089844,5321734
2011-04-29,163.57553100585938,165.3919677734375,162.9827880859375,163.07839965820312,100.16366577148438,5844734
2011-05-02,164.54110717773438,165.90821838378906,163.94837951660156,164.579345703125,101.08551025390625,5644425
2011-05-03,164.43594360351562,165.85086059570312,163.69981384277344,165.26768493652344,101.50830078125,5238054
2011-05-04,164.78012084960938,165.0286865234375,162.13192749023438,163.11663818359375,100.18711853027344,7207254
2011-05-05,162.97323608398438,163.3556365966797,160.13385009765625,161.05162048339844,98.9188003540039,7669272
2011-05-06,161.5965576171875,162.66729736328125,160.84129333496094,161.46270751953125,99.61479949951172,5062012
2011-05-09,160.98471069335938,162.3804931640625,160.90821838378906,161.66348266601562,99.7386703491211,3760161
2011-05-10,161.806884765625,163.3843231201172,161.7781982421875,162.88719177246094,100.49359893798828,5161801
2011-05-11,162.81069946289062,163.02102661132812,160.4397735595703,162.04588317871094,99.97457885742188,4877707
2011-05-12,162.18930053710938,165.17208862304688,161.2332763671875,164.66539001464844,101.59065246582031,5374871
2011-05-13,164.14913940429688,164.579345703125,161.988525390625,162.44741821289062,100.22229766845703,5405100
2011-05-16,162.34225463867188,163.13575744628906,160.90821838378906,161.4340362548828,99.59709930419922,4876661
2011-05-17,160.46844482421875,163.87188720703125,159.2064971923828,163.0019073486328,100.56437683105469,9176767
2011-05-18,162.6195068359375,163.6615753173828,162.0076446533203,162.94454956054688,100.52899169921875,4345398
2011-05-19,163.34608459472656,163.86233520507812,161.87380981445312,163.08795166015625,100.61749267578125,3701062
2011-05-20,162.90631103515625,163.62332153320312,161.93116760253906,162.67686462402344,100.36384582519531,5093915
2011-05-23,161.16635131835938,161.27151489257812,159.72274780273438,160.8604278564453,99.24317169189453,5380624
2011-05-24,161.08985900878906,161.2523956298828,160.14340209960938,160.602294921875,99.08397674560547,4857206
2011-05-25,160.2581329345703,160.9942626953125,160.14340209960938,160.3728485107422,98.9423828125,4060677
2011-05-26,160.09559631347656,160.13385009765625,158.6042022705078,159.82791137695312,98.6061782836914,6036780
2011-05-27,160.52581787109375,161.06118774414062,159.6558380126953,160.13385009765625,98.79491424560547,3428370
2011-05-31,161.03250122070312,162.41873168945312,160.4397735595703,161.50096130371094,99.6384048461914,9543076
2011-06-01,161.47227478027344,162.12237548828125,159.17782592773438,159.2351837158203,98.2405014038086,5370792
2011-06-02,159.12045288085938,159.75143432617188,158.4225616455078,158.78585815429688,97.9632797241211,4031389
2011-06-03,157.07456970214844,158.5946502685547,156.91204833984375,157.7915802001953,97.34981536865234,5471103
2011-06-06,157.51434326171875,158.29827880859375,157.04588317871094,157.50477600097656,97.17292785644531,3786206
2011-06-07,157.8489532470703,157.97323608398438,156.4149169921875,156.49139404296875,96.5477294921875,4379602
2011-06-08,156.08985900878906,157.6003875732422,156.08030700683594,157.11280822753906,96.93108367919922,4027937
2011-06-09,157.7533416748047,158.6615753173828,157.51434326171875,157.5908203125,97.22602844238281,4497591
2011-06-10,157.33270263671875,157.5908203125,155.70745849609375,156.0038299560547,96.2469253540039,4898732
2011-06-13,157.2084197998047,157.2275390625,155.5736083984375,155.9942626953125,96.2409896850586,5333763
2011-06-14,156.66348266601562,157.33270263671875,156.45315551757812,156.90248107910156,96.80135345458984,7374300
2011-06-15,155.5927276611328,156.2237091064453,154.4168243408203,155.1912078857422,95.7455825805664,5465978
2011-06-16,154.93307495117188,156.4340362548828,154.66539001464844,155.51625061035156,95.94609832763672,5084711
2011-06-17,157.0172119140625,157.83938598632812,156.38623046875,157.2084197998047,96.99007415771484,7478586
2011-06-20,156.50096130371094,158.32696533203125,156.3957977294922,157.76290893554688,97.33220672607422,4138081
2011-06-21,157.93499755859375,159.4168243408203,156.7877655029297,158.91014099121094,98.03996276855469,5635116
2011-06-22,158.30784606933594,159.47418212890625,157.83938598632812,158.3938751220703,97.72151184082031,4142683
2011-06-23,156.84512329101562,159.397705078125,156.5965576171875,158.8145294189453,97.98095703125,5513989
2011-06-24,158.55641174316406,158.64244079589844,157.33270263671875,157.81069946289062,97.36170959472656,4605120
2011-06-27,158.4512481689453,160.84129333496094,157.94454956054688,160.24856567382812,98.86570739746094,4651248
2011-06-28,160.92733764648438,163.193115234375,160.6214141845703,162.53346252441406,100.2753677368164,5073100
2011-06-29,163.10707092285156,163.34608459472656,162.35182189941406,163.04014587402344,100.58798217773438,3992687
2011-06-30,163.5850830078125,164.86614990234375,163.2409210205078,164.0057373046875,101.1836929321289,5340039
2011-07-01,164.06309509277344,166.9694061279297,163.94837951660156,166.86424255371094,102.947265625,5420058
2011-07-05,165.88909912109375,167.71510314941406,165.88909912109375,167.71510314941406,103.47222900390625,4797479
2011-07-06,167.48565673828125,169.9521942138672,167.3900604248047,169.89483642578125,104.81698608398438,6156651
2011-07-07,169.0057373046875,169.47418212890625,168.374755859375,168.71893310546875,104.09150695800781,6177258
2011-07-08,167.7724609375,168.72848510742188,167.31358337402344,168.72848510742188,104.09741973876953,4602295
2011-07-11,167.2084197998047,168.4034423828125,166.93116760253906,167.29444885253906,103.21269226074219,4985759
2011-07-12,167.23709106445312,167.65774536132812,166.24282836914062,166.3957977294922,102.65827941894531,5268493
2011-07-13,167.2084197998047,168.5659637451172,166.34799194335938,166.65391540527344,102.81747436523438,4262241
2011-07-14,166.73040771484375,168.3556365966797,166.1950225830078,166.56787109375,102.76441955566406,4825303
2011-07-15,167.3804931640625,168.2026824951172,166.4149169921875,167.8202667236328,103.5370864868164,5593067
2011-07-18,167.04588317871094,168.69981384277344,165.9464569091797,167.5717010498047,103.38373565673828,9288166
2011-07-19,170.87954711914062,177.06500244140625,170.7935028076172,177.06500244140625,109.24058532714844,13854898
2011-07-20,175.75526428222656,176.30975341796875,174.9521942138672,175.5736083984375,108.320556640625,6172551
2011-07-21,175.51625061035156,177.34225463867188,174.85659790039062,176.76864624023438,109.05780029296875,5186486
2011-07-22,176.52008056640625,177.46653747558594,176.1567840576172,177.0363311767578,109.22297668457031,4723841
2011-07-25,175.8030548095703,176.8260040283203,175.21987915039062,175.6214141845703,108.35002899169922,5216402
2011-07-26,174.89483642578125,175.95602416992188,174.61758422851562,174.88528442382812,107.89585876464844,4556585
2011-07-27,174.0057373046875,174.86614990234375,172.97323608398438,173.374755859375,106.96392059326172,6073913
2011-07-28,173.09751892089844,175.2103271484375,172.92543029785156,173.8049774169922,107.22938537597656,4684825
2011-07-29,172.33270263671875,175.36329650878906,171.8260040283203,173.85276794433594,107.25881958007812,6972218
2011-08-01,174.56979370117188,175.6118621826172,170.6501007080078,172.8011474609375,106.61003112792969,6111464
2011-08-02,172.0363311767578,174.27342224121094,170.03823852539062,170.21987915039062,105.01750946044922,6035838
2011-08-03,169.85659790039062,171.34799194335938,167.69598388671875,170.965576171875,105.47759246826172,7031212
2011-08-04,168.73805236816406,170.09559631347656,163.65200805664062,163.93881225585938,101.14241027832031,11529326
2011-08-05,164.53155517578125,166.55831909179688,159.1969451904297,165.3728485107422,102.02714538574219,12417903
2011-08-08,161.4053497314453,165.0191192626953,158.69981384277344,158.91014099121094,98.46688842773438,16531925
2011-08-09,160.09559631347656,163.52772521972656,154.87571716308594,163.10707092285156,101.06748962402344,13093410
2011-08-10,160.783935546875,161.7877655029297,154.73231506347656,155.3919677734375,96.28689575195312,14637306
2011-08-11,156.88336181640625,161.34799194335938,155.77438354492188,159.397705078125,98.76898956298828,9597678
2011-08-12,161.08985900878906,161.93116760253906,158.53729248046875,160.8030548095703,99.63983917236328,5425602
2011-08-15,163.78585815429688,166.34799194335938,162.89674377441406,165.38241577148438,102.47738647460938,7997088
2011-08-16,164.61758422851562,164.61758422851562,161.56787109375,163.70936584472656,101.4406509399414,5842328
2011-08-17,164.0248565673828,165.38241577148438,162.41873168945312,163.93881225585938,101.58284759521484,5365666
2011-08-18,159.0057373046875,159.1395721435547,153.11663818359375,156.625244140625,97.05108642578125,15776400
2011-08-19,155.03823852539062,156.73040771484375,150.21987915039062,150.6118621826172,93.32493591308594,14715756
2011-08-22,154.25430297851562,154.56979370117188,150.68833923339844,151.988525390625,94.17800903320312,7582559
2011-08-23,153.5850830078125,157.35182189941406,152.51434326171875,157.09368896484375,97.3413314819336,7241772
2011-08-24,156.91204833984375,159.49330139160156,156.16635131835938,159.4263916015625,98.78681945800781,6722642
2011-08-25,160.15296936035156,161.11854553222656,157.6003875732422,158.29827880859375,98.0877456665039,7062174
2011-08-26,157.6003875732422,161.88336181640625,156.09942626953125,161.70172119140625,100.19668579101562,6734357
2011-08-29,163.07839965820312,165.12428283691406,162.86807250976562,165.0286865234375,102.2582015991211,5536896
2011-08-30,164.49330139160156,165.87954711914062,163.36520385742188,164.92352294921875,102.19300842285156,4683674
2011-08-31,165.66921997070312,166.08030700683594,163.2026824951172,164.3498992919922,101.83758544921875,6353613
2011-09-01,165.11471557617188,166.0420684814453,162.6386260986328,162.83938598632812,100.90164184570312,5715239
2011-09-02,160.31549072265625,161.50096130371094,158.69981384277344,159.63670349121094,98.9171371459961,5208139
2011-09-06,155.88909912109375,158.26959228515625,155.06692504882812,157.8489532470703,97.80934143066406,6026215
2011-09-07,159.92352294921875,160.51625061035156,158.85276794433594,159.9521942138672,99.11258697509766,7109244
2011-09-08,159.6558380126953,162.12237548828125,157.83938598632812,157.9827880859375,97.89225769042969,6304451
2011-09-09,157.33270263671875,157.92543029785156,153.73805236816406,154.27342224121094,95.59380340576172,7054119
2011-09-12,153.0019073486328,155.29637145996094,151.7781982421875,155.27725219726562,96.21583557128906,5488571
2011-09-13,156.44358825683594,156.71128845214844,154.43594360351562,156.24282836914062,96.81415557861328,4941095
2011-09-14,156.7973175048828,162.1988525390625,154.86614990234375,159.88528442382812,99.07113647460938,7301812
2011-09-15,161.2237091064453,162.67686462402344,159.87571716308594,162.6099395751953,100.7594223022461,5715762
2011-09-16,163.79541015625,165.38241577148438,162.27532958984375,165.38241577148438,102.47738647460938,11556313
2011-09-19,162.04588317871094,166.2237091064453,161.97897338867188,165.51625061035156,102.56031799316406,4974358
2011-09-20,165.93690490722656,169.6271514892578,165.10516357421875,167.0363311767578,103.50218200683594,6495242
2011-09-21,167.30401611328125,169.85659790039062,165.0286865234375,165.4110870361328,102.49513244628906,7367083
2011-09-22,160.92733764648438,162.49522399902344,159.17782592773438,161.20458984375,99.88862609863281,8572598
2011-09-23,159.64627075195312,162.08413696289062,158.47036743164062,161.89292907714844,100.31515502929688,5843584
2011-09-26,163.44168090820312,167.0172119140625,162.3900604248047,166.8355712890625,103.37779235839844,7056002
2011-09-27,169.04397583007812,171.72084045410156,168.67112731933594,169.89483642578125,105.2734375,7990185
2011-09-28,170.14340209960938,172.8011474609375,169.29254150390625,169.7418670654297,105.17865753173828,8087881
2011-09-29,171.7877655029297,172.95411682128906,167.81069946289062,171.29063415527344,106.13834381103516,7263738
2011-09-30,168.26959228515625,170.43020629882812,167.06500244140625,167.1797332763672,103.59104919433594,8166540
2011-10-03,166.69215393066406,170.09559631347656,165.43020629882812,165.66921997070312,102.65509033203125,9458560
2011-10-04,163.9961700439453,167.37094116210938,161.45315551757812,167.05545043945312,103.51406860351562,9623200
2011-10-05,166.89292907714844,169.50286865234375,165.08604431152344,169.07266235351562,104.76396179199219,6120878
2011-10-06,169.034423828125,173.9866180419922,167.93499755859375,173.69981384277344,107.63114929199219,7511221
2011-10-07,174.30210876464844,175.64053344726562,173.65200805664062,174.3690185546875,108.04582214355469,7157360
2011-10-10,174.9521942138672,178.4225616455078,174.85659790039062,178.41299438476562,110.55160522460938,6050901
2011-10-11,176.47227478027344,177.8202667236328,176.0133819580078,176.86424255371094,109.59197998046875,5575703
2011-10-12,177.89674377441406,179.73231506347656,177.48565673828125,177.93499755859375,110.25544738769531,5583757
2011-10-13,176.8355712890625,179.25430297851562,176.38623046875,178.6042022705078,110.67008209228516,4601563
2011-10-14,179.91395568847656,182.1510467529297,179.47418212890625,182.1510467529297,112.86785888671875,5615137
2011-10-17,181.3671112060547,181.7973175048828,177.72467041015625,178.3843231201172,110.53388977050781,9194654
2011-10-18,170.17208862304688,171.49139404296875,168.49903869628906,171.03250122070312,105.9783706665039,16452952
2011-10-19,171.7781982421875,171.90248107910156,169.22561645507812,169.5889129638672,105.08389282226562,7016882
2011-10-20,170.29637145996094,171.35755920410156,168.4225616455078,169.45506286621094,105.00092315673828,7859435
2011-10-21,171.2332763671875,173.68069458007812,170.88909912109375,173.64244079589844,107.59559631347656,8424693
2011-10-24,173.52772521972656,175.32504272460938,172.67686462402344,174.2351837158203,107.9628677368164,6161568
2011-10-25,173.67112731933594,174.92352294921875,172.09368896484375,172.4282989501953,106.84326171875,5620263
2011-10-26,173.7476043701172,174.26385498046875,171.1567840576172,173.96749877929688,107.79705047607422,5635534
2011-10-27,176.8546905517578,178.7762908935547,175.12428283691406,177.70555114746094,110.1132583618164,7382459
2011-10-28,177.4091796875,179.7992401123047,177.13192749023438,179.2064971923828,111.0433349609375,5240251
2011-10-31,177.4282989501953,178.69024658203125,176.51051330566406,176.51051330566406,109.37278747558594,4926660
2011-11-01,173.5659637451172,175.2007598876953,172.7915802001953,173.374755859375,107.4297103881836,6151735
2011-11-02,175.90821838378906,177.10325622558594,174.9808807373047,175.8317413330078,108.9521713256836,4326884
2011-11-03,176.988525390625,179.52198791503906,175.92733764648438,179.06309509277344,110.95445251464844,5181361
2011-11-04,178.07839965820312,178.91014099121094,176.6156768798828,178.18356323242188,110.40946960449219,3386530
2011-11-07,178.0305938720703,179.47418212890625,176.625244140625,179.08221435546875,110.96625518798828,3693217
2011-11-08,179.2351837158203,179.61758422851562,177.35182189941406,179.01528930664062,111.3707504272461,4529808
2011-11-09,176.09942626953125,177.09368896484375,173.193115234375,174.22561645507812,108.39094543457031,5747561
2011-11-10,175.50669860839844,176.6443634033203,173.87188720703125,175.28680419921875,109.05110931396484,4060154
2011-11-11,177.12237548828125,179.56979370117188,176.9980926513672,179.1395721435547,111.44802856445312,3833904
2011-11-14,180.85086059570312,181.49139404296875,178.6328887939453,179.11090087890625,111.43016815185547,6316376
2011-11-15,179.24473571777344,181.6156768798828,177.47610473632812,180.44932556152344,112.26288604736328,4796224
2011-11-16,179.5602264404297,181.5487518310547,178.10707092285156,178.41299438476562,110.99606323242188,4829173
2011-11-17,178.5946502685547,180.52581787109375,175.32504272460938,177.5621337890625,110.46666717529297,6109163
2011-11-18,178.49903869628906,178.7476043701172,176.53919982910156,177.09368896484375,110.17521667480469,4645181
2011-11-21,175.30592346191406,175.86997985839844,172.08413696289062,173.49903869628906,107.9389419555664,5381775
2011-11-22,174.2064971923828,174.93307495117188,172.3613739013672,173.33651733398438,107.83783721923828,4370816
2011-11-23,172.72467041015625,173.50860595703125,169.71319580078125,170.12428283691406,105.83938598632812,5021741
2011-11-25,170.181640625,171.66348266601562,169.27342224121094,169.27342224121094,105.31002044677734,2335509
2011-11-28,174.67495727539062,174.88528442382812,172.72467041015625,174.1969451904297,108.37309265136719,4732313
2011-11-29,174.01528930664062,175.24856567382812,172.88719177246094,172.9827880859375,107.61775970458984,3830034
2011-11-30,176.45315551757812,180.06692504882812,176.10899353027344,179.73231506347656,111.81680297851562,8197293
2011-12-01,178.78585815429688,181.63479614257812,178.55641174316406,181.11854553222656,112.67924499511719,5082305
2011-12-02,181.56787109375,182.91586303710938,181.11854553222656,181.31930541992188,112.80408477783203,5190461
2011-12-05,182.7724609375,185.09559631347656,182.0076446533203,182.44741821289062,113.5059814453125,5961572
2011-12-06,182.26577758789062,185.0191192626953,181.95028686523438,184.45506286621094,114.75497436523438,4335565
2011-12-07,183.54684448242188,186.32887268066406,182.86807250976562,185.51625061035156,115.4151840209961,5315458
2011-12-08,184.01528930664062,185.27725219726562,182.66729736328125,183.15487670898438,113.94608306884766,4569974
2011-12-09,184.4263916015625,186.30018615722656,183.93881225585938,186.0038299560547,115.71851348876953,5070903
2011-12-12,185.12428283691406,185.3728485107422,182.81069946289062,183.72848510742188,114.30296325683594,3970721
2011-12-13,184.9521942138672,185.75526428222656,182.25621032714844,182.74378967285156,113.69035339355469,5238786
2011-12-14,181.49139404296875,181.91204833984375,179.73231506347656,180.420654296875,112.2450180053711,5290354
2011-12-15,182.10325622558594,182.7915802001953,178.67112731933594,179.2351837158203,111.50750732421875,4680327
2011-12-16,179.7418670654297,179.7418670654297,173.91014099121094,175.49713134765625,109.18199157714844,12394472
2011-12-19,176.3957977294922,176.56787109375,174.2351837158203,174.84703063964844,108.77751922607422,5271735
2011-12-20,177.34225463867188,179.09178161621094,176.63479614257812,179.0057373046875,111.36479187011719,4958145
2011-12-21,175.1625213623047,175.43020629882812,171.16635131835938,173.48948669433594,107.93301391601562,9709495
2011-12-22,174.67495727539062,174.76100158691406,173.04014587402344,174.034423828125,108.27198028564453,5284392
2011-12-23,175.05735778808594,176.72084045410156,173.89100646972656,176.625244140625,109.8837890625,3192706
2011-12-27,176.8355712890625,177.67686462402344,176.28106689453125,176.81643676757812,110.00276947021484,2902859
2011-12-28,177.04588317871094,177.2466583251953,175.27725219726562,175.89866638183594,109.43179321289062,3004112
2011-12-29,175.9751434326172,178.04014587402344,175.91778564453125,177.9923553466797,110.73434448242188,3076914
2011-12-30,178.13575744628906,178.27915954589844,175.7648162841797,175.7935028076172,109.36641693115234,3693321
2012-01-03,178.51815795898438,180.4110870361328,177.8202667236328,178.10707092285156,110.80571746826172,5905716
2012-01-04,177.4091796875,178.13575744628906,176.806884765625,177.3804931640625,110.35368347167969,4546648
2012-01-05,176.68260192871094,176.89292907714844,175.0478057861328,176.53919982910156,109.8302993774414,4668403
2012-01-06,176.28106689453125,176.3671112060547,174.29254150390625,174.51242065429688,108.56930541992188,5122367
2012-01-09,174.1873779296875,174.25430297851562,172.34225463867188,173.6042022705078,108.00432586669922,5440455
2012-01-10,175.17208862304688,175.64053344726562,173.23135375976562,173.33651733398438,107.83783721923828,5398406
2012-01-11,172.7820281982422,174.7705535888672,172.5621337890625,174.30210876464844,108.43852233886719,4299897
2012-01-12,173.86233520507812,173.91014099121094,170.53536987304688,172.6099395751953,107.38581085205078,7197526
2012-01-13,171.58700561523438,171.71128845214844,169.55067443847656,171.28106689453125,106.55900573730469,5522043
2012-01-17,172.4282989501953,173.9961700439453,171.4340362548828,172.08413696289062,107.05863189697266,6279556
2012-01-18,171.92160034179688,173.61376953125,171.6061248779297,173.10707092285156,107.69506072998047,4812228
2012-01-19,173.79541015625,174.34034729003906,172.41873168945312,172.58126831054688,107.367919921875,8961291
2012-01-20,177.6003875732422,180.65965270996094,176.625244140625,180.2294464111328,112.12610626220703,13440786
2012-01-23,179.64627075195312,182.14149475097656,179.4168243408203,181.625244140625,112.99446105957031,6016278
2012-01-24,180.33460998535156,183.8432159423828,180.2294464111328,183.48948669433594,114.15423583984375,5591602
2012-01-25,182.91586303710938,183.78585815429688,181.27151489257812,183.29827880859375,114.03531646728516,4560246
2012-01-26,183.3556365966797,184.31166076660156,182.09368896484375,182.58126831054688,113.58924102783203,4188916
2012-01-27,181.65391540527344,183.33651733398438,181.46270751953125,182.08413696289062,113.27996826171875,3514978
2012-01-30,181.06118774414062,184.25430297851562,179.94264221191406,184.034423828125,114.49325561523438,4559514
2012-01-31,184.5984649658203,184.6080322265625,182.6003875732422,184.13002014160156,114.55281066894531,5048833
2012-02-01,184.71319580078125,186.24282836914062,183.94837951660156,184.14913940429688,114.56465911865234,5322885
2012-02-02,184.24473571777344,184.82791137695312,182.91586303710938,183.10707092285156,113.9163589477539,4087036
2012-02-03,184.4455108642578,185.5927276611328,184.07266235351562,185.12428283691406,115.1712875366211,4729698
2012-02-06,184.01528930664062,185.23899841308594,183.55641174316406,184.34034729003906,114.68362426757812,3807231
2012-02-07,183.9866180419922,185.602294921875,183.52772521972656,184.84703063964844,114.99882507324219,3590918
2012-02-08,184.30210876464844,185.06692504882812,183.29827880859375,184.46463012695312,115.20779418945312,3978775
2012-02-09,184.54110717773438,185.90821838378906,184.08221435546875,184.63670349121094,115.3153076171875,4054714
2012-02-10,183.32696533203125,183.96749877929688,182.86807250976562,183.9579315185547,114.891357421875,3547091
2012-02-13,184.8087921142578,185.17208862304688,183.30784606933594,184.14913940429688,115.01075744628906,2571905
2012-02-14,183.32696533203125,184.13002014160156,182.4378662109375,183.7667236328125,114.7719497680664,3554413
2012-02-15,183.85276794433594,184.93307495117188,182.8489532470703,183.79541015625,114.78987121582031,4205861
2012-02-16,184.1395721435547,184.75143432617188,183.55641174316406,184.53155517578125,115.24964904785156,3687673
2012-02-17,185.1912078857422,185.33460998535156,183.8432159423828,184.91395568847656,115.48845672607422,3918839
2012-02-21,185.2103271484375,185.69789123535156,183.9961700439453,184.88528442382812,115.47056579589844,3445106
2012-02-22,184.54110717773438,186.1759033203125,184.27342224121094,185.3441619873047,115.7571029663086,3426487
2012-02-23,185.3441619873047,190.46844482421875,184.78012084960938,188.91969299316406,117.99022674560547,8402204
2012-02-24,189.6558380126953,189.82791137695312,187.9636688232422,189.06309509277344,118.07980346679688,3507447
2012-02-27,188.12619018554688,189.9713134765625,187.47610473632812,188.8432159423828,117.94242095947266,3931286
2012-02-28,189.0535430908203,190.2103271484375,188.7476043701172,189.27342224121094,118.21115112304688,3313100
2012-02-29,189.15870666503906,190.4110870361328,187.81069946289062,188.07839965820312,117.46479034423828,5352487
2012-03-01,188.55641174316406,189.7418670654297,188.26959228515625,188.8432159423828,117.94242095947266,3724074
2012-03-02,188.43212890625,190.14340209960938,188.3938751220703,190.06692504882812,118.70677947998047,3898860
2012-03-05,189.63670349121094,192.34225463867188,189.579345703125,191.8355712890625,119.81133270263672,7257148
2012-03-06,190.38241577148438,190.8604278564453,188.15487670898438,188.5850830078125,117.78128051757812,5454576
2012-03-07,189.3785858154297,189.8374786376953,188.6328887939453,189.07266235351562,118.0857925415039,3500857
2012-03-08,190.47801208496094,191.1950225830078,189.91395568847656,191.02294921875,119.30381774902344,3290507
2012-03-09,191.1854705810547,192.25621032714844,190.93690490722656,191.7973175048828,119.7874526977539,3324397
2012-03-12,192.09368896484375,192.70555114746094,191.42446899414062,192.16061401367188,120.01436614990234,3263206
2012-03-13,192.8489532470703,194.93307495117188,192.74378967285156,194.818359375,121.67425537109375,5089836
2012-03-14,194.818359375,196.12811279296875,194.68450927734375,195.71701049804688,122.23554229736328,4814006
2012-03-15,195.92733764648438,197.11280822753906,195.73614501953125,196.9407196044922,122.99979400634766,3787671
2012-03-16,197.92543029785156,198.3938751220703,196.95028686523438,196.95028686523438,123.00572967529297,10080302
2012-03-19,196.66348266601562,197.44741821289062,195.50669860839844,196.67303466796875,122.83258819580078,3936307
2012-03-20,195.73614501953125,195.98471069335938,194.7418670654297,195.26768493652344,121.95487213134766,3865075
2012-03-21,195.33460998535156,196.72084045410156,195.31549072265625,195.68833923339844,122.21763610839844,3483075
2012-03-22,195.0286865234375,196.93116760253906,194.9904327392578,196.45315551757812,122.6952896118164,3459959
2012-03-23,196.8355712890625,196.90248107910156,195.56405639648438,196.44358825683594,122.68931579589844,3175865
2012-03-26,197.37094116210938,198.7762908935547,197.2466583251953,198.6328887939453,124.056640625,3575437
2012-03-27,199.29254150390625,199.48374938964844,197.89674377441406,198.06883239746094,123.7043685913086,2828907
2012-03-28,198.31739807128906,199.51242065429688,197.1988525390625,198.1739959716797,123.77002716064453,3415922
2012-03-29,197.02676391601562,199.33078002929688,196.95985412597656,199.11090087890625,124.35521697998047,3560270
2012-03-30,199.5602264404297,199.92352294921875,198.86233520507812,199.47418212890625,124.58206939697266,3363099
2012-04-02,199.7705535888672,200.46844482421875,198.93881225585938,200.2581329345703,125.0716781616211,3543743
2012-04-03,200.10516357421875,201.42446899414062,199.3690185546875,200.28680419921875,125.089599609375,4279709
2012-04-04,197.1510467529297,197.87762451171875,196.16635131835938,196.988525390625,123.0296401977539,4606584
2012-04-05,196.12811279296875,196.63479614257812,195.46844482421875,196.4340362548828,122.68333435058594,3984214
2012-04-09,195.4110870361328,197.10325622558594,194.4263916015625,195.92733764648438,122.36690521240234,3479937
2012-04-10,195.92733764648438,196.69215393066406,193.27915954589844,193.43212890625,120.8084945678711,4323013
2012-04-11,195.0191192626953,195.33460998535156,193.55641174316406,193.67112731933594,120.95779418945312,3521045
2012-04-12,193.88145446777344,196.52008056640625,193.72848510742188,196.29063415527344,122.59373474121094,3064362
2012-04-13,195.33460998535156,195.6501007080078,193.88145446777344,193.88145446777344,121.089111328125,3940282
2012-04-16,195.73614501953125,196.91204833984375,193.8049774169922,193.8049774169922,121.04134368896484,4002624
2012-04-17,195.5736083984375,198.50860595703125,195.17208862304688,198.32696533203125,123.86555480957031,6344513
2012-04-18,193.52772521972656,195.09559631347656,191.20458984375,191.32887268066406,119.49491882324219,10620561
2012-04-19,191.2332763671875,192.4091796875,188.83364868164062,190.73614501953125,119.1247329711914,6027993
2012-04-20,191.0420684814453,191.31930541992188,190.33460998535156,190.82217407226562,119.17839050292969,4977077
2012-04-23,189.1873779296875,190.3441619873047,188.13575744628906,189.88528442382812,118.59329223632812,3785265
2012-04-24,190.30592346191406,193.57553100585938,190.12428283691406,191.20458984375,119.41727447509766,5885110
2012-04-25,193.13575744628906,194.73231506347656,192.92543029785156,194.61758422851562,121.54891204833984,4187556
2012-04-26,194.45506286621094,197.14149475097656,194.45506286621094,196.53919982910156,122.74903106689453,3454624
2012-04-27,197.3900604248047,199.01528930664062,196.8546905517578,197.71510314941406,123.48344421386719,3657757
2012-04-30,197.6195068359375,198.8145294189453,197.2466583251953,197.97323608398438,123.64463806152344,2900767
2012-05-01,198.06883239746094,199.7418670654297,197.6195068359375,198.85276794433594,124.1939697265625,2840831
2012-05-02,197.86807250976562,199.11090087890625,197.81069946289062,198.91014099121094,124.22982025146484,2468874
2012-05-03,199.11090087890625,199.73231506347656,197.46653747558594,198.12619018554688,123.74019622802734,2956624
2012-05-04,197.3900604248047,198.0019073486328,195.4110870361328,195.9751434326172,122.39675903320312,4208686
2012-05-07,194.9904327392578,195.7648162841797,193.97705078125,194.7896728515625,121.65635681152344,3528576
2012-05-08,193.53729248046875,194.13002014160156,190.93690490722656,192.6195068359375,120.80491638183594,4060049
2012-05-09,191.1950225830078,194.07266235351562,190.30592346191406,192.3804931640625,120.65501403808594,3914655
2012-05-10,192.16061401367188,194.31166076660156,191.2237091064453,191.7781982421875,120.27727508544922,4006703
2012-05-11,191.16635131835938,193.23135375976562,191.1567840576172,192.32313537597656,120.61905670166016,2501509
2012-05-14,191.12811279296875,191.88336181640625,189.82791137695312,190.66921997070312,119.58173370361328,3168543
2012-05-15,190.66921997070312,192.6099395751953,190.0191192626953,190.28680419921875,119.34193420410156,3124820
2012-05-16,190.6501007080078,192.49522399902344,189.46463012695312,190.9464569091797,119.7556381225586,5231046
2012-05-17,190.88909912109375,191.95985412597656,188.94837951660156,189.1873779296875,118.65238952636719,5885110
2012-05-18,190.03823852539062,190.03823852539062,186.5774383544922,187.26577758789062,117.4472427368164,6001007
2012-05-21,187.3613739013672,189.22561645507812,186.07073974609375,189.06309509277344,118.57447052001953,4007958
2012-05-22,189.33078002929688,189.54110717773438,187.4378662109375,188.1644287109375,118.01084899902344,3731187
2012-05-23,186.93116760253906,187.8489532470703,184.70362854003906,187.49522399902344,117.5911865234375,4288600
2012-05-24,187.37094116210938,187.64817810058594,185.46844482421875,187.46653747558594,117.57315826416016,3733488
2012-05-25,186.52963256835938,187.3804931640625,185.46844482421875,185.75526428222656,116.49990844726562,3035387
2012-05-29,186.63479614257812,189.3690185546875,186.63479614257812,187.8202667236328,117.79499816894531,3784951
2012-05-30,186.2332763671875,186.87380981445312,185.24856567382812,185.9751434326172,116.63777923583984,3768215
2012-05-31,185.56405639648438,186.35755920410156,183.55641174316406,184.4168243408203,115.66046905517578,9714725
2012-06-01,181.7590789794922,183.28871154785156,180.30592346191406,180.7648162841797,113.37008666992188,5445894
2012-06-04,180.05735778808594,181.05162048339844,178.7762908935547,180.24856567382812,113.0462646484375,4837227
2012-06-05,179.6558380126953,181.50096130371094,179.31166076660156,180.87954711914062,113.44197845458984,3720099
2012-06-06,182.3900604248047,185.46844482421875,181.66348266601562,185.45889282226562,116.31402587890625,3808800
2012-06-07,186.69215393066406,187.2179718017578,185.4110870361328,185.88909912109375,116.58385467529297,3871351
2012-06-08,185.1912078857422,186.55831909179688,184.22561645507812,186.55831909179688,117.00353240966797,2593243
2012-06-11,187.95411682128906,188.04971313476562,183.91014099121094,184.04397583007812,115.4266128540039,3423872
2012-06-12,183.69024658203125,186.10899353027344,183.69024658203125,185.9942626953125,116.6498031616211,3162790
2012-06-13,185.8126220703125,186.6061248779297,183.89100646972656,184.6080322265625,115.78038787841797,3397094
2012-06-14,184.51242065429688,187.2179718017578,184.26385498046875,186.52008056640625,116.97956848144531,3749910
2012-06-15,187.4569854736328,190.50669860839844,186.806884765625,190.3441619873047,119.3779296875,6682894
2012-06-18,188.88145446777344,190.8604278564453,188.49903869628906,189.56979370117188,118.89224243164062,3534329
2012-06-19,190.08604431152344,191.1950225830078,190.05735778808594,190.181640625,119.27598571777344,3449290
2012-06-20,189.96176147460938,190.95602416992188,188.8145294189453,190.03823852539062,119.18606567382812,3533597
2012-06-21,190.31549072265625,190.67877197265625,184.69407653808594,184.88528442382812,115.95429992675781,4515164
2012-06-22,185.3441619873047,186.30975341796875,184.72274780273438,185.181640625,116.14016723632812,9228858
2012-06-25,184.01528930664062,184.88528442382812,183.25047302246094,184.3785858154297,115.6364974975586,3359334
2012-06-26,185.0286865234375,185.1625213623047,182.3613739013672,183.50860595703125,115.0908432006836,3593951
2012-06-27,183.69024658203125,185.181640625,182.50477600097656,184.51242065429688,115.72041320800781,2889784
2012-06-28,182.8202667236328,183.6328887939453,180.5927276611328,182.9827880859375,114.7610855102539,4149796
2012-06-29,185.9942626953125,187.1988525390625,183.94837951660156,186.97897338867188,117.26737213134766,5501542
2012-07-02,187.72467041015625,188.52772521972656,186.28106689453125,187.2179718017578,117.4172592163086,2957042
2012-07-03,186.86424255371094,187.70555114746094,186.3384246826172,187.31358337402344,117.47720336914062,1517118
2012-07-05,186.30975341796875,188.193115234375,185.11471557617188,186.70172119140625,117.09352111816406,2813949
2012-07-06,185.3919677734375,185.4110870361328,181.3957977294922,182.9923553466797,114.76712799072266,5180733
2012-07-09,182.37094116210938,182.6003875732422,179.78012084960938,181.32887268066406,113.72381591796875,4171553
2012-07-10,181.93116760253906,182.73422241210938,177.4378662109375,178.06883239746094,111.67922973632812,4906054
2012-07-11,178.0305938720703,179.12045288085938,175.4397735595703,177.10325622558594,111.07361602783203,5707081
2012-07-12,176.14723205566406,176.28106689453125,173.85276794433594,175.03823852539062,109.77851867675781,5158140
2012-07-13,175.3919677734375,178.13575744628906,174.9808807373047,177.829833984375,111.52931213378906,4113918
2012-07-16,177.41873168945312,177.91586303710938,176.46270751953125,176.66348266601562,110.7978286743164,3289042
2012-07-17,177.5621337890625,178.09751892089844,175.14340209960938,175.5736083984375,110.1142578125,5395896
2012-07-18,176.05162048339844,180.29637145996094,175.47801208496094,179.9713134765625,112.87237548828125,8388397
2012-07-19,184.89483642578125,188.193115234375,184.48374938964844,186.74952697753906,117.12348175048828,10873588
2012-07-20,185.5544891357422,186.32887268066406,183.71893310546875,183.9866180419922,115.39067077636719,5010026
2012-07-23,181.4340362548828,182.88719177246094,179.92352294921875,182.4378662109375,114.4193115234375,4084107
2012-07-24,182.52389526367188,182.90631103515625,180.26768493652344,181.9694061279297,114.12552642822266,3762567
2012-07-25,181.9407196044922,184.29254150390625,180.9942626953125,182.67686462402344,114.5691909790039,4010155
2012-07-26,184.9808807373047,186.37667846679688,184.10133361816406,185.420654296875,116.2900390625,3433913
2012-07-27,186.52008056640625,188.72848510742188,185.420654296875,187.7533416748047,117.7530288696289,4369456
2012-07-30,187.68641662597656,189.1395721435547,187.30401611328125,188.0305938720703,117.92687225341797,2915202
2012-07-31,187.85850524902344,188.89100646972656,187.26577758789062,187.3613739013672,117.50718688964844,3668322
2012-08-01,188.29827880859375,189.14913940429688,186.1567840576172,186.5965576171875,117.02750396728516,2677028
2012-08-02,185.6214141845703,187.95411682128906,184.53155517578125,185.89866638183594,116.58983612060547,2941980
2012-08-03,187.83938598632812,190.2007598876953,187.53346252441406,189.7896728515625,119.03013610839844,3428893
2012-08-06,190.0191192626953,191.14723205566406,189.7896728515625,190.0191192626953,119.17404174804688,2445339
2012-08-07,190.65965270996094,192.04588317871094,190.05735778808594,191.13766479492188,119.87554168701172,3357032
2012-08-08,189.55067443847656,190.90821838378906,189.4455108642578,190.27725219726562,119.8454360961914,2163442
2012-08-09,189.88528442382812,190.68833923339844,189.1873779296875,189.69407653808594,119.47817993164062,2259465
2012-08-10,189.1682586669922,190.602294921875,188.5659637451172,190.52581787109375,120.00202941894531,2720123
2012-08-13,190.13385009765625,191.1854705810547,189.09178161621094,190.2581329345703,119.83338928222656,2529542
2012-08-14,190.13385009765625,190.56405639648438,189.0248565673828,189.56979370117188,119.3998794555664,2680166
2012-08-15,190.15296936035156,190.56405639648438,189.216064453125,189.67495727539062,119.46614074707031,2208943
2012-08-16,190.0286865234375,192.46653747558594,189.4072723388672,192.0076446533203,120.93536376953125,2855057
2012-08-17,192.23709106445312,193.11663818359375,191.8355712890625,192.37094116210938,121.16423034667969,2669183
2012-08-20,191.86424255371094,192.28489685058594,191.2332763671875,191.68260192871094,120.73062133789062,2443456
2012-08-21,192.1510467529297,192.16061401367188,189.64627075195312,189.91395568847656,119.61664581298828,3254420
2012-08-22,189.90440368652344,189.91395568847656,188.2409210205078,188.57553100585938,118.77364349365234,3447721
2012-08-23,188.374755859375,188.69024658203125,186.84512329101562,187.09368896484375,117.84033203125,2884240
2012-08-24,186.38623046875,189.397705078125,185.65965270996094,189.07266235351562,119.08678436279297,2760917
2012-08-27,189.25430297851562,189.579345703125,187.0076446533203,187.08413696289062,117.83428955078125,2613745
2012-08-28,186.95985412597656,187.48565673828125,185.9464569091797,186.30018615722656,117.34054565429688,2656003
2012-08-29,186.5487518310547,187.41873168945312,186.32887268066406,186.50096130371094,117.46698760986328,2239904
2012-08-30,186.20458984375,186.87380981445312,184.68450927734375,184.86614990234375,116.43733978271484,2866981
2012-08-31,185.7648162841797,187.33270263671875,184.9521942138672,186.28106689453125,117.3284912109375,3340192
2012-09-04,187.9636688232422,188.49903869628906,184.75143432617188,185.98471069335938,117.14180755615234,4722062
2012-09-05,185.8604278564453,187.23709106445312,185.36329650878906,186.46270751953125,117.4428939819336,3464875
2012-09-06,187.62905883789062,190.68833923339844,187.48565673828125,190.3441619873047,119.88762664794922,4112558
2012-09-07,190.36329650878906,190.72657775878906,189.3690185546875,190.72657775878906,120.12844848632812,3570730
2012-09-10,190.6214141845703,192.94454956054688,189.9904327392578,192.11280822753906,121.00159454345703,4401568
2012-09-11,191.73040771484375,194.51242065429688,191.69215393066406,194.33078002929688,122.39859008789062,4090488
2012-09-12,194.56979370117188,195.6501007080078,194.034423828125,194.8087921142578,122.69963836669922,3435064
2012-09-13,195.3919677734375,197.71510314941406,194.51242065429688,197.28489685058594,124.25917053222656,4058062
2012-09-14,197.170166015625,198.51815795898438,196.988525390625,197.71510314941406,124.53021240234375,4243727
2012-09-17,196.51051330566406,198.8432159423828,196.51051330566406,198.04014587402344,124.73489379882812,3425755
2012-09-18,197.7820281982422,198.73805236816406,197.3996124267578,197.9636688232422,124.68672943115234,2590001
2012-09-19,198.4225616455078,198.44168090820312,196.95028686523438,197.35182189941406,124.30137634277344,2725458
2012-09-20,196.7973175048828,197.88719177246094,196.27151489257812,197.11280822753906,124.15080261230469,3911099
2012-09-21,198.2409210205078,198.79541015625,196.86424255371094,196.92160034179688,124.03034973144531,13358989
2012-09-24,196.0038299560547,196.9980926513672,195.88909912109375,196.26194763183594,123.61492919921875,3672611
2012-09-25,196.55831909179688,198.2026824951172,195.93690490722656,195.965576171875,123.42821502685547,3499079
2012-09-26,196.03250122070312,196.92160034179688,194.93307495117188,195.0286865234375,122.838134765625,3580772
2012-09-27,195.38241577148438,197.8011474609375,195.1625213623047,196.8546905517578,123.98821258544922,2899407
2012-09-28,196.6156768798828,199.15870666503906,196.28106689453125,198.32696533203125,124.91552734375,5136801
2012-10-01,198.86233520507812,202.4378662109375,198.79541015625,201.21414184570312,126.7340316772461,5707917
2012-10-02,201.68260192871094,202.170166015625,199.33078002929688,200.6118621826172,126.35462951660156,3473766
2012-10-03,200.70745849609375,202.0076446533203,200.09559631347656,201.2523956298828,126.75811767578125,3339146
2012-10-04,201.03250122070312,201.69215393066406,199.35946655273438,201.13766479492188,126.68585205078125,3093545
2012-10-05,201.86424255371094,202.47610473632812,200.82217407226562,201.32887268066406,126.80628967285156,2989886
2012-10-08,200.783935546875,201.37667846679688,200.0095672607422,200.5927276611328,126.34262084960938,2073800
2012-10-09,200.71701049804688,201.47227478027344,198.5659637451172,198.8432159423828,125.24069213867188,3745098
2012-10-10,198.68069458007812,199.07266235351562,196.03250122070312,196.76864624023438,123.93402099609375,4209627
2012-10-11,197.48565673828125,198.15487670898438,196.58700561523438,196.71128845214844,123.89794158935547,3043860
2012-10-12,196.5965576171875,198.8145294189453,196.52008056640625,198.6615753173828,125.12632751464844,2836752
2012-10-15,199.69407653808594,200.1912078857422,198.68069458007812,199.7418670654297,125.8067626953125,3201701
2012-10-16,200.70745849609375,201.72084045410156,200.2581329345703,201.72084045410156,127.05315399169922,5891177
2012-10-17,192.3613739013672,194.46463012695312,189.818359375,191.806884765625,120.80889892578125,13256899
2012-10-18,191.11854553222656,191.3384246826172,185.53536987304688,186.38623046875,117.39472198486328,9723511
2012-10-19,186.70172119140625,187.4569854736328,184.68450927734375,184.85659790039062,116.43126678466797,6924834
2012-10-22,185.1912078857422,186.11854553222656,183.97705078125,185.85086059570312,117.05753326416016,4605015
2012-10-23,185.0191192626953,185.46844482421875,182.5430145263672,182.83938598632812,115.16073608398438,4631060
2012-10-24,183.97705078125,184.7896728515625,182.1797332763672,182.33270263671875,114.84159851074219,3909948
2012-10-25,182.9923553466797,183.97705078125,182.32313537597656,183.1739959716797,115.37150573730469,3399082
2012-10-26,183.06883239746094,185.3441619873047,183.04971313476562,184.7705535888672,116.37705993652344,4190799
2012-10-31,186.2332763671875,187.7724609375,185.11471557617188,185.9751434326172,117.1357421875,6330706
2012-11-01,186.11854553222656,189.1873779296875,185.9942626953125,188.47991943359375,118.71343231201172,3931705
2012-11-02,188.8432159423828,189.29254150390625,184.7896728515625,184.92352294921875,116.47344207763672,4456065
2012-11-05,183.90057373046875,186.3957977294922,183.5659637451172,185.602294921875,116.90094757080078,2862065
2012-11-06,186.67303466796875,188.09751892089844,186.11854553222656,186.49139404296875,117.4609603881836,3431926
2012-11-07,184.85659790039062,185.1625213623047,182.7533416748047,182.7533416748047,115.61028289794922,4964525
2012-11-08,182.9827880859375,183.374755859375,181.73040771484375,181.73995971679688,114.96926879882812,3705141
2012-11-09,181.50096130371094,183.2122344970703,180.5736083984375,181.30018615722656,114.69104766845703,3840494
2012-11-12,181.67303466796875,182.3804931640625,179.1682586669922,180.92733764648438,114.45518493652344,3208500
2012-11-13,180.10516357421875,182.48565673828125,179.9713134765625,180.03823852539062,113.89274597167969,3563408
2012-11-14,180.82217407226562,180.9464569091797,177.13192749023438,177.35182189941406,112.19331359863281,4607002
2012-11-15,177.65774536132812,178.96749877929688,176.65391540527344,177.67686462402344,112.3989028930664,3568638
2012-11-16,178.13575744628906,179.31166076660156,176.95985412597656,178.71893310546875,113.05814361572266,4875197
2012-11-19,180.32504272460938,182.0172119140625,180.0191192626953,181.97897338867188,115.12047576904297,3753989
2012-11-20,181.52963256835938,181.74952697753906,179.9713134765625,180.87954711914062,114.42496490478516,3316029
2012-11-21,180.9751434326172,182.49522399902344,180.64053344726562,181.92160034179688,115.08415985107422,5428322
2012-11-23,182.6003875732422,184.9808807373047,182.4091796875,184.9808807373047,117.01943969726562,4055970
2012-11-26,183.9866180419922,184.86614990234375,183.33651733398438,184.397705078125,116.65052032470703,5449974
2012-11-27,183.6328887939453,184.5602264404297,182.6003875732422,182.8202667236328,115.65265655517578,3442281
2012-11-28,182.58126831054688,183.5946502685547,180.9464569091797,183.53729248046875,116.10623168945312,3769366
2012-11-29,184.27342224121094,184.4168243408203,181.8355712890625,183.10707092285156,115.83409881591797,4265483
2012-11-30,183.31739807128906,183.55641174316406,181.16635131835938,181.71128845214844,114.95113372802734,5163474
2012-12-03,182.37094116210938,182.88719177246094,180.07647705078125,181.14723205566406,114.59429168701172,3503682
2012-12-04,181.3671112060547,182.3613739013672,180.70745849609375,181.03250122070312,114.521728515625,4174272
2012-12-05,180.69789123535156,181.12811279296875,178.71893310546875,180.35372924804688,114.09233856201172,4395397
2012-12-06,180.85086059570312,181.81643676757812,180.12428283691406,181.35755920410156,114.72736358642578,3364564
2012-12-07,181.7781982421875,183.7476043701172,181.74952697753906,183.50860595703125,116.08809661865234,4279500
2012-12-10,183.71893310546875,185.0286865234375,183.2218017578125,184.14913940429688,116.49330139160156,3596671
2012-12-11,184.68450927734375,186.2332763671875,184.6558380126953,185.65965270996094,117.44883728027344,4334624
2012-12-12,186.0420684814453,186.1854705810547,183.9961700439453,184.46463012695312,116.69291687011719,4437027
2012-12-13,183.72848510742188,184.5602264404297,182.95411682128906,183.54684448242188,116.1123275756836,3789867
2012-12-14,183.26004028320312,184.89483642578125,182.8489532470703,183.32696533203125,115.97318267822266,4002937
2012-12-17,183.32696533203125,185.38241577148438,183.32696533203125,185.10516357421875,117.09810638427734,3966850
2012-12-18,185.32504272460938,187.30401611328125,185.31549072265625,187.08413696289062,118.3499984741211,4315691
2012-12-19,186.86424255371094,187.81069946289062,186.42446899414062,186.50096130371094,117.98108673095703,4466943
2012-12-20,185.91778564453125,186.37667846679688,184.66539001464844,186.20458984375,117.79356384277344,4376987
2012-12-21,184.6080322265625,185.9464569091797,183.1453094482422,184.91395568847656,116.97708892822266,8603664
2012-12-24,184.5602264404297,185.30592346191406,183.57553100585938,183.93881225585938,116.36022186279297,1706235
2012-12-26,183.75717163085938,185.0191192626953,182.55258178710938,183.50860595703125,116.08809661865234,2904219
2012-12-27,183.10707092285156,184.78012084960938,182.31358337402344,184.2351837158203,116.54776000976562,4150110
2012-12-28,182.70555114746094,183.7667236328125,181.48184204101562,181.48184204101562,114.80594635009766,3699284
2012-12-31,180.90821838378906,183.25047302246094,180.53536987304688,183.12619018554688,115.84622955322266,4900405
2013-01-02,185.5544891357422,187.71510314941406,185.27725219726562,187.71510314941406,118.74909210205078,4428869
2013-01-03,187.06500244140625,187.65774536132812,185.88909912109375,186.68260192871094,118.09599304199219,3812356
2013-01-04,185.6501007080078,185.90821838378906,184.30210876464844,185.45889282226562,117.32185363769531,3535689
2013-01-07,184.89483642578125,185.2581329345703,183.88145446777344,184.64627075195312,116.80780029296875,2993966
2013-01-08,184.43594360351562,184.7992401123047,183.1739959716797,184.3881378173828,116.64446258544922,3166137
2013-01-09,184.9713134765625,184.9808807373047,183.2218017578125,183.86233520507812,116.3118667602539,3359752
2013-01-10,184.17782592773438,184.47418212890625,182.86807250976562,184.397705078125,116.65052032470703,3774073
2013-01-11,185.6118621826172,186.42446899414062,184.4168243408203,185.89866638183594,117.60009002685547,4058898
2013-01-14,184.34034729003906,184.78012084960938,183.31739807128906,184.14913940429688,116.49330139160156,4364121
2013-01-15,182.89674377441406,184.25430297851562,182.0172119140625,184.034423828125,116.42076873779297,4364017
2013-01-16,183.55641174316406,184.68450927734375,182.93499755859375,184.12045288085938,116.47515106201172,3099193
2013-01-17,185.32504272460938,185.90821838378906,184.7418670654297,185.13385009765625,117.1162338256836,4060154
2013-01-18,185.49713134765625,186.42446899414062,185.27725219726562,185.91778564453125,117.61212921142578,4769342
2013-01-22,185.8126220703125,187.4569854736328,185.47801208496094,187.4569854736328,118.5858154296875,7502226
2013-01-23,194.55067443847656,199.4072723388672,194.4168243408203,195.71701049804688,123.8111572265625,13106903
2013-01-24,194.94264221191406,196.0420684814453,194.14913940429688,195.43020629882812,123.62976837158203,4651771
2013-01-25,195.45889282226562,196.1567840576172,195.15296936035156,195.95602416992188,123.96234130859375,3513409
2013-01-28,195.84129333496094,197.1510467529297,195.30592346191406,195.91778564453125,123.93824005126953,2953590
2013-01-29,195.35372924804688,196.68260192871094,194.68450927734375,194.93307495117188,123.31522369384766,3783487
2013-01-30,194.73231506347656,195.86997985839844,194.25430297851562,194.56979370117188,123.08544921875,3136326
2013-01-31,194.3785858154297,195.47801208496094,194.034423828125,194.1395721435547,122.81327819824219,3233604
2013-02-01,195.6501007080078,196.31930541992188,194.87571716308594,196.1567840576172,124.08936309814453,3525752
2013-02-04,195.2103271484375,196.0038299560547,194.61758422851562,194.82791137695312,123.24871063232422,3335485
2013-02-05,195.32504272460938,195.74569702148438,193.6042022705078,193.87188720703125,122.6439437866211,3804197
2013-02-06,191.5774383544922,192.4378662109375,190.783935546875,192.1797332763672,122.08518981933594,3790913
2013-02-07,191.7973175048828,192.07456970214844,189.94264221191406,190.95602416992188,121.30780792236328,3218228
2013-02-08,191.1759033203125,193.2026824951172,190.89866638183594,192.81069946289062,122.4860610961914,3026392
2013-02-11,192.14149475097656,193.06883239746094,190.965576171875,191.35755920410156,121.56291961669922,3080156
2013-02-12,191.21414184570312,191.91204833984375,190.26768493652344,191.24282836914062,121.49000549316406,2575043
2013-02-13,191.8260040283203,192.11280822753906,190.7935028076172,191.29063415527344,121.52041625976562,2269611
2013-02-14,190.9464569091797,191.51051330566406,190.49713134765625,190.86997985839844,121.25320434570312,3445733
2013-02-15,191.1854705810547,192.3996124267578,191.03250122070312,192.14149475097656,122.0609130859375,3794679
2013-02-19,191.7781982421875,193.011474609375,191.4149169921875,191.51051330566406,121.66006469726562,3136222
2013-02-20,191.7973175048828,192.8489532470703,190.11471557617188,190.54493713378906,121.04667663574219,3886308
2013-02-21,189.89483642578125,190.31549072265625,189.397705078125,189.6080322265625,120.45149993896484,4103353
2013-02-22,190.46844482421875,192.2466583251953,190.09559631347656,192.2466583251953,122.1277084350586,3250863
2013-02-25,192.8011474609375,193.5850830078125,188.8240966796875,188.8240966796875,119.95347595214844,4021661
2013-02-26,189.89483642578125,191.10899353027344,189.1395721435547,190.38241577148438,120.94344329833984,3547614
2013-02-27,190.14340209960938,193.83364868164062,189.86614990234375,193.43212890625,122.88080596923828,4377615
2013-02-28,193.28871154785156,194.1873779296875,191.95985412597656,191.9980926513672,121.96979522705078,4904903
2013-03-01,191.8260040283203,194.01528930664062,190.5927276611328,193.9866180419922,123.23303985595703,3460482
2013-03-04,193.68069458007812,196.16635131835938,193.64244079589844,196.16635131835938,124.6177749633789,3863296
2013-03-05,196.806884765625,198.5659637451172,196.6443634033203,197.44741821289062,125.43154907226562,3982959
2013-03-06,197.92543029785156,199.32122802734375,197.5717010498047,199.216064453125,126.55516052246094,3760161
2013-03-07,199.13002014160156,200.38241577148438,199.08221435546875,200.2103271484375,127.18675994873047,4063082
2013-03-08,200.6214141845703,201.47227478027344,200.21987915039062,201.12811279296875,127.76984405517578,3870723
2013-03-11,200.8030548095703,200.95602416992188,199.84703063964844,200.84129333496094,127.58760070800781,3189986
2013-03-12,200.1912078857422,201.46270751953125,199.89483642578125,201.29063415527344,127.87308502197266,3756814
2013-03-13,200.95602416992188,203.02102661132812,200.54493713378906,202.73422241210938,128.7901611328125,3510271
2013-03-14,202.8202667236328,206.3671112060547,202.8202667236328,206.30975341796875,131.06149291992188,5758753
2013-03-15,205.90821838378906,206.4053497314453,204.0248565673828,205.46844482421875,130.52706909179688,8295094
2013-03-18,203.53729248046875,205.06692504882812,203.28871154785156,203.83364868164062,129.48855590820312,3144276
2013-03-19,204.71319580078125,205.65965270996094,202.51434326171875,204.0535430908203,129.62820434570312,3345736
2013-03-20,205.31549072265625,206.32887268066406,204.87571716308594,205.602294921875,130.61212158203125,3157874
2013-03-21,203.5946502685547,203.6328887939453,200.86997985839844,202.92543029785156,128.9115753173828,6098598
2013-03-22,202.87762451171875,203.79541015625,202.31358337402344,202.7533416748047,128.80226135253906,3170949
2013-03-25,203.193115234375,203.4512481689453,200.8126220703125,201.47227478027344,127.98841857910156,3391655
2013-03-26,202.4569854736328,203.15487670898438,202.1988525390625,203.02102661132812,128.97230529785156,2406114
2013-03-27,201.68260192871094,202.829833984375,200.8604278564453,201.6156768798828,128.0795440673828,3371676
2013-03-28,200.602294921875,204.0535430908203,200.51625061035156,203.91969299316406,129.54324340820312,3922395
2013-04-01,203.44168090820312,204.11090087890625,201.95985412597656,203.04014587402344,128.9844512939453,2243147
2013-04-02,203.55641174316406,205.26768493652344,202.26577758789062,204.93307495117188,130.18698120117188,3260173
2013-04-03,204.89483642578125,205.4397735595703,203.27915954589844,203.30784606933594,129.154541015625,3272725
2013-04-04,203.41299438476562,203.5659637451172,200.8030548095703,202.0172119140625,128.3345947265625,3880137
2013-04-05,199.90440368652344,200.6118621826172,197.26577758789062,200.2007598876953,127.18070220947266,4338808
2013-04-08,199.87571716308594,200.11471557617188,198.2122344970703,200.11471557617188,127.12602996826172,2459355
2013-04-09,200.3441619873047,200.7648162841797,199.43594360351562,200.0191192626953,127.06532287597656,2695856
2013-04-10,202.5430145263672,203.1644287109375,201.21414184570312,202.67686462402344,128.75369262695312,3686313
2013-04-11,202.1988525390625,203.71893310546875,201.5774383544922,203.55641174316406,129.31239318847656,3823758
2013-04-12,201.52008056640625,202.18930053710938,200.5544891357422,202.08413696289062,128.3771209716797,3311008
2013-04-15,201.1854705810547,202.3804931640625,200.05735778808594,200.05735778808594,127.08956909179688,4412133
2013-04-16,201.56787109375,202.67686462402344,200.0,202.67686462402344,128.75369262695312,2991037
2013-04-17,201.27151489257812,201.806884765625,200.28680419921875,200.44932556152344,127.33858489990234,3420211
2013-04-18,200.86997985839844,201.0038299560547,197.08413696289062,198.04014587402344,125.8080825805664,6801092
2013-04-19,187.13192749023438,187.85850524902344,181.4149169921875,181.6443634033203,115.39246368408203,19713962
2013-04-22,182.74378967285156,182.9636688232422,179.4263916015625,179.56979370117188,114.07452392578125,10298288
2013-04-23,180.9464569091797,184.08221435546875,180.31549072265625,183.18356323242188,116.37026977539062,6585721
2013-04-24,183.70936584472656,184.034423828125,182.68641662597656,183.27915954589844,116.43096160888672,3863819
2013-04-25,184.216064453125,186.58700561523438,183.86233520507812,185.420654296875,117.7913818359375,4864841
2013-04-26,185.6214141845703,186.14723205566406,184.75143432617188,185.7648162841797,118.0100326538086,3650854
2013-04-29,186.21414184570312,190.89866638183594,186.08985900878906,190.3919677734375,120.94950103759766,6205290
2013-04-30,190.3728485107422,193.68069458007812,188.67112731933594,193.6328887939453,123.00830841064453,7886735
2013-05-01,192.9923553466797,193.27915954589844,190.4397735595703,190.85086059570312,121.24099731445312,5124459
2013-05-02,191.31930541992188,193.52772521972656,190.965576171875,193.48948669433594,122.91722869873047,4126575
2013-05-03,194.9713134765625,196.29063415527344,194.7896728515625,195.51625061035156,124.2048110961914,4699364
2013-05-06,194.82791137695312,195.0191192626953,192.65774536132812,193.86233520507812,123.15406799316406,5048519
2013-05-07,193.89100646972656,194.7705535888672,192.7820281982422,194.67495727539062,123.67033386230469,3609746
2013-05-08,194.01528930664062,195.84129333496094,193.6042022705078,195.8126220703125,124.97607421875,3767378
2013-05-09,195.68833923339844,195.98471069335938,193.8049774169922,194.30210876464844,124.01203918457031,3705246
2013-05-10,194.4263916015625,195.53536987304688,193.90057373046875,195.47801208496094,124.76256561279297,3430043
2013-05-13,195.2007598876953,195.47801208496094,193.32696533203125,193.5659637451172,123.54218292236328,3816226
2013-05-14,193.2026824951172,194.71319580078125,193.193115234375,194.27342224121094,123.99372863769531,3869886
2013-05-15,193.3556365966797,194.72274780273438,193.15487670898438,194.3785858154297,124.06082916259766,4213393
2013-05-16,195.0286865234375,197.50477600097656,195.0286865234375,195.68833923339844,124.89678955078125,4714322
2013-05-17,196.2237091064453,200.28680419921875,195.9751434326172,199.27342224121094,127.18497467041016,5966489
2013-05-20,198.87188720703125,199.9521942138672,198.29827880859375,198.47036743164062,126.67239379882812,3780767
2013-05-21,198.12619018554688,200.26768493652344,197.89674377441406,199.47418212890625,127.31306457519531,3120113
2013-05-22,199.33078002929688,200.90821838378906,197.05545043945312,197.88719177246094,126.3001708984375,5425393
2013-05-23,196.44358825683594,199.43594360351562,196.10899353027344,197.09368896484375,125.79374694824219,5417339
2013-05-24,195.68833923339844,197.35182189941406,195.43020629882812,196.67303466796875,125.52523040771484,3447407
2013-05-28,198.31739807128906,199.4168243408203,198.04971313476562,198.64244079589844,126.7822036743164,4196029
2013-05-29,197.1510467529297,199.25430297851562,196.97897338867188,198.7762908935547,126.86763763427734,3597612
2013-05-30,197.86807250976562,201.71128845214844,197.86807250976562,200.15296936035156,127.74639129638672,4602086
2013-05-31,199.4168243408203,202.65774536132812,198.87188720703125,198.87188720703125,126.92869567871094,5176654
2013-06-03,199.09178161621094,200.8126220703125,198.2122344970703,199.76100158691406,127.49613952636719,3474812
2013-06-04,199.4263916015625,199.8087921142578,196.06118774414062,197.12237548828125,125.81206512451172,3763822
2013-06-05,196.13766479492188,197.2179718017578,193.49903869628906,193.8240966796875,123.70693969726562,4409308
2013-06-06,194.07266235351562,195.21987915039062,192.6099395751953,194.8374786376953,124.35372161865234,3848652
2013-06-07,195.84129333496094,197.27532958984375,195.13385009765625,197.27532958984375,125.90968322753906,3089256
2013-06-10,197.86807250976562,197.87762451171875,195.88909912109375,196.0038299560547,125.09812927246094,2774306
2013-06-11,194.2351837158203,196.89292907714844,193.6042022705078,195.0095672607422,124.46357727050781,2943862
2013-06-12,195.5927276611328,196.20458984375,191.69215393066406,192.35182189941406,122.76728820800781,3566651
2013-06-13,192.170166015625,195.4110870361328,191.52963256835938,194.8087921142578,124.3354263305664,3032877
2013-06-14,195.0,195.73614501953125,192.93499755859375,193.30784606933594,123.3774185180664,2933507
2013-06-17,194.49330139160156,196.14723205566406,193.64244079589844,194.11090087890625,123.88999938964844,3368015
2013-06-18,194.09178161621094,197.02676391601562,193.94837951660156,195.8604278564453,125.006591796875,3428579
2013-06-19,195.44932556152344,196.0133819580078,193.04971313476562,193.0592803955078,123.21880340576172,2977021
2013-06-20,191.84512329101562,192.829833984375,188.6042022705078,188.67112731933594,120.41809844970703,4722481
2013-06-21,189.7705535888672,189.7896728515625,185.0286865234375,186.86424255371094,119.26487731933594,9324881
2013-06-24,185.45889282226562,186.3384246826172,182.92543029785156,185.0286865234375,118.09333801269531,4556585
2013-06-25,186.72084045410156,186.988525390625,184.6558380126953,186.4053497314453,118.97196197509766,4023125
2013-06-26,187.35182189941406,187.6003875732422,185.9464569091797,186.29063415527344,118.89876556396484,3472929
2013-06-27,187.4282989501953,188.2409210205078,186.70172119140625,187.04588317871094,119.38082122802734,3675853
2013-06-28,183.29827880859375,184.1873779296875,180.12428283691406,182.70555114746094,116.61058044433594,10518367
2013-07-01,183.69981384277344,185.27725219726562,182.71510314941406,182.86807250976562,116.7143325805664,4646750
2013-07-02,182.3900604248047,184.73231506347656,181.89292907714844,183.07839965820312,116.84854888916016,3825954
2013-07-03,182.58126831054688,185.67877197265625,182.13192749023438,184.75143432617188,117.9163589477539,1958740
2013-07-05,185.93690490722656,186.5774383544922,183.89100646972656,186.35755920410156,118.94145202636719,2516048
2013-07-08,186.9980926513672,187.170166015625,186.05162048339844,186.4053497314453,118.97196197509766,3083085
2013-07-09,183.44168090820312,184.32122802734375,182.3900604248047,182.88719177246094,116.72651672363281,5443593
2013-07-10,183.08795166015625,184.92352294921875,182.85850524902344,183.79541015625,117.30615234375,4071032
2013-07-11,185.2581329345703,185.5736083984375,184.1395721435547,184.32122802734375,117.64179229736328,4369665
2013-07-12,184.579345703125,185.181640625,183.1644287109375,183.62332153320312,117.19635009765625,4701456
2013-07-15,183.9579315185547,186.31930541992188,183.25047302246094,185.46844482421875,118.37399291992188,5935736
2013-07-16,185.50669860839844,186.02294921875,184.2064971923828,185.32504272460938,118.282470703125,3917584
2013-07-17,186.1567840576172,186.31930541992188,184.54110717773438,185.9942626953125,118.70960998535156,7184346
2013-07-18,189.55067443847656,192.10325622558594,187.37094116210938,189.28298950195312,120.80862426757812,8779496
2013-07-19,189.2064971923828,189.28298950195312,184.7418670654297,185.0286865234375,118.09333801269531,7319490
2013-07-22,184.89483642578125,187.1797332763672,184.78012084960938,185.5544891357422,118.42892456054688,3554308
2013-07-23,185.66921997070312,187.7915802001953,185.56405639648438,186.4053497314453,118.97196197509766,2995535
2013-07-24,187.33270263671875,188.62332153320312,187.2466583251953,187.9636688232422,119.9665756225586,3093963
2013-07-25,187.66729736328125,189.13002014160156,187.05545043945312,188.54684448242188,120.33879089355469,3152958
2013-07-26,187.94454956054688,188.69024658203125,186.42446899414062,188.67112731933594,120.41809844970703,2599415
2013-07-29,188.1739959716797,188.51815795898438,186.93116760253906,187.58126831054688,119.72250366210938,2210930
2013-07-30,188.32696533203125,189.13002014160156,187.1988525390625,187.3900604248047,119.6004409790039,2785707
2013-07-31,185.93690490722656,188.25047302246094,185.93690490722656,186.46270751953125,119.008544921875,3985260
2013-08-01,188.0019073486328,188.49903869628906,186.81643676757812,187.1988525390625,119.4783935546875,3010074
2013-08-02,186.90248107910156,186.90248107910156,184.72274780273438,186.5774383544922,119.081787109375,4052204
2013-08-05,186.5774383544922,187.26577758789062,185.8030548095703,186.90248107910156,119.28925323486328,2605481
2013-08-06,183.8049774169922,184.04397583007812,181.90248107910156,182.5908203125,116.5373764038086,6211671
2013-08-07,181.26194763183594,181.5774383544922,179.78012084960938,180.26768493652344,115.62981414794922,4081178
2013-08-08,181.11854553222656,181.52008056640625,178.57553100585938,179.66539001464844,115.24345397949219,4756790
2013-08-09,179.73231506347656,180.84129333496094,178.7762908935547,179.5602264404297,115.17598724365234,3399082
2013-08-12,178.7476043701172,181.2237091064453,178.67112731933594,180.77438354492188,115.95479583740234,3165719
2013-08-13,181.20458984375,181.63479614257812,179.31166076660156,180.13385009765625,115.54398345947266,3705873
2013-08-14,180.28680419921875,180.6214141845703,179.06309509277344,179.28298950195312,114.9981918334961,3025346
2013-08-15,178.04014587402344,178.7762908935547,177.29444885253906,177.6195068359375,113.93113708496094,3862250
2013-08-16,177.3804931640625,178.26004028320312,177.18930053710938,177.18930053710938,113.65520477294922,3584014
2013-08-19,177.1510467529297,178.29827880859375,175.88909912109375,176.12811279296875,112.97454071044922,3398349
2013-08-20,176.26194763183594,177.46653747558594,175.11471557617188,176.44358825683594,113.17689514160156,3261219
2013-08-21,176.5487518310547,178.36520385742188,176.1759033203125,176.73040771484375,113.36088562011719,3714346
2013-08-22,177.48565673828125,178.0592803955078,176.14723205566406,177.04588317871094,113.56322479248047,2462598
2013-08-23,177.18930053710938,177.5717010498047,176.45315551757812,177.26577758789062,113.70429229736328,2398164
2013-08-26,177.12237548828125,178.7762908935547,176.55831909179688,176.6156768798828,113.28727722167969,2270238
2013-08-27,175.5544891357422,176.38623046875,174.54110717773438,174.70362854003906,112.06083679199219,3337472
2013-08-28,174.64627075195312,175.4015350341797,173.13575744628906,174.14913940429688,111.70513153076172,4162243
2013-08-29,173.9579315185547,175.6214141845703,173.46080017089844,174.6080322265625,111.99952697753906,3118021
2013-08-30,174.71319580078125,174.94264221191406,173.52772521972656,174.25430297851562,111.77262115478516,2856626
2013-09-03,175.5544891357422,176.21414184570312,174.48374938964844,175.86997985839844,112.80899047851562,3647611
2013-09-04,175.50669860839844,176.08985900878906,174.29254150390625,175.07647705078125,112.29999542236328,2717403
2013-09-05,175.28680419921875,176.86424255371094,175.0191192626953,176.05162048339844,112.92546844482422,2999510
2013-09-06,176.52963256835938,176.8546905517578,174.61758422851562,174.9808807373047,112.23863983154297,3037061
2013-09-09,175.602294921875,177.33270263671875,175.24856567382812,176.84512329101562,113.4344253540039,3155991
2013-09-10,178.96749877929688,179.397705078125,178.1739959716797,178.3938751220703,114.42786407470703,3294482
2013-09-11,178.61376953125,182.47610473632812,178.6042022705078,182.31358337402344,116.94213104248047,5191193
2013-09-12,182.5621337890625,182.90631103515625,181.50096130371094,182.34225463867188,116.96051025390625,3509121
2013-09-13,182.8011474609375,184.6080322265625,182.6003875732422,183.71893310546875,117.84355926513672,3881078
2013-09-16,185.181640625,186.24282836914062,184.1395721435547,184.6558380126953,118.44449615478516,4081910
2013-09-17,184.91395568847656,185.6118621826172,183.3938751220703,183.70936584472656,117.83747100830078,3065721
2013-09-18,184.13002014160156,186.31930541992188,183.55641174316406,185.86997985839844,119.22332000732422,4018523
2013-09-19,185.64053344726562,186.31930541992188,184.72274780273438,184.88528442382812,118.59166717529297,3324293
2013-09-20,185.43020629882812,185.87954711914062,181.66348266601562,181.66348266601562,116.52513122558594,8918091
2013-09-23,181.70172119140625,183.94837951660156,181.0038299560547,182.5908203125,117.11996459960938,3494477
2013-09-24,182.53346252441406,183.13575744628906,181.31930541992188,181.6156768798828,116.49443054199219,3227224
2013-09-25,181.7781982421875,182.23709106445312,180.2103271484375,181.13766479492188,116.18783569335938,2776607
2013-09-26,181.73995971679688,183.32696533203125,181.12811279296875,181.8546905517578,116.64778137207031,2189906
2013-09-27,180.56405639648438,180.6309814453125,178.25047302246094,178.69981384277344,114.62407684326172,4085153
2013-09-30,177.3996124267578,178.52772521972656,176.2332763671875,177.0363311767578,113.55709075927734,4161197
2013-10-01,177.18930053710938,178.44168090820312,176.52963256835938,178.18356323242188,114.29296875,2804535
2013-10-02,177.3804931640625,178.11663818359375,176.30018615722656,176.8260040283203,113.42220306396484,3783487
2013-10-03,176.5774383544922,176.8260040283203,174.9521942138672,175.77438354492188,112.74764251708984,3359543
2013-10-04,176.07073974609375,176.988525390625,175.50669860839844,176.0038299560547,112.89483642578125,2995326
2013-10-07,173.85276794433594,175.24856567382812,173.85276794433594,174.0057373046875,111.6131591796875,4148854
2013-10-08,173.89100646972656,173.9866180419922,170.85086059570312,170.8604278564453,109.59564208984375,5834902
2013-10-09,171.48184204101562,173.68069458007812,171.2237091064453,173.34608459472656,111.19005584716797,4626981
2013-10-10,175.11471557617188,176.6443634033203,174.34034729003906,176.6443634033203,113.30569458007812,3827209
2013-10-11,177.10325622558594,178.04014587402344,176.02294921875,177.97323608398438,114.15805053710938,3381300
2013-10-14,177.25621032714844,178.7667236328125,176.30975341796875,178.7476043701172,114.65479278564453,2785603
2013-10-15,177.5717010498047,177.76290893554688,176.11854553222656,176.53919982910156,113.23822784423828,3519895
2013-10-16,177.26577758789062,178.51815795898438,176.8546905517578,178.51815795898438,114.5075912475586,7027028
2013-10-17,166.1950225830078,169.216064453125,164.9808807373047,167.14149475097656,107.210205078125,23397869
2013-10-18,167.11280822753906,167.30401611328125,165.6309814453125,166.13766479492188,106.56629943847656,11033208
2013-10-21,166.74952697753906,167.06500244140625,165.03823852539062,165.2581329345703,106.0021743774414,7425240
2013-10-22,165.72657775878906,167.8489532470703,165.3441619873047,167.27532958984375,107.29609680175781,7298256
2013-10-23,167.3900604248047,168.25047302246094,166.73040771484375,168.04014587402344,107.78671264648438,5658232
2013-10-24,168.67112731933594,170.06692504882812,168.49903869628906,169.9808807373047,109.03148651123047,5787832
2013-10-25,170.5831756591797,171.2237091064453,168.50860595703125,169.07266235351562,108.44890594482422,5065569
2013-10-28,169.25430297851562,170.06692504882812,168.4512481689453,169.55067443847656,108.75553894042969,3883484
2013-10-29,169.8087921142578,174.30210876464844,169.69407653808594,174.11090087890625,111.68065643310547,9314212
2013-10-30,173.69981384277344,174.1682586669922,171.95028686523438,172.2275390625,110.47257232666016,5516290
2013-10-31,171.74952697753906,173.68069458007812,171.16635131835938,171.32887268066406,109.89617919921875,4516733
2013-11-01,171.90248107910156,172.4091796875,171.0133819580078,171.34799194335938,109.908447265625,3812147
2013-11-04,171.988525390625,172.8489532470703,171.45315551757812,172.34225463867188,110.5461654663086,3643532
2013-11-05,171.6443634033203,171.89292907714844,169.89483642578125,170.0286865234375,109.06214904785156,6377253
2013-11-06,170.08604431152344,171.84512329101562,169.96176147460938,171.30975341796875,110.47398376464844,4770492
2013-11-07,171.70172119140625,173.41299438476562,171.70172119140625,172.08413696289062,110.97337341308594,5459597
2013-11-08,170.965576171875,172.16061401367188,169.55067443847656,172.07456970214844,110.96721649169922,6563650
2013-11-11,172.26577758789062,175.32504272460938,172.12237548828125,174.8374786376953,112.7489242553711,5462526
2013-11-12,174.50286865234375,175.95602416992188,174.24473571777344,175.0191192626953,112.86607360839844,4454391
2013-11-13,174.25430297851562,175.47801208496094,173.6042022705078,175.47801208496094,113.16201782226562,4920802
2013-11-14,172.5430145263672,175.14340209960938,171.7590789794922,174.1969451904297,112.33586883544922,6612289
2013-11-15,174.35946655273438,175.21987915039062,173.193115234375,175.13385009765625,112.9400634765625,5414201
2013-11-18,175.44932556152344,176.8546905517578,175.2103271484375,176.35755920410156,113.72920227050781,5590765
2013-11-19,176.51051330566406,178.011474609375,176.05162048339844,177.10325622558594,114.21011352539062,4787542
2013-11-20,177.07456970214844,178.04971313476562,176.52963256835938,177.04588317871094,114.173095703125,3813507
2013-11-21,177.3804931640625,177.58126831054688,175.3441619873047,176.03250122070312,113.51957702636719,4664637
2013-11-22,175.43020629882812,176.8546905517578,172.0076446533203,173.32696533203125,111.77484130859375,7960269
2013-11-25,172.32313537597656,172.8011474609375,170.0,171.07073974609375,110.31986236572266,7491347
2013-11-26,170.8126220703125,171.07073974609375,169.51242065429688,169.51242065429688,109.31492614746094,6020776
2013-11-27,170.0095672607422,172.25621032714844,170.0,171.09942626953125,110.33834838867188,4807939
2013-11-29,171.32887268066406,172.81069946289062,171.12811279296875,171.7781982421875,110.77608489990234,3002543
2013-12-02,171.56787109375,171.69215393066406,169.33078002929688,169.67495727539062,109.41973114013672,4769760
2013-12-03,169.216064453125,170.3919677734375,167.91586303710938,168.33651733398438,108.55662536621094,6133744
2013-12-04,167.65774536132812,169.69407653808594,167.4569854736328,168.011474609375,108.3470230102539,5509700
2013-12-05,168.4034423828125,169.08221435546875,167.5717010498047,168.33651733398438,108.55662536621094,4586605
2013-12-06,168.92926025390625,170.17208862304688,168.26959228515625,169.85659790039062,109.53690338134766,4957831
2013-12-09,170.1625213623047,170.31549072265625,169.0535430908203,169.6558380126953,109.40743255615234,3971244
2013-12-10,169.12045288085938,169.85659790039062,168.31739807128906,169.33078002929688,109.19779968261719,4317679
2013-12-11,169.216064453125,169.94264221191406,167.3996124267578,167.49522399902344,108.01409149169922,4278558
2013-12-12,167.3613739013672,168.06883239746094,165.67877197265625,165.74569702148438,106.88584899902344,5932494
2013-12-13,165.88909912109375,166.71128845214844,165.13385009765625,165.2007598876953,106.53445434570312,4376882
2013-12-16,165.602294921875,170.50669860839844,165.13385009765625,170.0286865234375,109.6478271484375,7862782
2013-12-17,169.5602264404297,169.68450927734375,167.41873168945312,168.0305938720703,108.35936737060547,5723607
2013-12-18,168.69024658203125,170.87954711914062,167.16061401367188,170.84129333496094,110.17188262939453,5959794
2013-12-19,170.05735778808594,172.6003875732422,170.05735778808594,172.29444885253906,111.10897827148438,6199642
2013-12-20,172.1988525390625,173.9961700439453,172.10325622558594,172.10325622558594,110.98573303222656,8005561
2013-12-23,173.08795166015625,174.88528442382812,172.66729736328125,174.216064453125,112.34820556640625,4267575
2013-12-24,173.9579315185547,175.43020629882812,173.91014099121094,175.1625213623047,112.95857238769531,1687826
2013-12-26,175.48757934570312,177.3996124267578,175.4397735595703,177.1988525390625,114.27173614501953,3478682
2013-12-27,177.66729736328125,178.29827880859375,176.44358825683594,176.9407196044922,114.1052474975586,3537154
2013-12-30,177.170166015625,178.48948669433594,176.5487518310547,178.2122344970703,114.92525482177734,3157456
2013-12-31,178.28871154785156,179.53155517578125,178.10707092285156,179.32122802734375,115.64043426513672,3786206
2014-01-02,178.97705078125,179.15870666503906,177.05545043945312,177.37094116210938,114.38270568847656,4755639
2014-01-03,177.65774536132812,179.11090087890625,177.1510467529297,178.43212890625,115.06705474853516,4250107
2014-01-06,178.91969299316406,179.12045288085938,177.1510467529297,177.8202667236328,114.67249298095703,4254919
2014-01-07,178.193115234375,181.97897338867188,178.18356323242188,181.3671112060547,116.95975494384766,6205186
2014-01-08,181.0038299560547,181.08985900878906,179.0248565673828,179.70362854003906,115.88700866699219,4815470
2014-01-09,180.70745849609375,181.16635131835938,178.34608459472656,179.1395721435547,115.5232925415039,4520080
2014-01-10,180.0286865234375,180.27725219726562,178.08795166015625,179.0248565673828,115.44928741455078,4207430
2014-01-13,178.06883239746094,178.72848510742188,175.77438354492188,176.06118774414062,113.53807067871094,6050796
2014-01-14,176.92160034179688,178.23135375976562,175.7935028076172,177.74378967285156,114.62318420410156,4831683
2014-01-15,177.64817810058594,180.35372924804688,177.33270263671875,179.48374938964844,115.74522399902344,5038059
2014-01-16,179.28298950195312,180.67877197265625,178.5850830078125,180.45889282226562,116.37407684326172,4989734
2014-01-17,179.7705535888672,182.41873168945312,179.5984649658203,181.73040771484375,117.19400787353516,7996252
2014-01-21,181.86424255371094,182.0172119140625,178.57553100585938,180.14340209960938,116.17064666748047,11585810
2014-01-22,173.30784606933594,175.43020629882812,171.76864624023438,174.2351837158203,112.36054229736328,14430721
2014-01-23,173.4512481689453,175.64053344726562,172.76290893554688,174.69407653808594,112.65647888183594,7294699
2014-01-24,173.27915954589844,174.7705535888672,171.73995971679688,171.73995971679688,110.75146484375,7207568
2014-01-27,171.71128845214844,171.74952697753906,169.84703063964844,170.07647705078125,109.67868041992188,5448196
2014-01-28,170.21987915039062,170.602294921875,168.41299438476562,169.07266235351562,109.03137969970703,5578632
2014-01-29,168.2409210205078,170.67877197265625,168.15487670898438,168.64244079589844,108.75389099121094,5199561
2014-01-30,169.3785858154297,170.03823852539062,168.6042022705078,169.5602264404297,109.34576416015625,5076970
2014-01-31,168.36520385742188,170.0191192626953,167.62905883789062,168.91014099121094,108.92650604248047,5432296
2014-02-03,168.27915954589844,168.27915954589844,165.12428283691406,165.29637145996094,106.59611511230469,7517393
2014-02-04,165.89866638183594,166.10899353027344,164.78012084960938,165.23899841308594,106.55908203125,4549891
2014-02-05,164.61758422851562,167.27532958984375,164.61758422851562,166.5774383544922,107.42222595214844,4929066
2014-02-06,166.31930541992188,167.16061401367188,166.14723205566406,166.988525390625,108.27767944335938,4489641
2014-02-07,167.91586303710938,169.75143432617188,167.37094116210938,169.45506286621094,109.87704467773438,4908773
2014-02-10,169.1873779296875,169.8374786376953,168.49903869628906,169.3498992919922,109.80882263183594,3703258
2014-02-11,169.034423828125,172.4569854736328,169.0248565673828,171.7973175048828,111.39575958251953,4861076
2014-02-12,171.625244140625,173.27915954589844,171.37667846679688,172.31358337402344,111.73055267333984,4166218
2014-02-13,170.38241577148438,174.34034729003906,170.03823852539062,173.8432159423828,112.72238159179688,4688172
2014-02-14,173.28871154785156,176.31930541992188,173.0305938720703,175.6118621826172,113.86914825439453,4874255
2014-02-18,175.12428283691406,175.90821838378906,174.30210876464844,175.13385009765625,113.55921936035156,4639219
2014-02-19,174.70362854003906,177.48565673828125,174.3881378173828,174.90440368652344,113.41045379638672,4886389
2014-02-20,174.91395568847656,176.73040771484375,174.75143432617188,176.1567840576172,114.2225112915039,5196737
2014-02-21,176.14723205566406,177.5430145263672,174.5889129638672,174.75143432617188,113.31127166748047,5961468
2014-02-24,174.78012084960938,177.0172119140625,174.78012084960938,175.38241577148438,113.72039794921875,4806684
2014-02-25,175.44932556152344,176.48184204101562,174.8374786376953,175.17208862304688,113.58399200439453,4081806
2014-02-26,175.85086059570312,177.13192749023438,175.48757934570312,175.965576171875,114.09854125976562,3912772
2014-02-27,175.74569702148438,177.7724609375,175.72657775878906,177.12237548828125,114.84860229492188,4003879
2014-02-28,177.2275390625,177.93499755859375,175.5736083984375,177.02676391601562,114.78662872314453,4882623
2014-03-03,175.26768493652344,176.52008056640625,174.78012084960938,176.1567840576172,114.2225112915039,4131805
2014-03-04,177.6386260986328,178.92926025390625,177.51434326171875,178.2409210205078,115.57386016845703,4950718
2014-03-05,178.36520385742188,179.68450927734375,178.2026824951172,178.91014099121094,116.0078125,3645519
2014-03-06,179.13002014160156,180.10516357421875,178.68069458007812,179.3881378173828,116.3177490234375,3992896
2014-03-07,180.06692504882812,180.6118621826172,178.94837951660156,179.4263916015625,116.34258270263672,4307219
2014-03-10,179.30210876464844,180.08604431152344,177.67686462402344,178.193115234375,115.54291534423828,4802395
2014-03-11,179.1682586669922,180.1625213623047,177.85850524902344,178.54684448242188,115.77223205566406,4424057
2014-03-12,177.829833984375,179.2064971923828,177.71510314941406,178.0305938720703,115.43748474121094,5055318
2014-03-13,178.2122344970703,178.7762908935547,175.6309814453125,175.8126220703125,113.99935913085938,5139207
2014-03-14,175.8030548095703,176.1854705810547,174.1969451904297,174.1969451904297,112.95171356201172,5742854
2014-03-17,174.6271514892578,178.15487670898438,174.6271514892578,177.6386260986328,115.183349609375,5165253
2014-03-18,177.81069946289062,179.63670349121094,177.3804931640625,178.5946502685547,115.8032455444336,4143520
2014-03-19,177.4378662109375,178.48948669433594,175.43020629882812,176.58700561523438,114.50147247314453,4522799
2014-03-20,176.35755920410156,179.9808807373047,176.07073974609375,179.63670349121094,116.47891998291016,5295480
2014-03-21,180.2103271484375,180.4015350341797,178.2026824951172,178.46080017089844,115.7164306640625,13111819
2014-03-24,179.1873779296875,181.10899353027344,179.13002014160156,179.9713134765625,116.6958999633789,6002471
2014-03-25,180.45889282226562,186.806884765625,180.4015350341797,186.46270751953125,120.90501403808594,11414684
2014-03-26,186.4053497314453,187.02676391601562,183.51815795898438,184.14913940429688,119.40484619140625,7166878
2014-03-27,183.47036743164062,184.1969451904297,180.9942626953125,181.48184204101562,117.67535400390625,7079014
2014-03-28,181.58700561523438,184.14913940429688,180.7935028076172,182.07456970214844,118.05966186523438,5433342
2014-03-31,183.2122344970703,185.24856567382812,182.9827880859375,184.0248565673828,119.32428741455078,8930016
2014-04-01,184.6271514892578,186.5487518310547,184.30210876464844,185.9464569091797,120.57026672363281,5642229
2014-04-02,185.69789123535156,185.9464569091797,184.0248565673828,185.03823852539062,119.98139190673828,5150609
2014-04-03,184.70362854003906,184.87571716308594,183.89100646972656,184.216064453125,119.4482650756836,4279291
2014-04-04,184.6271514892578,185.4397735595703,182.86807250976562,183.33651733398438,118.87799835205078,6370035
2014-04-07,183.28871154785156,186.72084045410156,183.1453094482422,185.965576171875,120.58264923095703,7050563
2014-04-08,185.36329650878906,185.6309814453125,184.216064453125,184.7896728515625,119.82017517089844,5360750
2014-04-09,185.35372924804688,188.33651733398438,185.08604431152344,187.9923553466797,121.89688110351562,5732185
2014-04-10,187.4378662109375,190.44932556152344,187.05545043945312,187.07456970214844,121.30178833007812,8805123
2014-04-11,186.46270751953125,188.33651733398438,185.72657775878906,186.6061248779297,120.99803924560547,5057410
2014-04-14,187.6099395751953,189.52198791503906,187.26577758789062,189.07266235351562,122.59732055664062,5680931
2014-04-15,187.3613739013672,188.72848510742188,186.8260040283203,188.3556365966797,122.13240814208984,5597460
2014-04-16,189.34034729003906,189.9713134765625,186.42446899414062,187.76290893554688,121.74808502197266,8919556
2014-04-17,179.01528930664062,182.31358337402344,178.78585815429688,181.65391540527344,117.78691101074219,11767082
2014-04-21,181.45315551757812,184.33078002929688,181.3957977294922,183.8145294189453,119.18790435791016,5669006
2014-04-22,183.5659637451172,184.51242065429688,182.7915802001953,183.69981384277344,119.11351776123047,4057016
2014-04-23,183.3556365966797,183.94837951660156,181.74952697753906,183.29827880859375,118.85314178466797,4954274
2014-04-24,183.7667236328125,183.7667236328125,181.67303466796875,181.8546905517578,117.9170913696289,4609827
2014-04-25,182.16061401367188,182.28489685058594,180.7935028076172,181.29063415527344,117.55133819580078,4049066
2014-04-28,182.73422241210938,185.45889282226562,182.1988525390625,184.64627075195312,119.72722625732422,5897662
2014-04-29,185.07647705078125,187.32313537597656,184.90440368652344,186.52963256835938,120.94843292236328,4839110
2014-04-30,185.8317413330078,188.2026824951172,185.8030548095703,187.829833984375,121.79146575927734,4400313
2014-05-01,187.67686462402344,188.08795166015625,184.6558380126953,185.0191192626953,119.96896362304688,3843004
2014-05-02,185.2294464111328,185.31549072265625,182.83938598632812,183.02102661132812,118.6733627319336,3190195
2014-05-05,182.64817810058594,183.06883239746094,181.45315551757812,182.8489532470703,118.56182098388672,2324317
2014-05-06,182.53346252441406,182.55258178710938,180.92733764648438,181.67303466796875,117.7992935180664,3335380
2014-05-07,181.0133819580078,181.93116760253906,178.70936584472656,180.9751434326172,118.030029296875,3996766
2014-05-08,180.84129333496094,182.18930053710938,179.9521942138672,180.602294921875,117.78684997558594,2543767
2014-05-09,180.66921997070312,182.2084197998047,180.08604431152344,181.72084045410156,118.51636505126953,2365634
2014-05-12,182.71510314941406,184.53155517578125,182.5430145263672,184.10133361816406,120.06890106201172,3951160
2014-05-13,184.31166076660156,184.54110717773438,183.32696533203125,183.73805236816406,119.83198547363281,2329024
2014-05-14,183.47036743164062,183.54684448242188,179.89483642578125,180.420654296875,117.66841125488281,5493069
2014-05-15,180.75526428222656,180.7648162841797,177.9923553466797,178.26004028320312,116.2592544555664,4395501
2014-05-16,178.07839965820312,179.1682586669922,177.7533416748047,178.83364868164062,116.63338470458984,4131177
2014-05-19,178.4034423828125,178.90057373046875,177.85850524902344,178.7762908935547,116.59591674804688,3421152
2014-05-20,178.0592803955078,178.48948669433594,176.5774383544922,176.7590789794922,115.28040313720703,3165719
2014-05-21,177.67686462402344,178.92926025390625,176.81643676757812,178.193115234375,116.21565246582031,3125448
2014-05-22,178.25047302246094,178.25047302246094,176.89292907714844,177.51434326171875,115.77290344238281,2320028
2014-05-23,177.66729736328125,177.95411682128906,177.16061401367188,177.76290893554688,115.93505096435547,2680793
2014-05-27,176.67303466796875,177.48565673828125,175.84129333496094,176.65391540527344,115.21174621582031,5014315
2014-05-28,176.3671112060547,176.74952697753906,174.89483642578125,175.0286865234375,114.15184020996094,3892794
2014-05-29,175.56405639648438,175.69789123535156,174.31166076660156,175.67877197265625,114.57577514648438,2886855
2014-05-30,175.31549072265625,176.45315551757812,174.46463012695312,176.2523956298828,114.94988250732422,4833043
2014-06-02,176.63479614257812,178.08795166015625,176.5487518310547,177.52389526367188,115.77912902832031,3347723
2014-06-03,177.3900604248047,177.5908203125,176.02294921875,176.26194763183594,114.95616912841797,2632887
2014-06-04,176.58700561523438,177.29444885253906,176.09942626953125,176.3957977294922,115.04344940185547,2486133
2014-06-05,176.53919982910156,177.90631103515625,175.8317413330078,177.8011474609375,115.95997619628906,2983401
2014-06-06,178.26959228515625,179.397705078125,177.72467041015625,178.1739959716797,116.20316314697266,3448348
2014-06-09,178.0305938720703,179.3881378173828,177.7820281982422,178.0305938720703,116.10962677001953,2853906
2014-06-10,178.011474609375,178.0305938720703,175.73614501953125,176.1854705810547,114.9062271118164,4346025
2014-06-11,175.53536987304688,176.09942626953125,174.0057373046875,174.2351837158203,113.63423156738281,4248538
2014-06-12,174.45506286621094,174.52198791503906,172.95411682128906,173.25047302246094,112.99209594726562,4628864
2014-06-13,173.9961700439453,174.9521942138672,173.53729248046875,174.53155517578125,113.82756042480469,2901186
2014-06-16,174.3785858154297,174.67495727539062,173.26959228515625,174.33078002929688,113.69666290283203,3719785
2014-06-17,173.90057373046875,174.7705535888672,173.57553100585938,174.24473571777344,113.6405258178711,2574101
2014-06-18,174.034423828125,175.53536987304688,173.79541015625,175.52581787109375,114.47600555419922,4112663
2014-06-19,176.02294921875,176.35755920410156,174.34034729003906,174.78012084960938,113.98970031738281,3714451
2014-06-20,174.5602264404297,174.63670349121094,173.4225616455078,173.5659637451172,113.19784545898438,11178393
2014-06-23,173.91969299316406,174.2351837158203,173.04014587402344,174.13002014160156,113.56572723388672,3380358
2014-06-24,173.51815795898438,174.9521942138672,172.70555114746094,172.92543029785156,112.78007507324219,4053668
2014-06-25,172.32313537597656,173.011474609375,172.14149475097656,172.7724609375,112.68032836914062,2889889
2014-06-26,172.91586303710938,173.3938751220703,171.38623046875,172.4378662109375,112.46211242675781,3408391
2014-06-27,171.86424255371094,174.43594360351562,171.7590789794922,173.71893310546875,113.297607421875,4785973
2014-06-30,173.3556365966797,173.92926025390625,172.33270263671875,173.29827880859375,113.02325439453125,4418095
2014-07-01,173.70936584472656,179.034423828125,173.70936584472656,178.15487670898438,116.19068908691406,6948683
2014-07-02,178.1453094482422,180.67877197265625,177.9827880859375,180.10516357421875,117.4626235961914,5327278
2014-07-03,180.10516357421875,180.50669860839844,179.11090087890625,180.23899841308594,117.5499267578125,2533830
2014-07-07,179.35946655273438,179.9904327392578,179.1969451904297,179.7705535888672,117.24440002441406,3094800
2014-07-08,179.397705078125,179.8087921142578,178.1739959716797,178.9866180419922,116.73310852050781,3279315
2014-07-09,179.4263916015625,180.5927276611328,178.67112731933594,180.13385009765625,117.4813461303711,3461842
2014-07-10,178.2409210205078,179.78012084960938,178.02102661132812,179.4455108642578,117.03245544433594,3323979
2014-07-11,179.47418212890625,180.06692504882812,178.49903869628906,179.73231506347656,117.21949005126953,2513015
2014-07-14,180.2581329345703,182.06500244140625,180.23899841308594,181.51051330566406,118.37914276123047,4708151
2014-07-15,181.20458984375,181.72084045410156,179.93307495117188,180.2007598876953,117.52501678466797,5088476
2014-07-16,183.78585815429688,184.85659790039062,182.37094116210938,183.90057373046875,119.9379653930664,8171980
2014-07-17,183.90057373046875,187.33270263671875,183.55641174316406,184.0248565673828,120.01902770996094,9280426
2014-07-18,183.51815795898438,184.93307495117188,181.6443634033203,184.034423828125,120.02525329589844,8542054
2014-07-21,182.88719177246094,183.26959228515625,180.92733764648438,182.4569854736328,118.9964828491211,4345502
2014-07-22,183.1644287109375,186.1567840576172,183.13575744628906,185.5544891357422,121.01660919189453,5076238
2014-07-23,185.5736083984375,186.32887268066406,185.05735778808594,185.11471557617188,120.72978210449219,3749073
2014-07-24,185.420654296875,187.0172119140625,185.2294464111328,186.65391540527344,121.73365783691406,3778884
2014-07-25,186.71128845214844,187.28489685058594,185.26768493652344,185.85086059570312,121.20989227294922,3531714
2014-07-28,185.75526428222656,187.76290893554688,185.13385009765625,187.170166015625,122.07035064697266,3391550
2014-07-29,186.71128845214844,187.27532958984375,185.98471069335938,186.0133819580078,121.31591033935547,3414249
2014-07-30,186.6156768798828,187.37094116210938,184.4168243408203,185.46844482421875,120.96047973632812,4125215
2014-07-31,184.35946655273438,185.74569702148438,183.11663818359375,183.2409210205078,119.50776672363281,4401045
2014-08-01,182.12237548828125,183.07839965820312,180.5544891357422,180.8317413330078,117.93647766113281,5419431
2014-08-04,181.02294921875,181.5965576171875,180.30592346191406,181.30018615722656,118.24205780029297,2223691
2014-08-05,180.44932556152344,180.87954711914062,178.2409210205078,178.87188720703125,116.65829467773438,3460063
2014-08-06,177.2084197998047,178.6615753173828,176.32887268066406,177.7915802001953,116.63951110839844,4023962
2014-08-07,178.43212890625,178.47036743164062,175.50669860839844,176.1950225830078,115.59208679199219,2833196
2014-08-08,176.29063415527344,178.46080017089844,175.50669860839844,178.4225616455078,117.0534439086914,2909449
2014-08-11,179.55067443847656,180.07647705078125,178.08795166015625,179.22561645507812,117.58026885986328,2643451
2014-08-12,179.2064971923828,180.3919677734375,178.5946502685547,179.10133361816406,117.498779296875,1944096
2014-08-13,179.73231506347656,180.1912078857422,179.13002014160156,179.68450927734375,117.88134002685547,1877570
2014-08-14,179.32122802734375,179.89483642578125,178.70936584472656,179.61758422851562,117.83745574951172,2018257
2014-08-15,179.5889129638672,180.5736083984375,178.57553100585938,179.1395721435547,117.52384948730469,2944281
2014-08-18,179.82791137695312,181.46270751953125,179.50286865234375,181.03250122070312,118.76567077636719,2531634
2014-08-19,181.68260192871094,181.88336181640625,181.03250122070312,181.71128845214844,119.21098327636719,2133945
2014-08-20,181.51051330566406,182.0172119140625,180.92733764648438,181.73995971679688,119.22978973388672,2277770
2014-08-21,182.50477600097656,183.62332153320312,182.12237548828125,182.8202667236328,119.93856048583984,2611339
2014-08-22,182.3804931640625,183.44168090820312,181.92160034179688,182.0363311767578,119.42424774169922,2029554
2014-08-25,182.97323608398438,183.374755859375,182.32313537597656,182.7533416748047,119.89462280273438,1802886
2014-08-26,182.6195068359375,185.0191192626953,182.6195068359375,184.50286865234375,121.04236602783203,3321468
2014-08-27,184.54110717773438,185.5927276611328,183.13575744628906,183.79541015625,120.5782470703125,2290949
2014-08-28,183.04971313476562,183.8432159423828,182.27532958984375,183.55641174316406,120.42150115966797,1572766
2014-08-29,183.8240966796875,184.27342224121094,182.73422241210938,183.8432159423828,120.6096420288086,3043232
2014-09-02,184.2064971923828,184.48374938964844,182.53346252441406,183.13575744628906,120.1455078125,2802966
2014-09-03,183.92926025390625,184.46463012695312,183.4225616455078,183.50860595703125,120.39012145996094,1906649
2014-09-04,183.26004028320312,184.216064453125,181.70172119140625,182.29444885253906,119.59355926513672,2996790
2014-09-05,182.1510467529297,183.31739807128906,181.73040771484375,182.7915802001953,119.91972351074219,2364169
2014-09-08,182.3613739013672,182.7915802001953,181.1759033203125,181.7781982421875,119.2548828125,2640313
2014-09-09,181.9694061279297,182.35182189941406,181.4340362548828,181.63479614257812,119.16080474853516,2514166
2014-09-10,181.7590789794922,183.69981384277344,181.73995971679688,183.11663818359375,120.13294219970703,2891144
2014-09-11,182.67686462402344,184.30210876464844,181.7590789794922,183.28871154785156,120.24584197998047,2404231
2014-09-12,183.04971313476562,183.1739959716797,182.18930053710938,182.86807250976562,119.96994018554688,3034446
2014-09-15,183.0019073486328,184.0248565673828,182.1988525390625,183.374755859375,120.30228424072266,2569394
2014-09-16,182.83938598632812,185.05735778808594,182.4282989501953,184.47418212890625,121.02362823486328,2679329
2014-09-17,184.72274780273438,185.12428283691406,183.8432159423828,184.32122802734375,120.92324829101562,3358497
2014-09-18,184.31166076660156,185.5927276611328,184.2351837158203,185.2294464111328,121.5190658569336,3099612
2014-09-19,185.98471069335938,186.42446899414062,184.69407653808594,185.46844482421875,121.67581176757812,9259192
2014-09-22,185.2007598876953,185.602294921875,184.15870666503906,184.61758422851562,121.11767578125,3470628
2014-09-23,184.27342224121094,184.579345703125,183.09751892089844,183.193115234375,120.18318176269531,3453683
2014-09-24,182.6003875732422,183.9866180419922,181.52963256835938,183.85276794433594,120.61589050292969,3224400
2014-09-25,183.6042022705078,184.034423828125,180.65965270996094,180.69789123535156,118.546142578125,4342364
2014-09-26,180.6214141845703,181.95985412597656,180.31549072265625,181.70172119140625,119.20470428466797,2608619
2014-09-29,180.21987915039062,181.6061248779297,179.84703063964844,181.30018615722656,118.94126892089844,2443770
2014-09-30,181.30018615722656,182.4569854736328,180.8317413330078,181.48184204101562,119.0604476928711,3067500
2014-10-01,181.55831909179688,182.02676391601562,178.57553100585938,178.93881225585938,117.39209747314453,3894467
2014-10-02,179.4072723388672,179.52198791503906,178.04971313476562,178.69024658203125,117.22905731201172,2388123
2014-10-03,179.8374786376953,181.0420684814453,179.31166076660156,180.3728485107422,118.3329086303711,3212789
2014-10-06,181.34799194335938,182.49522399902344,180.4110870361328,180.72657775878906,118.56498718261719,2196077
2014-10-07,179.51242065429688,179.84703063964844,177.3804931640625,177.5430145263672,116.4764175415039,3128900
2014-10-08,177.7915802001953,181.26194763183594,177.44741821289062,181.03250122070312,118.76567077636719,3122101
2014-10-09,180.8030548095703,181.16635131835938,177.90631103515625,178.2218017578125,116.92173767089844,2746168
2014-10-10,177.68641662597656,179.48374938964844,176.95985412597656,177.7533416748047,116.61441802978516,5324349
2014-10-13,177.33270263671875,178.44168090820312,175.35372924804688,175.44932556152344,115.1028823852539,3762148
2014-10-14,176.7590789794922,177.55258178710938,175.51625061035156,175.71701049804688,115.27848815917969,4105236
2014-10-15,174.43594360351562,175.70745849609375,170.88909912109375,173.75717163085938,113.99273681640625,7213007
2014-10-16,171.89292907714844,173.49903869628906,170.8317413330078,171.93116760253906,112.79475402832031,5835216
2014-10-17,173.26959228515625,174.7992401123047,172.29444885253906,174.04397583007812,114.18087005615234,4550309
2014-10-20,159.51242065429688,162.83938598632812,159.35946655273438,161.66348266601562,106.05868530273438,24493659
2014-10-21,159.08221435546875,159.3498992919922,154.56979370117188,156.05162048339844,102.3770523071289,21913491
2014-10-22,155.26768493652344,158.13575744628906,154.01528930664062,154.67495727539062,101.47392272949219,11594701
2014-10-23,154.9904327392578,155.66921997070312,154.43594360351562,155.0478057861328,101.71851348876953,7948972
2014-10-24,154.9521942138672,155.29637145996094,154.3498992919922,154.9521942138672,101.65583801269531,6958097
2014-10-27,154.87571716308594,155.74569702148438,154.69407653808594,154.75143432617188,101.52410888671875,5218599
2014-10-28,154.87571716308594,156.4053497314453,154.68450927734375,156.4053497314453,102.609130859375,8258484
2014-10-29,157.10325622558594,157.3804931640625,155.602294921875,156.27151489257812,102.52132415771484,4957308
2014-10-30,156.30975341796875,157.3804931640625,155.85086059570312,157.12237548828125,103.07955169677734,4075216
2014-10-31,158.2026824951172,158.30784606933594,156.42446899414062,157.170166015625,103.11089324951172,6085628
2014-11-03,157.02676391601562,157.30401611328125,156.1950225830078,157.13192749023438,103.08583068847656,4903857
2014-11-04,157.11280822753906,157.13192749023438,155.10516357421875,155.49713134765625,102.01332092285156,4442257
2014-11-05,155.95602416992188,156.34799194335938,154.45506286621094,154.70362854003906,101.49273681640625,4293516
2014-11-06,154.1873779296875,154.4263916015625,153.011474609375,154.35946655273438,101.96002960205078,4254710
2014-11-07,154.32122802734375,155.07647705078125,153.7762908935547,154.94264221191406,102.3452377319336,3655561
2014-11-10,154.78012084960938,157.23709106445312,154.50286865234375,156.30018615722656,103.241943359375,5186277
2014-11-11,156.50096130371094,156.69215393066406,155.44932556152344,156.11854553222656,103.12197875976562,3696982
2014-11-12,155.14340209960938,155.8317413330078,154.64627075195312,154.7992401123047,102.25052642822266,3533597
2014-11-13,154.87571716308594,155.64053344726562,154.68450927734375,155.6309814453125,102.7999496459961,3388726
2014-11-14,154.9713134765625,157.25621032714844,154.579345703125,156.9407196044922,103.6650390625,5207406
2014-11-17,156.9407196044922,157.71510314941406,156.52008056640625,156.9407196044922,103.6650390625,5019649
2014-11-18,157.48565673828125,157.50477600097656,154.7705535888672,154.7705535888672,102.23155212402344,5658965
2014-11-19,154.92352294921875,154.9713134765625,153.88145446777344,154.33078002929688,101.94105529785156,3977520
2014-11-20,153.87188720703125,154.397705078125,152.7724609375,153.57553100585938,101.44220733642578,4375523
2014-11-21,154.71319580078125,154.82791137695312,153.68069458007812,153.8432159423828,101.61903381347656,4264437
2014-11-24,154.43594360351562,156.65391540527344,153.97705078125,155.0191192626953,102.39573669433594,6923474
2014-11-25,155.49713134765625,156.30975341796875,154.45506286621094,154.64627075195312,102.14947509765625,4249270
2014-11-26,154.8087921142578,154.9713134765625,153.92926025390625,154.82791137695312,102.26947021484375,4148436
2014-11-28,155.5927276611328,156.1854705810547,154.34034729003906,155.03823852539062,102.40838623046875,2516153
2014-12-01,154.53155517578125,156.13766479492188,154.25430297851562,154.43594360351562,102.01053619384766,4360146
2014-12-02,155.32504272460938,155.5736083984375,154.53155517578125,155.51625061035156,102.72415161132812,3625122
2014-12-03,155.32504272460938,157.28489685058594,154.87571716308594,157.28489685058594,103.89238739013672,6724839
2014-12-04,156.7973175048828,157.26577758789062,155.84129333496094,156.8355712890625,103.5955810546875,4036932
2014-12-05,156.4149169921875,157.26577758789062,155.74569702148438,156.08985900878906,103.10301208496094,3152121
2014-12-08,156.10899353027344,156.10899353027344,154.43594360351562,154.7418670654297,102.21263885498047,2982146
2014-12-09,153.7667236328125,155.85086059570312,153.72848510742188,155.82217407226562,102.92620086669922,4038815
2014-12-10,155.84129333496094,156.14723205566406,152.9923553466797,153.4512481689453,101.3601303100586,4260149
2014-12-11,153.7476043701172,155.7648162841797,153.46080017089844,153.9866180419922,101.71376037597656,4173122
2014-12-12,153.2026824951172,153.44168090820312,148.49903869628906,148.54684448242188,98.12060546875,9007838
2014-12-15,149.07266235351562,149.84703063964844,146.11854553222656,146.32887268066406,96.65554809570312,6799314
2014-12-16,145.3441619873047,148.07839965820312,143.88145446777344,144.75143432617188,95.61357879638672,7094600
2014-12-17,144.85659790039062,146.56787109375,144.46463012695312,145.24856567382812,95.94196319580078,5367026
2014-12-18,146.8260040283203,150.74569702148438,146.55831909179688,150.74569702148438,99.57304382324219,7638310
2014-12-19,150.56405639648438,153.3556365966797,150.56405639648438,151.53919982910156,100.0971450805664,9272685
2014-12-22,151.3671112060547,154.7896728515625,151.3671112060547,154.34034729003906,101.94740295410156,4897895
2014-12-23,155.09559631347656,155.73614501953125,154.50286865234375,155.10516357421875,102.45258331298828,4229292
2014-12-24,155.71701049804688,155.82217407226562,154.50286865234375,154.70362854003906,102.18736267089844,1954033
2014-12-26,155.13385009765625,155.91778564453125,154.88528442382812,155.2007598876953,102.5157241821289,2000161
2014-12-29,154.87571716308594,155.2007598876953,152.4378662109375,153.4512481689453,101.3601303100586,3485063
2014-12-30,152.9827880859375,153.7476043701172,152.76290893554688,153.011474609375,101.06964874267578,2960075
2014-12-31,153.3556365966797,154.397705078125,153.32696533203125,153.3843231201172,101.31588745117188,4196447
2015-01-02,154.216064453125,156.12811279296875,153.91969299316406,154.93307495117188,102.33892059326172,5779673
2015-01-05,154.17782592773438,154.17782592773438,152.18930053710938,152.49522399902344,100.7286148071289,5104898
2015-01-06,152.64817810058594,152.92543029785156,148.34608459472656,149.2064971923828,98.55631256103516,6429448
2015-01-07,150.28680419921875,150.28680419921875,147.25621032714844,148.23135375976562,97.91219329833984,4918083
2015-01-08,149.3690185546875,152.04588317871094,148.70936584472656,151.45315551757812,100.04029846191406,4431693
2015-01-09,151.45315551757812,153.28871154785156,150.33460998535156,152.11280822753906,100.47601318359375,4694762
2015-01-12,152.0076446533203,152.2466583251953,148.91014099121094,149.5602264404297,98.78996276855469,4380230
2015-01-13,150.3441619873047,152.93499755859375,148.83364868164062,149.91395568847656,99.02359771728516,4578865
2015-01-14,148.04971313476562,149.6080322265625,146.97897338867188,148.94837951660156,98.38585662841797,4906054
2015-01-15,149.7992401123047,150.06692504882812,147.3804931640625,147.7724609375,97.60907745361328,4443826
2015-01-16,147.05545043945312,150.69789123535156,147.05545043945312,150.2294464111328,99.23200225830078,6020776
2015-01-20,149.8087921142578,150.4110870361328,147.25621032714844,150.0478057861328,99.1120376586914,8778869
2015-01-21,146.30018615722656,147.70555114746094,144.4263916015625,145.4015350341797,96.04299926757812,12444367
2015-01-22,145.2581329345703,148.87188720703125,145.08604431152344,148.55641174316406,98.12692260742188,6401625
2015-01-23,148.2122344970703,150.66921997070312,148.07839965820312,149.01528930664062,98.43000793457031,5057201
2015-01-26,151.30018615722656,152.44741821289062,148.91969299316406,149.48374938964844,98.73944854736328,8250953
2015-01-27,148.12619018554688,148.26959228515625,145.87954711914062,146.91204833984375,97.04074096679688,5919942
2015-01-28,147.2275390625,147.73422241210938,144.88528442382812,144.88528442382812,95.70198059082031,4702711
2015-01-29,144.72274780273438,148.73805236816406,142.94454956054688,148.64244079589844,98.18373107910156,8703557
2015-01-30,147.14149475097656,148.41299438476562,146.30975341796875,146.56787109375,96.81338500976562,6865526
2015-02-02,147.2275390625,147.85850524902344,144.84703063964844,147.85850524902344,97.66590118408203,4928961
2015-02-03,147.94454956054688,151.625244140625,147.94454956054688,151.50096130371094,100.0718994140625,5794212
2015-02-04,150.29637145996094,151.73040771484375,149.8087921142578,150.05735778808594,99.11833953857422,3847711
2015-02-05,150.3728485107422,151.6156768798828,150.23899841308594,150.965576171875,99.71821594238281,5495266
2015-02-06,150.420654296875,151.12811279296875,149.35946655273438,149.82791137695312,99.66101837158203,3406299
2015-02-09,149.1395721435547,150.5736083984375,148.5659637451172,148.90057373046875,99.04417419433594,3198354
2015-02-10,149.84703063964844,151.58700561523438,148.26004028320312,151.58700561523438,100.83110046386719,4644868
2015-02-11,150.82217407226562,152.09368896484375,150.2581329345703,151.24282836914062,100.60218811035156,3793528
2015-02-12,151.73995971679688,152.48565673828125,151.13766479492188,151.5487518310547,100.80565643310547,3486423
2015-02-13,151.7973175048828,153.72848510742188,151.66348266601562,153.34608459472656,102.00118255615234,3877417
2015-02-17,152.72467041015625,154.31166076660156,152.70555114746094,153.88145446777344,102.35731506347656,3027647
2015-02-18,154.7418670654297,155.32504272460938,153.57553100585938,155.05735778808594,103.13948059082031,4558886
2015-02-19,154.92352294921875,157.25621032714844,154.34034729003906,156.68260192871094,104.22054290771484,3665602
2015-02-20,156.44358825683594,157.11280822753906,154.96176147460938,156.45315551757812,104.06792449951172,3507238
2015-02-23,157.0076446533203,157.170166015625,155.35372924804688,155.74569702148438,103.59734344482422,2839262
2015-02-24,155.3441619873047,157.73422241210938,154.4072723388672,157.58126831054688,104.81829833984375,4917874
2015-02-25,157.68641662597656,157.70555114746094,155.43020629882812,155.6501007080078,103.53374481201172,4188812
2015-02-26,156.53919982910156,156.92160034179688,152.74378967285156,153.79541015625,102.30007934570312,7437897
2015-02-27,153.79541015625,155.15296936035156,153.11663818359375,154.818359375,102.98049926757812,4612860
2015-03-02,154.818359375,154.818359375,152.7820281982422,153.4225616455078,102.05207061767578,6190123
2015-03-03,153.2218017578125,154.63670349121094,152.9636688232422,153.94837951660156,102.4018325805664,3383182
2015-03-04,153.47991943359375,153.49903869628906,151.73995971679688,152.4091796875,101.37799072265625,3800746
2015-03-05,152.829833984375,154.397705078125,152.67686462402344,154.09178161621094,102.49720764160156,3966118
2015-03-06,153.1453094482422,154.34034729003906,151.10899353027344,151.52963256835938,100.79296112060547,4749049
2015-03-09,151.24282836914062,154.06309509277344,151.24282836914062,153.69981384277344,102.23648834228516,5432819
2015-03-10,152.58126831054688,153.18356323242188,150.86997985839844,150.86997985839844,100.35416412353516,4812646
2015-03-11,151.5965576171875,152.14149475097656,149.08221435546875,149.90440368652344,99.71188354492188,5972555
2015-03-12,149.397705078125,151.73995971679688,149.397705078125,151.03250122070312,100.4622573852539,4777396
2015-03-13,150.53536987304688,150.5927276611328,146.65391540527344,147.49522399902344,98.10942840576172,6343049
2015-03-16,148.23135375976562,150.181640625,147.9923553466797,150.17208862304688,99.88993835449219,3922082
2015-03-17,149.33078002929688,150.3728485107422,148.53729248046875,150.05735778808594,99.81363677978516,3464038
2015-03-18,149.9521942138672,153.6328887939453,148.94837951660156,152.7820281982422,101.62598419189453,6002785
2015-03-19,152.67686462402344,153.8432159423828,151.8260040283203,152.7820281982422,101.62598419189453,4057016
2015-03-20,153.87188720703125,155.8317413330078,153.29827880859375,155.71701049804688,103.57826232910156,9420694
2015-03-23,155.6118621826172,158.07839965820312,155.5736083984375,157.3900604248047,104.69114685058594,6202885
2015-03-24,157.5430145263672,157.6386260986328,155.73614501953125,155.8317413330078,103.6545639038086,4546021
2015-03-25,155.90821838378906,155.90821838378906,152.1988525390625,152.1988525390625,101.23808288574219,5678629
2015-03-26,152.26577758789062,154.15870666503906,151.92160034179688,153.52772521972656,102.12198638916016,4598216
2015-03-27,153.71893310546875,153.8240966796875,152.2275390625,153.34608459472656,102.00118255615234,3637883
2015-03-30,154.216064453125,156.4053497314453,154.15870666503906,155.51625061035156,103.44474029541016,4328348
2015-03-31,153.9961700439453,155.1912078857422,153.34608459472656,153.44168090820312,102.06476593017578,4451148
2015-04-01,153.18356323242188,153.55641174316406,151.42446899414062,152.1797332763672,101.2253646850586,3871037
2015-04-02,152.50477600097656,155.3919677734375,151.90248107910156,153.3938751220703,102.03297424316406,4886494
2015-04-06,152.66729736328125,155.64053344726562,151.72084045410156,154.91395568847656,103.04411315917969,3625122
2015-04-07,154.5602264404297,156.63479614257812,154.51242065429688,154.94264221191406,103.06316375732422,3292808
2015-04-08,154.6080322265625,156.35755920410156,153.92926025390625,154.73231506347656,102.92327880859375,2640418
2015-04-09,154.5889129638672,155.32504272460938,153.65200805664062,155.2007598876953,103.23485565185547,2367621
2015-04-10,155.2007598876953,156.14723205566406,154.15870666503906,155.69789123535156,103.56553649902344,2631422
2015-04-13,155.2294464111328,156.7877655029297,155.21987915039062,155.23899841308594,103.26030731201172,4046869
2015-04-14,155.27725219726562,155.5831756591797,153.71893310546875,155.1625213623047,103.20942687988281,2844388
2015-04-15,155.47801208496094,157.70555114746094,155.35372924804688,156.91204833984375,104.3731689453125,3659745
2015-04-16,156.12811279296875,156.76864624023438,155.3919677734375,155.95602416992188,103.73724365234375,3281197
2015-04-17,154.63670349121094,154.7418670654297,152.9923553466797,153.6042022705078,102.1728744506836,4512862
2015-04-20,154.9713134765625,159.31166076660156,154.78012084960938,158.85276794433594,105.66407775878906,10051223
2015-04-21,158.7667236328125,160.0191192626953,156.8355712890625,157.0363311767578,104.45584106445312,10129046
2015-04-22,157.16061401367188,158.69981384277344,155.72657775878906,158.08795166015625,105.15532684326172,4209941
2015-04-23,157.9636688232422,164.3498992919922,157.87762451171875,162.7533416748047,108.25861358642578,8614438
2015-04-24,162.74378967285156,163.33651733398438,161.31930541992188,162.31358337402344,107.96611022949219,4067266
2015-04-27,163.374755859375,163.94837951660156,162.81069946289062,163.2218017578125,108.57023620605469,3314356
2015-04-28,163.31739807128906,167.0076446533203,162.5430145263672,166.27151489257812,110.5987777709961,6084268
2015-04-29,165.77438354492188,167.4282989501953,165.2007598876953,166.73040771484375,110.90406799316406,4726246
2015-04-30,166.12811279296875,166.6156768798828,162.81069946289062,163.75717163085938,108.92630004882812,5295793
2015-05-01,165.5831756591797,166.34799194335938,164.8374786376953,166.03250122070312,110.4398422241211,3464457
2015-05-04,166.7973175048828,168.54684448242188,166.06118774414062,166.31930541992188,110.63062286376953,4213288
2015-05-05,165.87954711914062,166.56787109375,164.397705078125,165.46844482421875,110.06462097167969,3758906
2015-05-06,165.29637145996094,166.3957977294922,161.4340362548828,162.5717010498047,108.9561767578125,3778780
2015-05-07,162.170166015625,164.4168243408203,161.6061248779297,163.47036743164062,109.55843353271484,2585712
2015-05-08,165.33460998535156,165.70745849609375,164.66539001464844,165.08604431152344,110.64130401611328,3234860
2015-05-11,165.05735778808594,165.38241577148438,163.34608459472656,163.5946502685547,109.64175415039062,2783406
2015-05-12,163.04971313476562,163.94837951660156,161.4149169921875,163.04971313476562,109.27656555175781,3098670
2015-05-13,163.70936584472656,165.14340209960938,163.2409210205078,164.70362854003906,110.38500213623047,2570545
2015-05-14,165.86997985839844,166.73040771484375,165.602294921875,166.3957977294922,111.51908111572266,2551299
2015-05-15,166.26194763183594,166.73995971679688,165.0095672607422,165.64053344726562,111.01290893554688,3050764
2015-05-18,165.8126220703125,165.8604278564453,164.72274780273438,165.44932556152344,110.88478088378906,2061248
2015-05-19,165.36329650878906,166.10899353027344,164.3690185546875,165.85086059570312,111.15386962890625,2639058
2015-05-20,165.70745849609375,166.76864624023438,164.87571716308594,166.11854553222656,111.3332748413086,2406114
2015-05-21,165.69789123535156,166.48184204101562,165.43020629882812,165.71701049804688,111.0641098022461,2401198
2015-05-22,165.43020629882812,165.7648162841797,164.61758422851562,164.64627075195312,110.3465576171875,2980786
2015-05-26,164.54110717773438,164.55067443847656,161.69215393066406,162.64817810058594,109.00740814208984,4031493
2015-05-27,163.6328887939453,164.89483642578125,162.9923553466797,164.43594360351562,110.2055892944336,2891562
2015-05-28,163.91014099121094,164.28298950195312,163.15487670898438,164.15870666503906,110.0197982788086,1811044
2015-05-29,163.8145294189453,163.8145294189453,162.18930053710938,162.18930053710938,108.69985961914062,4280232
2015-06-01,162.72467041015625,163.51815795898438,161.5965576171875,162.69598388671875,109.0394515991211,3122833
2015-06-02,162.1988525390625,162.95411682128906,161.02294921875,162.18930053710938,108.69985961914062,2689684
2015-06-03,163.0019073486328,164.01528930664062,162.170166015625,162.44741821289062,108.87286376953125,2229026
2015-06-04,162.07456970214844,163.09751892089844,160.54493713378906,160.9751434326172,107.88614654541016,3220948
2015-06-05,160.85086059570312,161.48184204101562,159.84703063964844,160.03823852539062,107.25825500488281,3243123
2015-06-08,159.818359375,159.92352294921875,157.76290893554688,158.06883239746094,105.9383316040039,3931600
2015-06-09,158.06883239746094,158.71893310546875,156.1854705810547,158.3938751220703,106.15617370605469,3552111
2015-06-10,159.1682586669922,161.9407196044922,158.75717163085938,161.49139404296875,108.23217010498047,4895803
2015-06-11,161.81643676757812,162.94454956054688,161.12811279296875,161.35755920410156,108.14244842529297,3623344
2015-06-12,160.8317413330078,160.89866638183594,159.35946655273438,159.64627075195312,106.99554443359375,3206095
2015-06-15,159.64627075195312,159.64627075195312,157.02676391601562,158.94837951660156,106.5278091430664,4441002
2015-06-16,159.01528930664062,160.03823852539062,158.61376953125,159.50286865234375,106.89942932128906,3399291
2015-06-17,159.6558380126953,160.46844482421875,158.79541015625,159.818359375,107.1108627319336,2994698
2015-06-18,159.70362854003906,161.30018615722656,159.70362854003906,160.85086059570312,107.80284118652344,3484121
2015-06-19,160.24856567382812,161.0133819580078,159.43594360351562,159.64627075195312,106.99554443359375,7399404
2015-06-22,160.27725219726562,160.93690490722656,159.84703063964844,160.35372924804688,107.46965789794922,2443247
2015-06-23,160.9751434326172,162.49522399902344,160.2007598876953,161.20458984375,108.03992462158203,3871874
2015-06-24,161.29063415527344,161.4149169921875,159.49330139160156,159.6271514892578,106.98271942138672,3711313
2015-06-25,160.420654296875,160.73614501953125,158.7762908935547,158.7762908935547,106.41248321533203,2519709
2015-06-26,158.91969299316406,159.47418212890625,157.9636688232422,158.18356323242188,106.01522064208984,9357516
2015-06-29,156.71128845214844,158.07839965820312,155.72657775878906,155.8030548095703,104.41979217529297,3467176
2015-06-30,156.7781982421875,156.7877655029297,154.9904327392578,155.50669860839844,104.22117614746094,3762776
2015-07-01,156.7590789794922,158.32696533203125,156.4053497314453,157.25621032714844,105.3936767578125,3362367
2015-07-02,157.7915802001953,158.04971313476562,157.18930053710938,157.829833984375,105.77816772460938,2983924
2015-07-06,156.625244140625,157.9636688232422,156.32887268066406,157.48565673828125,105.54749298095703,3221471
2015-07-07,157.68641662597656,158.07839965820312,155.09559631347656,157.74378967285156,105.720458984375,3713195
2015-07-08,156.7877655029297,157.68641662597656,155.52581787109375,155.98471069335938,104.54154205322266,2904010
2015-07-09,158.06883239746094,158.23135375976562,156.50096130371094,156.6443634033203,104.98363494873047,4392886
2015-07-10,158.374755859375,160.03823852539062,158.2409210205078,159.6080322265625,106.96988677978516,4747062
2015-07-13,160.54493713378906,162.41873168945312,160.15296936035156,161.93116760253906,108.5268783569336,4423534
2015-07-14,161.97897338867188,162.08413696289062,160.84129333496094,161.1950225830078,108.03350067138672,3164464
2015-07-15,161.07073974609375,161.8260040283203,160.6118621826172,161.11854553222656,107.98226165771484,2089908
2015-07-16,162.0172119140625,163.5659637451172,161.72084045410156,163.47991943359375,109.56486511230469,3692275
2015-07-17,162.83938598632812,164.93307495117188,162.6195068359375,164.92352294921875,110.5323715209961,4556794
2015-07-20,165.1912078857422,166.13766479492188,164.56979370117188,165.602294921875,110.98727416992188,7717179
2015-07-21,157.11280822753906,159.034423828125,154.89483642578125,155.89866638183594,104.48384094238281,14384906
2015-07-22,155.5736083984375,155.89866638183594,152.67686462402344,153.29827880859375,102.74110412597656,7512163
2015-07-23,153.2218017578125,155.5927276611328,152.8011474609375,154.61758422851562,103.62528991699219,5265773
2015-07-24,154.1969451904297,154.8087921142578,152.3996124267578,152.72467041015625,102.35662841796875,3951997
2015-07-27,152.0076446533203,153.13575744628906,151.625244140625,152.07456970214844,101.92094421386719,3876685
2015-07-28,152.87762451171875,153.1453094482422,151.52963256835938,153.011474609375,102.54886627197266,2846166
2015-07-29,152.9636688232422,154.397705078125,152.3804931640625,154.0057373046875,103.2152328491211,3533806
2015-07-30,153.44168090820312,154.30210876464844,152.72467041015625,153.88145446777344,103.13194274902344,2086456
2015-07-31,154.30210876464844,154.93307495117188,153.5659637451172,154.86614990234375,103.79191589355469,3744889
2015-08-03,154.5889129638672,154.73231506347656,150.95602416992188,151.73040771484375,101.69025421142578,4828022
2015-08-04,151.4340362548828,151.8355712890625,149.9713134765625,150.66921997070312,100.97908782958984,5502588
2015-08-05,152.10325622558594,152.52389526367188,150.5544891357422,150.95602416992188,101.17127227783203,3632549
2015-08-06,150.21987915039062,150.6118621826172,149.31166076660156,149.4455108642578,100.99038696289062,3143021
2015-08-07,149.034423828125,149.3785858154297,147.55258178710938,148.29827880859375,100.21514892578125,3969465
2015-08-10,149.87571716308594,150.54493713378906,149.25430297851562,149.85659790039062,101.26819610595703,4825616
2015-08-11,149.10133361816406,149.13002014160156,148.04971313476562,148.67112731933594,100.46707153320312,3312787
2015-08-12,147.47610473632812,149.63670349121094,147.1797332763672,149.29254150390625,100.88703918457031,3724074
2015-08-13,149.1969451904297,149.22561645507812,147.53346252441406,148.25047302246094,100.18281555175781,2649936
2015-08-14,148.18356323242188,149.34034729003906,147.7820281982422,148.90057373046875,100.62216186523438,3374814
2015-08-17,148.374755859375,149.7992401123047,147.89674377441406,149.43594360351562,100.98396301269531,2353082
2015-08-18,148.67112731933594,149.63670349121094,148.4225616455078,149.14913940429688,100.79009246826172,2111142
2015-08-19,148.32696533203125,148.8240966796875,146.66348266601562,147.170166015625,99.45281219482422,4399894
2015-08-20,146.02294921875,147.14149475097656,145.7935028076172,145.9464569091797,98.62583923339844,4196029
2015-08-21,144.8374786376953,146.45315551757812,142.16061401367188,142.30401611328125,96.16441345214844,7700757
2015-08-24,137.16061401367188,141.26194763183594,136.71128845214844,137.16061401367188,92.68866729736328,10658426
2015-08-25,140.47801208496094,140.64053344726562,134.43594360351562,134.76100158691406,91.06709289550781,7398567
2015-08-26,137.7533416748047,140.51625061035156,135.88909912109375,140.24856567382812,94.77539825439453,6508003
2015-08-27,141.9694061279297,142.41873168945312,139.25430297851562,142.0076446533203,95.9641342163086,5205524
2015-08-28,141.2523956298828,141.68260192871094,140.70745849609375,141.47227478027344,95.60236358642578,4263810
2015-08-31,140.89866638183594,141.87380981445312,139.82791137695312,141.38623046875,95.54420471191406,4281383
2015-09-01,138.53729248046875,138.6042022705078,135.6118621826172,136.4053497314453,92.17830657958984,5514512
2015-09-02,138.374755859375,138.69981384277344,136.88336181640625,138.67112731933594,93.70942687988281,4447592
2015-09-03,139.6271514892578,141.52008056640625,139.35946655273438,140.32504272460938,94.8270492553711,3769261
2015-09-04,138.2122344970703,139.0057373046875,137.0172119140625,137.3804931640625,92.83723449707031,4394351
2015-09-08,139.4455108642578,140.8604278564453,139.25430297851562,140.75526428222656,95.11783599853516,4114232
2015-09-09,142.1988525390625,142.48565673828125,138.47991943359375,138.67112731933594,93.70942687988281,3564559
2015-09-10,139.43594360351562,140.68833923339844,138.15487670898438,139.7705535888672,94.45238494873047,3620938
2015-09-11,139.49330139160156,141.0133819580078,139.26385498046875,140.88909912109375,95.20825958251953,3258395
2015-09-14,140.88909912109375,140.88909912109375,139.01528930664062,139.24473571777344,94.09706115722656,3375128
2015-09-15,140.15296936035156,141.42446899414062,139.3498992919922,141.0420684814453,95.31163787841797,2842087
2015-09-16,141.3384246826172,142.34225463867188,141.05162048339844,141.88336181640625,95.88017272949219,2927963
2015-09-17,141.58700561523438,143.09751892089844,140.82217407226562,141.625244140625,95.70571899414062,4187138
2015-09-18,139.6271514892578,139.9521942138672,137.64817810058594,138.15487670898438,93.36054229736328,8342687
2015-09-21,138.9961700439453,140.51625061035156,138.54684448242188,140.03823852539062,94.6332778930664,4000950
2015-09-22,138.26004028320312,138.68069458007812,137.44741821289062,138.07839965820312,93.30889129638672,3728049
2015-09-23,137.86807250976562,138.2122344970703,136.47227478027344,137.34225463867188,92.81139373779297,2797213
2015-09-24,136.32887268066406,138.69024658203125,135.70745849609375,138.0592803955078,93.29596710205078,3431194
2015-09-25,139.14913940429688,139.8374786376953,138.1739959716797,139.0248565673828,93.9484634399414,3634222
2015-09-28,138.06883239746094,138.9866180419922,136.20458984375,136.2523956298828,92.0749282836914,4515896
2015-09-29,135.74569702148438,136.38623046875,134.94264221191406,136.20458984375,92.04261016845703,4982621
2015-09-30,137.37094116210938,139.30210876464844,137.34225463867188,138.5946502685547,93.65773010253906,4127725
2015-10-01,138.91969299316406,139.26385498046875,135.36329650878906,137.27532958984375,92.76620483398438,4059421
2015-10-02,134.84703063964844,138.23135375976562,134.3785858154297,138.2218017578125,93.40579223632812,3194902
2015-10-05,139.4072723388672,143.29827880859375,139.4072723388672,142.48565673828125,96.28716278076172,5367863
2015-10-06,142.50477600097656,143.54684448242188,141.95985412597656,142.23709106445312,96.11918640136719,3156933
2015-10-07,143.44168090820312,144.10133361816406,142.31358337402344,143.48948669433594,96.96553039550781,3117917
2015-10-08,143.10707092285156,146.29063415527344,142.72467041015625,145.5831756591797,98.3803482055664,5014942
2015-10-09,145.75526428222656,146.4149169921875,144.61758422851562,145.68833923339844,98.451416015625,3693531
2015-10-12,145.69789123535156,145.86997985839844,144.216064453125,144.49330139160156,97.64388275146484,3376070
2015-10-13,144.14913940429688,144.14913940429688,142.6195068359375,143.04014587402344,96.6618423461914,4095822
2015-10-14,143.02102661132812,144.0248565673828,142.46653747558594,143.41299438476562,96.91383361816406,3507238
2015-10-15,144.27342224121094,144.5889129638672,142.04588317871094,143.48948669433594,96.96553039550781,3636105
2015-10-16,143.83364868164062,144.55067443847656,142.69598388671875,143.7762908935547,97.15933227539062,3643950
2015-10-19,143.26004028320312,143.374755859375,141.8546905517578,142.65774536132812,96.4034652709961,8320616
2015-10-20,136.2237091064453,136.5965576171875,134.10133361816406,134.45506286621094,90.86034393310547,16762778
2015-10-21,134.08221435546875,136.38623046875,133.1739959716797,134.72274780273438,91.04122161865234,7312168
2015-10-22,135.50669860839844,138.69024658203125,135.3919677734375,137.7533416748047,93.08921813964844,5840027
2015-10-23,138.25047302246094,139.09178161621094,137.3804931640625,138.31739807128906,93.47038269042969,5617438
2015-10-26,138.3843231201172,138.62332153320312,136.91204833984375,137.34225463867188,92.81139373779297,3649912
2015-10-27,137.1988525390625,137.50477600097656,131.29063415527344,131.7973175048828,89.06433868408203,15698891
2015-10-28,131.8546905517578,135.0191192626953,131.45315551757812,134.63670349121094,90.98309326171875,8902924
2015-10-29,134.1873779296875,134.6271514892578,132.90631103515625,134.3690185546875,90.80218505859375,3881078
2015-10-30,134.26385498046875,135.11471557617188,133.7476043701172,133.91969299316406,90.49856567382812,4167264
2015-11-02,134.32122802734375,134.34034729003906,133.43212890625,134.1969451904297,90.68592071533203,3998021
2015-11-03,133.86233520507812,136.52008056640625,133.7476043701172,135.64053344726562,91.6614761352539,4549472
2015-11-04,136.28106689453125,136.37667846679688,135.08604431152344,135.4015350341797,91.49994659423828,3678677
2015-11-05,135.38241577148438,136.11854553222656,133.48948669433594,133.73805236816406,90.37582397460938,5331357
2015-11-06,132.50477600097656,133.41299438476562,131.806884765625,132.170166015625,90.15409851074219,4963165
2015-11-09,131.8546905517578,132.0076446533203,128.94837951660156,129.35946655273438,88.23688507080078,8447078
2015-11-10,129.4072723388672,129.7705535888672,128.2218017578125,129.51242065429688,88.34121704101562,4728757
2015-11-11,130.10516357421875,130.2103271484375,128.5850830078125,129.08221435546875,88.04778289794922,3310381
2015-11-12,128.7762908935547,128.7762908935547,127.16061401367188,127.18929290771484,86.75662994384766,4917664
2015-11-13,127.1032485961914,127.15105438232422,125.86042022705078,125.95602416992188,85.91539764404297,4826035
2015-11-16,125.9942626953125,128.193115234375,125.9942626953125,127.82982635498047,87.19348907470703,4383577
2015-11-17,128.31739807128906,128.89100646972656,127.44741821289062,127.93498992919922,87.2652587890625,2944595
2015-11-18,128.86233520507812,129.93307495117188,128.3556365966797,129.84703063964844,88.5694580078125,4340063
2015-11-19,130.21987915039062,131.68260192871094,130.0286865234375,130.72657775878906,89.16941833496094,4972266
2015-11-20,131.32887268066406,132.81069946289062,131.21414184570312,132.4091796875,90.31710052490234,5414514
2015-11-23,132.4378662109375,132.76290893554688,131.08985900878906,132.37094116210938,90.29104614257812,5374243
2015-11-24,131.5965576171875,133.2122344970703,131.27151489257812,132.50477600097656,90.38231658935547,3564454
2015-11-25,132.28489685058594,132.34225463867188,131.3384246826172,131.93116760253906,89.9910659790039,3387157
2015-11-27,131.93116760253906,132.70555114746094,131.1759033203125,132.37094116210938,90.29104614257812,1480927
2015-11-30,132.51434326171875,133.7476043701172,132.4282989501953,133.28871154785156,90.91706085205078,4754698
2015-12-01,133.44168090820312,135.181640625,133.44168090820312,135.06692504882812,92.1299819946289,4388075
2015-12-02,134.73231506347656,135.0,133.36520385742188,133.55641174316406,91.09964752197266,3896768
2015-12-03,133.93881225585938,134.54110717773438,132.11280822753906,132.81069946289062,90.59102630615234,6181442
2015-12-04,132.0172119140625,134.818359375,131.92160034179688,134.25430297851562,91.5757064819336,4781894
2015-12-07,133.9961700439453,134.2351837158203,132.70555114746094,133.41299438476562,91.0018081665039,3430252
2015-12-08,132.1988525390625,132.94454956054688,131.48184204101562,131.97897338867188,90.02368927001953,4084839
2015-12-09,131.3384246826172,133.69024658203125,130.23899841308594,130.602294921875,89.08464813232422,4827290
2015-12-10,131.0038299560547,131.7877655029297,129.75143432617188,130.7648162841797,89.19550323486328,4416526
2015-12-11,129.28298950195312,129.48374938964844,128.02102661132812,128.65200805664062,87.75431823730469,5579155
2015-12-14,129.35946655273438,130.15296936035156,128.12619018554688,129.9521942138672,88.6412124633789,5380415
2015-12-15,131.35755920410156,132.85850524902344,131.24282836914062,131.73040771484375,89.8541488647461,4433471
2015-12-16,133.0019073486328,133.50860595703125,131.73040771484375,133.1644287109375,90.83228302001953,4545393
2015-12-17,133.2218017578125,133.36520385742188,130.31549072265625,130.73614501953125,89.17591857910156,4277617
2015-12-18,130.4110870361328,130.93690490722656,128.36520385742188,128.96749877929688,87.96953582763672,10487301
2015-12-21,129.85659790039062,129.85659790039062,128.12619018554688,129.54110717773438,88.36077117919922,5875905
2015-12-22,129.90440368652344,132.11280822753906,129.68450927734375,131.86424255371094,89.9454116821289,4459935
2015-12-23,132.2179718017578,133.18356323242188,132.0363311767578,132.44741821289062,90.34321594238281,5402485
2015-12-24,132.34225463867188,132.7724609375,132.0363311767578,132.170166015625,90.15409851074219,1563979
2015-12-28,131.68260192871094,131.9694061279297,130.53536987304688,131.55831909179688,89.73672485351562,3287996
2015-12-29,132.170166015625,133.90057373046875,132.12237548828125,133.6328887939453,91.1518325805664,4125110
2015-12-30,133.44168090820312,134.26385498046875,133.09751892089844,133.2122344970703,90.86489868164062,3126912
2015-12-31,132.95411682128906,132.9827880859375,131.52008056640625,131.56787109375,89.74327850341797,3621357
2016-01-04,129.63670349121094,129.9904327392578,128.33651733398438,129.9713134765625,88.65425872802734,5469952
2016-01-05,130.74569702148438,130.86997985839844,128.91969299316406,129.87571716308594,88.58903503417969,4105341
2016-01-06,128.47036743164062,129.61758422851562,127.74378967285156,129.22561645507812,88.14558410644531,4509201
2016-01-07,127.82026672363281,129.08221435546875,126.60611724853516,127.01720428466797,86.63921356201172,7348987
2016-01-08,127.32313537597656,127.93498992919922,125.54492950439453,125.84130096435547,85.83715057373047,4981784
2016-01-11,126.01338195800781,127.93498992919922,125.96558380126953,127.37093353271484,86.88050842285156,5203222
2016-01-12,127.77246856689453,127.8967514038086,125.36328887939453,127.05545043945312,86.66532135009766,5312320
2016-01-13,127.62906646728516,128.374755859375,125.33460998535156,125.40152740478516,85.53713989257812,4916305
2016-01-14,126.12810516357422,127.90631103515625,125.44933319091797,127.06501007080078,86.67183685302734,5972242
2016-01-15,124.29254150390625,125.12428283691406,123.20267486572266,124.31166076660156,84.79374694824219,9422891
2016-01-19,124.38814544677734,126.29063415527344,122.42829895019531,122.4760971069336,83.54170227050781,10438662
2016-01-20,113.25048065185547,118.53728485107422,112.81070709228516,116.5009536743164,79.46604919433594,16901059
2016-01-21,115.96558380126953,119.59847259521484,115.2772445678711,117.5047836303711,80.1507339477539,9258774
2016-01-22,119.1873779296875,119.25430297851562,116.4149169921875,117.11280822753906,79.88335418701172,9663366
2016-01-25,116.73040008544922,118.76673126220703,116.29063415527344,116.7112808227539,79.6094970703125,5696516
2016-01-26,116.8738021850586,118.17399597167969,116.86424255371094,117.1988525390625,79.94206237792969,4830219
2016-01-27,117.33269500732422,117.94454956054688,115.34416961669922,115.64053344726562,78.87911987304688,5257614
2016-01-28,115.9273452758789,117.42829895019531,115.68833923339844,116.84512329101562,79.70079803466797,4123855
2016-01-29,117.85850524902344,119.3021011352539,117.55258178710938,119.3021011352539,81.37670135498047,8627513
2016-02-01,118.92925262451172,119.78011322021484,118.26959991455078,119.34034729003906,81.40278625488281,3739345
2016-02-02,118.23136138916016,118.6806869506836,117.24665069580078,117.53346252441406,80.17029571533203,3438516
2016-02-03,118.53728485107422,119.93307495117188,116.91204833984375,119.23518371582031,81.33106994628906,6509781
2016-02-04,119.57935333251953,122.84894561767578,119.50286865234375,122.03633117675781,83.24174499511719,5508759
2016-02-05,121.62523651123047,122.98279571533203,120.31549072265625,122.9158706665039,83.8416748046875,7507874
2016-02-08,120.45889282226562,121.9024887084961,118.67112731933594,121.39579010009766,83.650634765625,7702744
2016-02-09,120.57361602783203,121.34799194335938,118.32695770263672,118.61376953125,81.73360443115234,6231231
2016-02-10,119.50286865234375,119.78011322021484,114.56979370117188,114.9043960571289,79.1775894165039,6766679
2016-02-11,113.55640411376953,114.397705078125,111.75907897949219,112.66730499267578,77.63607788085938,7643750
2016-02-12,114.01529693603516,115.72657775878906,113.14531707763672,115.7170181274414,79.73753356933594,5163579
2016-02-16,116.47227478027344,117.67686462402344,116.00382232666016,117.34225463867188,80.85746765136719,4248224
2016-02-17,118.26959991455078,121.00382232666016,117.82982635498047,120.55449676513672,83.07091522216797,5042766
2016-02-18,124.2829818725586,128.10707092285156,124.04397583007812,126.62523651123047,87.25409698486328,10409374
2016-02-19,126.53919982910156,127.77246856689453,125.08604431152344,127.22753143310547,87.66913604736328,5361064
2016-02-22,127.22753143310547,128.4034423828125,126.58699798583984,127.88719177246094,88.12368774414062,4662440
2016-02-23,127.28489685058594,127.54302215576172,126.20458984375,126.57743835449219,87.2211685180664,3597926
2016-02-24,125.76481628417969,127.61949920654297,123.97705841064453,126.95984649658203,87.48467254638672,4312240
2016-02-25,127.42829895019531,128.5946502685547,125.12428283691406,128.5850830078125,88.60457611083984,4558782
2016-02-26,128.5946502685547,128.9866180419922,126.14722442626953,126.22370910644531,86.97740936279297,4587965
2016-02-29,126.19503021240234,127.4952163696289,125.14340209960938,125.26768493652344,86.31864929199219,4631688
2016-03-01,126.42447662353516,128.71893310546875,126.22370910644531,128.46080017089844,88.5189437866211,3962771
2016-03-02,127.82026672363281,131.3957977294922,127.36137390136719,130.30592346191406,89.79037475585938,5457191
2016-03-03,131.1854705810547,131.89292907714844,130.08604431152344,131.73995971679688,90.77851867675781,5393594
2016-03-04,131.49139404296875,133.28871154785156,130.9942626953125,131.73995971679688,90.77851867675781,4150946
2016-03-07,131.24282836914062,134.33078002929688,130.85086059570312,133.9866180419922,92.32662200927734,5408866
2016-03-08,133.5659637451172,134.17782592773438,131.37667846679688,132.95411682128906,91.61517333984375,5835739
2016-03-09,133.18356323242188,135.91778564453125,133.10707092285156,134.2351837158203,92.4979248046875,4609199
2016-03-10,135.0286865234375,135.24856567382812,132.0172119140625,134.0248565673828,92.3530044555664,4205548
2016-03-11,135.49713134765625,136.63479614257812,134.33078002929688,136.09942626953125,93.78251647949219,4625307
2016-03-14,135.7648162841797,136.89292907714844,134.8374786376953,136.50096130371094,94.05919647216797,4235045
2016-03-15,135.50669860839844,137.02676391601562,135.31549072265625,136.67303466796875,94.17776489257812,3878045
2016-03-16,136.34799194335938,138.50860595703125,135.8604278564453,138.4225616455078,95.38333892822266,4416107
2016-03-17,138.41299438476562,140.84129333496094,138.09751892089844,140.5736083984375,96.86557006835938,6089394
2016-03-18,140.91778564453125,141.02294921875,139.11090087890625,140.6214141845703,96.89848327636719,12645826
2016-03-21,140.82217407226562,142.170166015625,140.26768493652344,142.09368896484375,97.91297912597656,3892794
2016-03-22,141.5487518310547,142.71510314941406,141.3384246826172,141.58700561523438,97.56385803222656,4269667
2016-03-23,141.49139404296875,141.52008056640625,138.7476043701172,139.0057373046875,95.78516387939453,4983353
2016-03-24,138.6042022705078,141.70172119140625,138.13575744628906,141.44358825683594,97.46504211425781,5276547
2016-03-28,141.2523956298828,142.11280822753906,140.75526428222656,141.87380981445312,97.76148986816406,3415295
2016-03-29,141.09942626953125,143.1739959716797,141.0133819580078,142.76290893554688,98.3741455078125,3282871
2016-03-30,143.3556365966797,143.79541015625,141.7973175048828,141.88336181640625,97.76807403564453,3484435
2016-03-31,143.2026824951172,146.3671112060547,142.7915802001953,144.7896728515625,99.77073669433594,7092508
2016-04-01,143.89100646972656,146.2332763671875,143.64244079589844,145.8126220703125,100.47563934326172,4106073
2016-04-04,145.64053344726562,146.76864624023438,145.2294464111328,145.38241577148438,100.17918395996094,4112035
2016-04-05,144.7705535888672,144.93307495117188,143.06883239746094,143.4034423828125,98.81554412841797,3490502
2016-04-06,143.30784606933594,143.54684448242188,141.30975341796875,143.4225616455078,98.82869720458984,4387552
2016-04-07,142.51434326171875,143.02102661132812,141.49139404296875,141.73040771484375,97.66268157958984,3831498
2016-04-08,142.50477600097656,143.3938751220703,141.6061248779297,142.7820281982422,98.38732147216797,3445315
2016-04-11,143.65200805664062,145.26768493652344,142.65774536132812,142.68641662597656,98.32146453857422,4023021
2016-04-12,143.0305938720703,143.50860595703125,142.04588317871094,143.04971313476562,98.57177734375,3761207
2016-04-13,144.12045288085938,144.579345703125,143.04971313476562,144.579345703125,99.62581634521484,3314146
2016-04-14,144.8374786376953,146.0420684814453,143.7667236328125,144.51242065429688,99.57969665527344,3322619
2016-04-15,144.397705078125,145.4110870361328,144.32122802734375,145.0478057861328,99.94859313964844,3825850
2016-04-18,145.0478057861328,146.4053497314453,144.82791137695312,145.82217407226562,100.48220825195312,6884458
2016-04-19,140.0286865234375,140.48757934570312,136.3384246826172,137.66729736328125,94.86288452148438,13796949
2016-04-20,137.89674377441406,140.72657775878906,137.66729736328125,139.68450927734375,96.25289916992188,7064998
2016-04-21,140.13385009765625,143.51815795898438,140.0191192626953,142.73422241210938,98.35438537597656,6294514
2016-04-22,142.86807250976562,144.35946655273438,141.0133819580078,141.9694061279297,97.82738494873047,5430727
2016-04-25,141.6443634033203,142.35182189941406,140.64053344726562,142.26577758789062,98.03158569335938,2979949
2016-04-26,142.11280822753906,143.2026824951172,141.3957977294922,142.52389526367188,98.2094497680664,3116871
2016-04-27,142.7820281982422,144.14913940429688,142.41873168945312,143.85276794433594,99.12513732910156,3254315
2016-04-28,143.1644287109375,143.57553100585938,140.27725219726562,140.602294921875,96.8853530883789,3965909
2016-04-29,140.0478057861328,140.8604278564453,137.8489532470703,139.52198791503906,96.14090728759766,4420187
2016-05-02,140.11471557617188,140.53536987304688,138.07839965820312,138.88145446777344,95.69954681396484,3663510
2016-05-03,138.28871154785156,138.52772521972656,136.6156768798828,137.7915802001953,94.94855499267578,3749178
2016-05-04,137.05545043945312,138.62332153320312,137.0076446533203,137.90631103515625,95.02757263183594,2695647
2016-05-05,139.53155517578125,140.82217407226562,139.0535430908203,140.0286865234375,96.4900894165039,6800255
2016-05-06,138.48948669433594,141.46270751953125,138.11663818359375,140.8126220703125,97.9666519165039,5121007
2016-05-09,141.20458984375,141.68260192871094,140.54493713378906,140.8604278564453,97.99993133544922,4500310
2016-05-10,141.72084045410156,143.44168090820312,141.24282836914062,143.374755859375,99.74920654296875,4176364
2016-05-11,143.12619018554688,144.4455108642578,142.1988525390625,142.3996124267578,99.07074737548828,3235278
2016-05-12,142.64817810058594,142.8202667236328,140.64053344726562,142.29444885253906,98.99759674072266,3398663
2016-05-13,142.2466583251953,143.26959228515625,140.93690490722656,141.2237091064453,98.252685546875,2508308
2016-05-16,141.1567840576172,143.3938751220703,140.95602416992188,142.88719177246094,99.40996551513672,3210279
2016-05-17,142.64817810058594,142.92543029785156,140.8126220703125,141.49139404296875,98.43889617919922,3651168
2016-05-18,141.48184204101562,141.988525390625,139.92352294921875,140.8604278564453,97.99993133544922,2605691
2016-05-19,140.03823852539062,140.46844482421875,137.62905883789062,138.55641174316406,96.3969497680664,3855138
2016-05-20,139.30210876464844,141.02294921875,139.14913940429688,140.77438354492188,97.94004821777344,3840389
2016-05-23,141.11854553222656,141.44358825683594,140.2103271484375,140.31549072265625,97.62077331542969,2200575
2016-05-24,140.420654296875,142.2084197998047,140.420654296875,141.7877655029297,98.64509582519531,3064048
2016-05-25,142.3804931640625,145.4015350341797,141.9694061279297,145.0191192626953,100.89322662353516,4555644
2016-05-26,144.88528442382812,145.8030548095703,144.4072723388672,145.73614501953125,101.39205169677734,3203793
2016-05-27,145.6501007080078,146.20458984375,145.45889282226562,146.11854553222656,101.6581039428711,2570127
2016-05-31,145.85086059570312,147.04588317871094,145.5736083984375,146.97897338867188,102.25670623779297,6105084
2016-06-01,146.27151489257812,146.52963256835938,144.87571716308594,145.8030548095703,101.4385757446289,2785916
2016-06-02,145.87954711914062,146.74952697753906,145.43020629882812,146.74952697753906,102.0970687866211,2764160
2016-06-03,145.69789123535156,146.30975341796875,145.0286865234375,146.16635131835938,101.69136810302734,2435402
2016-06-06,146.35755920410156,147.1797332763672,145.64053344726562,146.0133819580078,101.58492279052734,2488120
2016-06-07,146.56787109375,147.16061401367188,145.9464569091797,146.58700561523438,101.9840316772461,4670390
2016-06-08,146.7781982421875,147.31358337402344,146.30975341796875,147.2275390625,102.42964935302734,3070010
2016-06-09,146.1950225830078,146.9980926513672,146.0133819580078,146.67303466796875,102.04389190673828,2114803
2016-06-10,146.07073974609375,146.58700561523438,145.181640625,145.66921997070312,101.34548950195312,3264148
2016-06-13,144.96176147460938,145.7935028076172,143.67112731933594,144.6271514892578,100.62052917480469,3776478
2016-06-14,144.6271514892578,145.11471557617188,143.78585815429688,144.4168243408203,100.47418212890625,2997627
2016-06-15,144.7992401123047,145.11471557617188,143.97705078125,144.0535430908203,100.221435546875,2364378
2016-06-16,143.5850830078125,144.63670349121094,142.44741821289062,144.4168243408203,100.47418212890625,2561759
2016-06-17,144.32122802734375,146.0038299560547,143.97705078125,145.30592346191406,101.09276580810547,4878439
2016-06-20,145.88909912109375,147.86807250976562,145.8126220703125,146.8546905517578,102.17024993896484,3736417
2016-06-21,147.3804931640625,147.7724609375,146.93116760253906,147.27532958984375,102.462890625,2887274
2016-06-22,146.988525390625,147.90631103515625,145.5736083984375,146.1950225830078,101.7112808227539,2964050
2016-06-23,146.70172119140625,148.64244079589844,145.88909912109375,148.51815795898438,103.32759094238281,4151992
2016-06-24,143.374755859375,143.9866180419922,139.75143432617188,140.14340209960938,97.50105285644531,9500609
2016-06-27,139.75143432617188,140.15296936035156,136.2332763671875,137.18930053710938,95.44580841064453,5248723
2016-06-28,138.41299438476562,139.32122802734375,137.87762451171875,139.29254150390625,96.90910339355469,4181594
2016-06-29,140.05735778808594,141.95028686523438,140.0095672607422,141.93116760253906,98.7448501586914,3522614
2016-06-30,142.31358337402344,145.2294464111328,142.13192749023438,145.10516357421875,100.95310974121094,4149587
2016-07-01,145.10516357421875,146.24282836914062,144.7418670654297,145.6501007080078,101.33218383789062,2780582
2016-07-05,144.54110717773438,145.31549072265625,144.13002014160156,145.0095672607422,100.88655090332031,2578599
2016-07-06,145.17208862304688,145.70745849609375,143.32696533203125,145.66921997070312,101.34548950195312,2687592
2016-07-07,146.03250122070312,146.93116760253906,145.2103271484375,145.88909912109375,101.49848937988281,2236766
2016-07-08,147.2275390625,147.8011474609375,146.34799194335938,147.66729736328125,102.7356185913086,3180468
2016-07-11,147.8011474609375,149.17782592773438,147.70555114746094,148.49903869628906,103.31427001953125,2964050
2016-07-12,149.1395721435547,150.2103271484375,148.68069458007812,150.13385009765625,104.4516372680664,4020615
2016-07-13,150.8126220703125,151.37667846679688,150.15296936035156,151.07073974609375,105.10347747802734,2872734
2016-07-14,151.8260040283203,154.30210876464844,151.6061248779297,153.23135375976562,106.60664367675781,4850930
2016-07-15,152.86807250976562,152.94454956054688,151.52963256835938,152.7533416748047,106.27409362792969,4682733
2016-07-18,152.29444885253906,153.68069458007812,151.74952697753906,152.829833984375,106.32730102539062,7039266
2016-07-19,154.66539001464844,155.0095672607422,150.9464569091797,152.5621337890625,106.14104461669922,7447520
2016-07-20,152.93499755859375,154.5984649658203,152.58126831054688,154.26385498046875,107.32498931884766,4577610
2016-07-21,153.68069458007812,154.73231506347656,152.85850524902344,153.3938751220703,106.7197265625,3680769
2016-07-22,153.70936584472656,155.03823852539062,153.4225616455078,154.94264221191406,107.79721069335938,2636025
2016-07-25,154.87571716308594,155.71701049804688,154.63670349121094,155.49713134765625,108.1830062866211,2933612
2016-07-26,155.49713134765625,156.4053497314453,154.27342224121094,154.9904327392578,107.8304672241211,3027752
2016-07-27,154.9904327392578,155.420654296875,154.09178161621094,154.71319580078125,107.63762664794922,2262184
2016-07-28,154.28298950195312,154.69407653808594,153.64244079589844,154.27342224121094,107.33161926269531,2448058
2016-07-29,154.26385498046875,154.5602264404297,152.9923553466797,153.55641174316406,106.83280944824219,3710685
2016-08-01,153.5850830078125,154.54110717773438,152.81069946289062,154.3498992919922,107.38484191894531,2953486
2016-08-02,154.17782592773438,154.3498992919922,153.30784606933594,153.51815795898438,106.80621337890625,3222621
2016-08-03,153.08795166015625,153.78585815429688,152.7724609375,153.6042022705078,106.86602020263672,2993338
2016-08-04,153.78585815429688,154.5889129638672,153.07839965820312,154.4455108642578,107.45137023925781,2603599
2016-08-05,154.87571716308594,156.31930541992188,154.46463012695312,156.30975341796875,108.74836730957031,3987770
2016-08-08,155.5736083984375,156.08985900878906,154.47418212890625,154.91395568847656,108.70811462402344,3179108
2016-08-09,155.08604431152344,155.6118621826172,154.54110717773438,154.6558380126953,108.5270004272461,2863425
2016-08-10,155.05735778808594,155.50669860839844,154.8374786376953,154.9521942138672,108.73494720458984,2580168
2016-08-11,155.11471557617188,157.69598388671875,155.0478057861328,156.3384246826172,109.70770263671875,9171956
2016-08-12,156.0133819580078,156.27151489257812,154.4168243408203,154.82791137695312,108.64772033691406,2660083
2016-08-15,155.2581329345703,155.8030548095703,154.66539001464844,154.76100158691406,108.60076141357422,3107038
2016-08-16,154.0248565673828,154.8087921142578,153.62332153320312,153.6328887939453,107.80912017822266,2311869
2016-08-17,153.89100646972656,154.07266235351562,152.81069946289062,153.3843231201172,107.63469696044922,3374291
2016-08-18,153.8145294189453,154.87571716308594,153.3843231201172,154.26385498046875,108.25189971923828,3819992
2016-08-19,153.7667236328125,153.83364868164062,152.50477600097656,153.0019073486328,107.36637115478516,2944699
2016-08-22,152.9636688232422,153.50860595703125,152.13192749023438,152.9636688232422,107.33953857421875,2133108
2016-08-23,153.27915954589844,154.24473571777344,153.18356323242188,153.2122344970703,107.51396179199219,2968653
2016-08-24,152.85850524902344,153.13575744628906,151.35755920410156,152.05545043945312,106.70218658447266,3813507
2016-08-25,152.0076446533203,152.52389526367188,151.45315551757812,151.65391540527344,106.42044830322266,2693450
2016-08-26,151.89292907714844,153.3843231201172,150.90821838378906,151.35755920410156,106.21245574951172,2613849
2016-08-29,151.84512329101562,153.1644287109375,151.52963256835938,152.69598388671875,107.15167999267578,2589791
2016-08-30,152.73422241210938,153.10707092285156,151.8260040283203,152.3900604248047,106.93702697753906,1896712
2016-08-31,152.6386260986328,152.6386260986328,151.30018615722656,151.89292907714844,106.5881576538086,2430486
2016-09-01,151.35755920410156,152.6003875732422,151.14723205566406,152.52389526367188,107.03093719482422,2466886
2016-09-02,152.8489532470703,153.50860595703125,152.1510467529297,152.53346252441406,107.03765869140625,2421908
2016-09-06,152.8489532470703,153.78585815429688,152.11280822753906,153.29827880859375,107.57434844970703,3131829
2016-09-07,153.1453094482422,154.64627075195312,152.9636688232422,154.53155517578125,108.43975830078125,2999196
2016-09-08,153.48948669433594,154.12045288085938,151.7781982421875,152.0076446533203,106.6686782836914,4145507
2016-09-09,151.08030700683594,151.4340362548828,148.8049774169922,148.8432159423828,104.4480972290039,5424556
2016-09-12,148.43212890625,151.55831909179688,148.0305938720703,151.32887268066406,106.19231414794922,4568405
2016-09-13,150.69789123535156,150.98471069335938,148.6615753173828,148.9579315185547,104.52860260009766,3803988
2016-09-14,148.85276794433594,149.01528930664062,146.6443634033203,147.27532958984375,103.34785461425781,4038188
2016-09-15,147.51434326171875,149.45506286621094,146.47227478027344,148.8145294189453,104.42794036865234,3813298
2016-09-16,148.2218017578125,148.5659637451172,146.72084045410156,147.07456970214844,103.20694732666016,6760926
2016-09-19,148.0592803955078,149.32122802734375,147.7533416748047,148.0592803955078,103.89793395996094,2562805
2016-09-20,149.01528930664062,149.68450927734375,147.65774536132812,147.65774536132812,103.61618041992188,2258419
2016-09-21,148.09751892089844,148.83364868164062,147.10325622558594,148.69024658203125,104.34075927734375,2587699
2016-09-22,149.28298950195312,150.30592346191406,148.8432159423828,149.24473571777344,104.7298355102539,2814891
2016-09-23,148.7762908935547,149.17782592773438,147.90631103515625,148.1644287109375,103.97177124023438,2826501
2016-09-26,147.66729736328125,147.66729736328125,146.71128845214844,147.2084197998047,103.30088806152344,2649832
2016-09-27,147.53346252441406,149.87571716308594,147.04588317871094,149.87571716308594,105.17264556884766,3124611
2016-09-28,150.08604431152344,151.65391540527344,149.35946655273438,151.32887268066406,106.19231414794922,3462260
2016-09-29,151.65391540527344,157.74378967285156,150.53536987304688,151.1567840576172,106.07157135009766,3530041
2016-09-30,151.91204833984375,152.81069946289062,151.10899353027344,151.86424255371094,106.56804656982422,3762357
2016-10-03,151.10899353027344,151.4053497314453,150.11471557617188,150.67877197265625,105.73616790771484,2330279
2016-10-04,150.73614501953125,151.55831909179688,148.96749877929688,149.579345703125,104.96465301513672,3016769
2016-10-05,150.1625213623047,150.88909912109375,149.82791137695312,150.17208862304688,105.38056945800781,1761987
2016-10-06,149.94264221191406,150.50669860839844,149.034423828125,149.9808807373047,105.24642181396484,2039805
2016-10-07,150.2294464111328,150.7648162841797,148.04971313476562,148.8240966796875,104.43465423583984,2794807
2016-10-10,149.818359375,151.52008056640625,149.7705535888672,150.11471557617188,105.34033966064453,2595440
2016-10-11,149.8374786376953,150.0478057861328,147.12237548828125,147.9827880859375,103.84430694580078,3034760
2016-10-12,148.15487670898438,148.15487670898438,146.34799194335938,147.50477600097656,103.50883483886719,3100344
2016-10-13,146.9407196044922,147.4378662109375,145.5736083984375,146.95985412597656,103.12645721435547,3043755
2016-10-14,147.67686462402344,148.69024658203125,147.31358337402344,147.65774536132812,103.61618041992188,4558677
2016-10-17,147.65774536132812,149.034423828125,147.55258178710938,147.9636688232422,103.83087921142578,6161358
2016-10-18,143.4225616455078,144.35946655273438,141.29063415527344,144.09178161621094,101.11386108398438,13358048
2016-10-19,144.61758422851562,145.74569702148438,144.1969451904297,144.6080322265625,101.47608947753906,4846013
2016-10-20,144.6271514892578,146.1759033203125,144.3785858154297,144.85659790039062,101.65056610107422,4208163
2016-10-21,143.9579315185547,144.50286865234375,142.9827880859375,143.04971313476562,100.3825912475586,4617253
2016-10-24,143.78585815429688,144.85659790039062,143.78585815429688,143.94837951660156,101.01322174072266,2789368
2016-10-25,143.94837951660156,144.51242065429688,143.2409210205078,144.24473571777344,101.22118377685547,2769285
2016-10-26,144.08221435546875,146.21414184570312,143.65200805664062,145.13385009765625,101.84507751464844,2941038
2016-10-27,146.09942626953125,147.28489685058594,145.33460998535156,146.6061248779297,102.8782730102539,4423848
2016-10-28,147.27532958984375,147.64817810058594,145.48757934570312,145.89866638183594,102.38178253173828,3822607
2016-10-31,146.0420684814453,147.5430145263672,146.0420684814453,146.93116760253906,103.10633087158203,3716647
2016-11-01,146.74952697753906,147.14149475097656,145.06692504882812,146.07073974609375,102.50253295898438,3338727
2016-11-02,145.77438354492188,146.6061248779297,145.0,145.26768493652344,101.93901062011719,3215822
2016-11-03,145.8030548095703,146.97897338867188,145.12428283691406,145.66921997070312,102.22076416015625,3011225
2016-11-04,145.69789123535156,146.88336181640625,145.1912078857422,145.72657775878906,102.2610092163086,2584038
2016-11-07,147.2179718017578,149.24473571777344,147.07456970214844,148.87188720703125,104.46819305419922,3979925
2016-11-08,147.76290893554688,149.07266235351562,146.32887268066406,148.34608459472656,105.04359436035156,4102307
2016-11-09,146.2332763671875,148.71893310546875,144.35946655273438,148.0019073486328,104.79988098144531,5652270
2016-11-10,150.72657775878906,154.07266235351562,150.65965270996094,153.1739959716797,108.46223449707031,8070727
2016-11-11,152.93499755859375,154.24473571777344,152.32313537597656,154.17782592773438,109.17306518554688,4651144
2016-11-14,154.15870666503906,154.7418670654297,150.6501007080078,151.2523956298828,107.10157775878906,5435539
2016-11-15,151.45315551757812,152.1510467529297,150.6214141845703,151.69215393066406,107.41297149658203,3636942
2016-11-16,151.49139404296875,152.53346252441406,151.08030700683594,152.28489685058594,107.83267211914062,2356429
2016-11-17,152.2179718017578,152.89674377441406,151.86424255371094,152.7724609375,108.17791748046875,2365215
2016-11-18,152.7724609375,153.65200805664062,152.2084197998047,153.33651733398438,108.57731628417969,3118754
2016-11-21,153.62332153320312,155.8317413330078,153.31739807128906,155.6118621826172,110.18848419189453,4850407
2016-11-22,155.8317413330078,155.8317413330078,154.82791137695312,155.51625061035156,110.12078857421875,2898257
2016-11-23,154.818359375,155.23899841308594,154.26385498046875,154.85659790039062,109.65371704101562,2356324
2016-11-25,154.71319580078125,156.0133819580078,154.71319580078125,155.965576171875,110.43897247314453,1679144
2016-11-28,156.02294921875,157.41873168945312,155.54493713378906,157.28489685058594,111.37315368652344,4654072
2016-11-29,156.7877655029297,157.1797332763672,155.8604278564453,156.3384246826172,110.70297241210938,3293017
2016-11-30,156.16635131835938,156.5965576171875,155.07647705078125,155.08604431152344,109.81617736816406,4600099
2016-12-01,154.82791137695312,155.06692504882812,151.3384246826172,152.7915802001953,108.19145965576172,4848942
2016-12-02,152.0076446533203,153.2409210205078,151.44358825683594,152.9827880859375,108.32685852050781,2866981
2016-12-05,153.7762908935547,154.06309509277344,152.5717010498047,152.81069946289062,108.20497131347656,3605667
2016-12-06,153.08795166015625,153.71893310546875,151.9407196044922,153.29827880859375,108.55026245117188,2990514
2016-12-07,153.53729248046875,157.91586303710938,153.33651733398438,157.5430145263672,111.55592346191406,4639115
2016-12-08,157.6195068359375,158.69981384277344,156.9980926513672,158.08795166015625,111.94178009033203,3416654
2016-12-09,157.91586303710938,159.3881378173828,157.3613739013672,159.1969451904297,112.72708129882812,3291657
2016-12-12,159.3881378173828,159.45506286621094,157.81069946289062,158.2218017578125,112.03662109375,3548346
2016-12-13,158.3938751220703,162.47610473632812,158.3938751220703,160.88909912109375,113.92530822753906,6205186
2016-12-14,160.965576171875,162.41873168945312,160.08604431152344,161.09942626953125,114.07424926757812,4313913
2016-12-15,160.6214141845703,162.3804931640625,160.4015350341797,160.6309814453125,113.74250793457031,3544476
2016-12-16,161.53919982910156,161.67303466796875,158.75717163085938,159.397705078125,112.86921691894531,7448148
2016-12-19,159.49330139160156,159.90440368652344,158.69981384277344,159.3498992919922,112.83539581298828,3091871
2016-12-20,160.12428283691406,160.85086059570312,159.13002014160156,160.2294464111328,113.45819854736328,2274632
2016-12-21,158.93881225585938,160.5544891357422,157.9827880859375,159.9713134765625,113.27542114257812,3740182
2016-12-22,160.0,160.8317413330078,159.25430297851562,159.71319580078125,113.0926513671875,2931520
2016-12-23,159.6558380126953,160.12428283691406,159.13002014160156,159.3785858154297,112.85569763183594,1779455
2016-12-27,159.63670349121094,160.5927276611328,159.51242065429688,159.7896728515625,113.14678955078125,1461785
2016-12-28,159.93307495117188,160.36329650878906,158.69981384277344,158.88145446777344,112.50370025634766,1838345
2016-12-29,158.71893310546875,159.64627075195312,158.69981384277344,159.27342224121094,112.78126525878906,1740021
2016-12-30,159.12045288085938,159.3690185546875,158.2218017578125,158.69024658203125,112.3682861328125,3088629
2017-01-03,159.6558380126953,160.48757934570312,158.70936584472656,159.8374786376953,113.18061828613281,3069278
2017-01-04,160.3919677734375,162.3996124267578,160.0,161.81643676757812,114.58193969726562,3536944
2017-01-05,161.806884765625,161.9407196044922,159.90440368652344,161.28106689453125,114.20283508300781,2805686
2017-01-06,161.27151489257812,162.44741821289062,160.15296936035156,162.07456970214844,114.76473236083984,3080993
2017-01-09,162.0172119140625,162.33270263671875,160.24856567382812,160.27725219726562,113.49205780029297,3336635
2017-01-10,160.5927276611328,160.69789123535156,158.06883239746094,158.2409210205078,112.0501480102539,4308160
2017-01-11,158.7476043701172,160.38241577148438,158.31739807128906,160.3728485107422,113.55973815917969,3765077
2017-01-12,160.3919677734375,160.6214141845703,158.27915954589844,160.56405639648438,113.69512939453125,3062165
2017-01-13,160.5831756591797,161.07073974609375,159.54110717773438,159.9808807373047,113.28219604492188,3007668
2017-01-17,159.35946655273438,160.783935546875,158.8145294189453,160.50669860839844,113.65447998046875,3468222
2017-01-18,160.08604431152344,161.1759033203125,159.35946655273438,159.46463012695312,112.91664123535156,4192159
2017-01-19,159.61758422851562,160.08604431152344,158.50860595703125,159.47418212890625,112.92342376708984,7283716
2017-01-20,160.43020629882812,163.13575744628906,158.69981384277344,163.04971313476562,115.45524597167969,13273740
2017-01-23,162.6003875732422,163.71893310546875,162.53346252441406,163.50860595703125,115.78016662597656,5730197
2017-01-24,163.8240966796875,168.26004028320312,163.6328887939453,168.1644287109375,119.07697296142578,7272210
2017-01-25,168.50860595703125,171.3671112060547,168.3843231201172,170.44932556152344,120.69490814208984,6194935
2017-01-26,170.2294464111328,171.0133819580078,169.70362854003906,170.8030548095703,120.9453353881836,3204839
2017-01-27,170.6214141845703,171.31930541992188,169.50286865234375,169.50286865234375,120.0246810913086,3642486
2017-01-30,169.1969451904297,169.28298950195312,166.90248107910156,168.06883239746094,119.00926208496094,4283161
2017-01-31,167.35182189941406,167.85850524902344,165.9751434326172,166.84512329101562,118.14273834228516,4329394
2017-02-01,167.30401611328125,167.97323608398438,165.28680419921875,166.625244140625,117.98707580566406,2924302
2017-02-02,166.56787109375,167.27532958984375,165.91778564453125,166.90248107910156,118.18336486816406,2741043
2017-02-03,167.30401611328125,168.5850830078125,167.1988525390625,168.08795166015625,119.0228042602539,3461528
2017-02-06,167.6003875732422,168.2409210205078,166.71128845214844,168.12619018554688,119.04988861083984,2772737
2017-02-07,168.26004028320312,170.7648162841797,168.1644287109375,170.6118621826172,120.80997467041016,4051681
2017-02-08,169.69407653808594,169.69407653808594,168.1453094482422,168.4225616455078,120.20269012451172,3047103
2017-02-09,168.4225616455078,169.9808807373047,168.1739959716797,169.4168243408203,120.91230773925781,3232872
2017-02-10,169.56979370117188,171.0038299560547,168.9866180419922,170.82217407226562,121.91533660888672,3065512
2017-02-13,171.35755920410156,171.988525390625,170.9751434326172,171.47227478027344,122.3792495727539,3235696
2017-02-14,170.71701049804688,172.2084197998047,170.50669860839844,172.2084197998047,122.9046859741211,2904219
2017-02-15,172.27532958984375,173.91969299316406,171.90248107910156,173.69024658203125,123.96221923828125,3048358
2017-02-16,173.47036743164062,174.75143432617188,172.91586303710938,173.4512481689453,123.79165649414062,3401069
2017-02-17,173.27915954589844,173.5850830078125,172.08413696289062,172.72467041015625,123.27313232421875,3715915
2017-02-21,172.65774536132812,172.83938598632812,171.24282836914062,172.33270263671875,122.99336242675781,4686394
2017-02-22,172.170166015625,173.36520385742188,172.170166015625,173.18356323242188,123.60061645507812,3159443
2017-02-23,173.9961700439453,174.47418212890625,172.9636688232422,173.6615753173828,123.94176483154297,2387495
2017-02-24,172.28489685058594,173.50860595703125,171.97897338867188,173.374755859375,123.737060546875,3451905
2017-02-27,173.2218017578125,173.27915954589844,171.3957977294922,171.51051330566406,122.40654754638672,3861100
2017-02-28,171.49139404296875,172.68641662597656,171.46270751953125,171.91204833984375,122.69314575195312,3423976
2017-03-01,172.5430145263672,174.52198791503906,172.11280822753906,173.94837951660156,124.1464614868164,3143858
2017-03-02,173.88145446777344,173.88145446777344,172.49522399902344,172.5908203125,123.17759704589844,3052437
2017-03-03,172.5908203125,173.34608459472656,171.8546905517578,172.13192749023438,122.85005950927734,1905812
2017-03-06,171.81643676757812,173.0305938720703,171.67303466796875,172.53346252441406,123.13665771484375,3351802
2017-03-07,172.76290893554688,173.31739807128906,172.27532958984375,172.44741821289062,123.07525634765625,3117603
2017-03-08,172.8011474609375,172.9923553466797,171.4149169921875,171.55831909179688,122.44068908691406,3721040
2017-03-09,171.27151489257812,171.3671112060547,168.1453094482422,169.3881378173828,120.8918228149414,5694529
2017-03-10,170.3728485107422,171.5965576171875,169.61758422851562,170.0095672607422,121.33531188964844,3242914
2017-03-13,170.0286865234375,170.2294464111328,168.6615753173828,168.69981384277344,120.40059661865234,3642381
2017-03-14,168.43212890625,169.04397583007812,167.50477600097656,167.9923553466797,119.89568328857422,3292285
2017-03-15,167.9827880859375,168.52772521972656,167.06500244140625,168.07839965820312,119.95710754394531,3991013
2017-03-16,170.6118621826172,171.12811279296875,169.04397583007812,169.4455108642578,120.93279266357422,4510143
2017-03-17,168.53729248046875,169.01528930664062,167.92543029785156,167.92543029785156,119.847900390625,6193366
2017-03-20,167.92543029785156,168.43212890625,167.4378662109375,167.97323608398438,119.88201141357422,2590001
2017-03-21,168.26959228515625,168.47991943359375,166.1950225830078,166.2332763671875,118.64022064208984,4108374
2017-03-22,166.38623046875,167.3613739013672,165.2007598876953,167.09368896484375,119.25428009033203,3609223
2017-03-23,166.7590789794922,167.94454956054688,165.92733764648438,167.13192749023438,119.2815933227539,3912040
2017-03-24,167.41873168945312,167.7820281982422,165.7648162841797,166.1854705810547,118.60609436035156,3369898
2017-03-27,165.09559631347656,166.50096130371094,164.52198791503906,166.12811279296875,118.56512451171875,3408914
2017-03-28,166.29063415527344,167.30401611328125,165.3919677734375,166.8355712890625,119.07008361816406,3685999
2017-03-29,166.63479614257812,166.81643676757812,165.8317413330078,166.29063415527344,118.68115234375,3227538
2017-03-30,166.21414184570312,166.91204833984375,166.05162048339844,166.21414184570312,118.62659454345703,3314042
2017-03-31,166.32887268066406,167.25621032714844,166.05162048339844,166.48184204101562,118.81761169433594,3047730
2017-04-03,166.1759033203125,167.1797332763672,165.75526428222656,166.8260040283203,119.06327056884766,4483679
2017-04-04,165.88909912109375,167.26577758789062,165.64053344726562,166.84512329101562,119.076904296875,3251909
2017-04-05,167.0172119140625,168.57553100585938,165.2103271484375,165.27725219726562,117.95792388916016,6525889
2017-04-06,165.84129333496094,165.84129333496094,164.67495727539062,164.86614990234375,117.66450500488281,3593428
2017-04-07,164.51242065429688,165.32504272460938,163.7476043701172,164.56979370117188,117.45299530029297,3753362
2017-04-10,164.94264221191406,164.9713134765625,163.47991943359375,163.67112731933594,116.8116226196289,3964235
2017-04-11,163.1453094482422,163.69981384277344,161.5487518310547,163.07839965820312,116.38859558105469,5116927
2017-04-12,163.51815795898438,163.67112731933594,162.5430145263672,163.15487670898438,116.44318389892578,3427637
2017-04-13,162.44741821289062,163.8240966796875,162.07456970214844,162.07456970214844,115.67216491699219,3352953
2017-04-17,162.28489685058594,163.7667236328125,162.16061401367188,163.57553100585938,116.74339294433594,3891329
2017-04-18,163.27915954589844,164.1395721435547,162.3613739013672,162.5717010498047,116.02698516845703,6637393
2017-04-19,154.64627075195312,155.48757934570312,152.58126831054688,154.579345703125,110.3228530883789,20171378
2017-04-20,154.22561645507812,155.2581329345703,153.44168090820312,155.1625213623047,110.73906707763672,6785193
2017-04-21,154.92352294921875,154.9808807373047,153.32696533203125,153.32696533203125,109.42902374267578,5865759
2017-04-24,154.1969451904297,154.46463012695312,153.36520385742188,153.68069458007812,109.68148803710938,5565348
2017-04-25,154.66539001464844,154.91395568847656,153.32696533203125,153.33651733398438,109.43582916259766,5083978
2017-04-26,153.47036743164062,154.01528930664062,152.85850524902344,153.02102661132812,109.21065521240234,4526879
2017-04-27,153.2409210205078,153.4225616455078,152.6099395751953,153.26959228515625,109.38806915283203,4312240
2017-04-28,153.44168090820312,153.52772521972656,152.67686462402344,153.2409210205078,109.36763000488281,4345189
2017-05-01,153.011474609375,153.36520385742188,151.72084045410156,151.8546905517578,108.37825012207031,5162324
2017-05-02,152.4282989501953,152.47610473632812,151.66348266601562,152.10325622558594,108.55565643310547,3355777
2017-05-03,151.7590789794922,152.4378662109375,151.5487518310547,151.65391540527344,108.23499298095703,4176992
2017-05-04,151.90248107910156,152.14149475097656,151.3957977294922,152.05545043945312,108.52155303955078,4477508
2017-05-05,146.76864624023438,148.92926025390625,146.27151489257812,148.23135375976562,105.79229736328125,13097280
2017-05-08,146.08030700683594,146.72084045410156,145.50669860839844,146.30018615722656,105.43405151367188,7836632
2017-05-09,145.88909912109375,146.3671112060547,144.89483642578125,145.420654296875,104.8001708984375,7168238
2017-05-10,144.9808807373047,145.66921997070312,144.48374938964844,144.5984649658203,104.2076644897461,5229895
2017-05-11,144.4072723388672,144.50286865234375,143.2026824951172,144.0248565673828,103.79426574707031,5886783
2017-05-12,143.69024658203125,144.6080322265625,143.4034423828125,143.75717163085938,103.6013412475586,3886204
2017-05-15,143.9961700439453,145.15296936035156,143.83364868164062,144.84703063964844,104.38678741455078,4440793
2017-05-16,144.9904327392578,147.2179718017578,144.9904327392578,146.92160034179688,105.88186645507812,5767330
2017-05-17,146.55831909179688,147.3613739013672,144.25430297851562,144.29254150390625,103.98719024658203,5430309
2017-05-18,144.22561645507812,144.67495727539062,143.50860595703125,144.14913940429688,103.88384246826172,3424813
2017-05-19,144.3690185546875,145.75526428222656,144.25430297851562,145.29637145996094,104.71060180664062,5902578
2017-05-22,145.4110870361328,146.11854553222656,144.93307495117188,145.92733764648438,105.16535186767578,3453997
2017-05-23,145.8604278564453,146.92160034179688,145.23899841308594,145.3441619873047,104.74504089355469,2682467
2017-05-24,145.51625061035156,146.0420684814453,144.579345703125,145.8030548095703,105.07574462890625,3904090
2017-05-25,146.51051330566406,146.9694061279297,146.2237091064453,146.46270751953125,105.55116271972656,2701504
2017-05-26,146.12811279296875,146.27151489257812,145.3728485107422,145.783935546875,105.06198120117188,2555692
2017-05-30,145.26768493652344,145.95602416992188,144.92352294921875,145.05735778808594,104.53838348388672,3834636
2017-05-31,145.3441619873047,146.08030700683594,144.9808807373047,145.91778564453125,105.158447265625,3706396
2017-06-01,146.08030700683594,146.14723205566406,144.96176147460938,145.95602416992188,105.18601989746094,3052333
2017-06-02,146.3384246826172,146.46270751953125,145.12428283691406,145.36329650878906,104.75884246826172,3750642
2017-06-05,145.14340209960938,146.20458984375,145.0095672607422,145.70745849609375,105.00687408447266,4157955
2017-06-06,145.31549072265625,146.16635131835938,145.31549072265625,145.66921997070312,104.97932434082031,3971871
2017-06-07,146.31930541992188,147.41873168945312,144.1682586669922,144.34034729003906,104.02163696289062,5089522
2017-06-08,144.35946655273438,146.09942626953125,144.28298950195312,145.4110870361328,104.79328155517578,3879614
2017-06-09,145.31549072265625,147.47610473632812,145.2007598876953,147.32313537597656,106.17123413085938,4562129
2017-06-12,147.4091796875,150.28680419921875,147.2466583251953,148.3556365966797,106.91534423828125,6769189
2017-06-13,148.6042022705078,148.64244079589844,147.37094116210938,147.46653747558594,106.27458190917969,3685581
2017-06-14,147.1988525390625,148.12619018554688,146.21414184570312,147.04588317871094,105.97145080566406,3189359
2017-06-15,146.5487518310547,147.88719177246094,146.5487518310547,147.4378662109375,106.2539291381836,4868398
2017-06-16,147.44741821289062,148.5850830078125,146.24282836914062,148.54684448242188,107.05313873291016,7052132
2017-06-19,148.67112731933594,149.0057373046875,147.74378967285156,148.0305938720703,106.68109130859375,4842457
2017-06-20,147.68641662597656,148.55641174316406,147.46653747558594,148.13575744628906,106.75688171386719,4687858
2017-06-21,148.93881225585938,148.93881225585938,146.6443634033203,147.02676391601562,105.95765686035156,4141846
2017-06-22,147.7533416748047,148.1739959716797,146.93116760253906,147.6099395751953,106.37792205810547,2485819
2017-06-23,147.55258178710938,147.87762451171875,147.0363311767578,147.33270263671875,106.17815399169922,3433181
2017-06-26,147.90631103515625,148.90057373046875,147.829833984375,148.4034423828125,106.9498062133789,2252561
2017-06-27,148.18356323242188,148.50860595703125,147.70555114746094,147.94454956054688,106.61905670166016,2496279
2017-06-28,148.32696533203125,148.70936584472656,147.97323608398438,148.48948669433594,107.01180267333984,2323166
2017-06-29,148.51815795898438,148.89100646972656,146.86424255371094,147.35182189941406,106.1919174194336,3412261
2017-06-30,147.49522399902344,147.70555114746094,146.4053497314453,147.06500244140625,105.98523712158203,3735789
2017-07-03,146.8260040283203,149.1682586669922,146.76864624023438,148.73805236816406,107.19094848632812,2952335
2017-07-05,148.91969299316406,149.034423828125,146.87380981445312,146.91204833984375,105.87498474121094,3728362
2017-07-06,146.6156768798828,147.06500244140625,145.53536987304688,145.65965270996094,104.972412109375,2884345
2017-07-07,145.90821838378906,146.73995971679688,145.44932556152344,146.21414184570312,105.37203216552734,2573265
2017-07-10,146.1854705810547,147.12237548828125,145.91778564453125,146.67303466796875,105.70274353027344,3353685
2017-07-11,146.52008056640625,146.89292907714844,145.36329650878906,146.45315551757812,105.54425811767578,3606085
2017-07-12,146.73040771484375,147.4569854736328,146.31930541992188,146.9407196044922,105.89564514160156,3240403
2017-07-13,146.9407196044922,147.4091796875,146.45315551757812,146.87380981445312,105.84742736816406,2590001
2017-07-14,147.23709106445312,147.8202667236328,146.65391540527344,147.4569854736328,106.26773071289062,3406194
2017-07-17,146.8355712890625,147.11280822753906,145.54493713378906,146.28106689453125,105.42025756835938,4981680
2017-07-18,145.65965270996094,147.50477600097656,145.31549072265625,147.2275390625,106.10234069824219,7914873
2017-07-19,143.4225616455078,143.64244079589844,140.2581329345703,141.0420684814453,101.64468383789062,14951106
2017-07-20,141.0420684814453,142.28489685058594,140.56405639648438,141.16635131835938,101.7342300415039,7543961
2017-07-21,141.09942626953125,141.3671112060547,140.06692504882812,140.6118621826172,101.3346176147461,6808937
2017-07-24,140.53536987304688,140.5736083984375,139.3881378173828,139.56979370117188,100.58363342285156,4055970
2017-07-25,140.12428283691406,141.0038299560547,139.6080322265625,139.76100158691406,100.7214584350586,4402509
2017-07-26,139.8374786376953,140.0191192626953,138.11663818359375,138.96749877929688,100.14958953857422,4113290
2017-07-27,138.62332153320312,139.0057373046875,137.32313537597656,138.69024658203125,99.94977569580078,6726617
2017-07-28,138.44168090820312,138.6615753173828,137.51434326171875,137.94454956054688,99.41238403320312,3195321
2017-07-31,138.0305938720703,138.55641174316406,137.829833984375,138.30784606933594,99.6742172241211,4556062
2017-08-01,138.62332153320312,139.26385498046875,138.3556365966797,138.91014099121094,100.10826873779297,3367597
2017-08-02,138.73805236816406,138.90057373046875,137.87762451171875,138.09751892089844,99.52261352539062,3703781
2017-08-03,138.07839965820312,138.94837951660156,138.07839965820312,138.5659637451172,99.86024475097656,3175028
2017-08-04,138.62332153320312,138.9961700439453,138.04971313476562,138.7762908935547,100.01178741455078,2666672
2017-08-07,138.62332153320312,138.70936584472656,136.47227478027344,137.16061401367188,98.84744262695312,4830742
2017-08-08,135.75526428222656,136.48184204101562,135.75526428222656,135.8604278564453,98.94490051269531,3450440
2017-08-09,135.51625061035156,135.783935546875,134.9808807373047,135.53536987304688,98.70816802978516,3060387
2017-08-10,135.4110870361328,136.1567840576172,135.0191192626953,135.602294921875,98.75692749023438,4733568
2017-08-11,136.1854705810547,136.31930541992188,135.29637145996094,135.602294921875,98.75692749023438,3142184
2017-08-14,135.75526428222656,136.48184204101562,135.69789123535156,136.06118774414062,99.09111785888672,2352036
2017-08-15,136.28106689453125,137.0363311767578,134.397705078125,135.82217407226562,98.91705322265625,4896849
2017-08-16,135.5544891357422,136.625244140625,135.38241577148438,136.2332763671875,99.21643829345703,3439039
2017-08-17,136.2523956298828,136.6061248779297,134.51242065429688,134.51242065429688,97.96316528320312,4625517
2017-08-18,134.67495727539062,134.94264221191406,133.44168090820312,133.55641174316406,97.26691436767578,4343724
2017-08-21,133.4512481689453,134.24473571777344,133.011474609375,134.15870666503906,97.70555877685547,3337472
2017-08-22,134.45506286621094,134.94264221191406,134.2064971923828,134.8087921142578,98.17899322509766,2661442
2017-08-23,134.51242065429688,136.7590789794922,134.49330139160156,135.88909912109375,98.96578979492188,4234522
2017-08-24,136.2332763671875,137.3613739013672,135.9942626953125,136.65391540527344,99.52278900146484,3757441
2017-08-25,136.9980926513672,137.8489532470703,136.95028686523438,137.41873168945312,100.07979583740234,3005053
2017-08-28,137.7724609375,138.2026824951172,136.12811279296875,136.24282836914062,99.22339630126953,5319956
2017-08-29,135.85086059570312,137.12237548828125,135.65965270996094,136.84512329101562,99.66204071044922,3147937
2017-08-30,136.95985412597656,136.97897338867188,136.14723205566406,136.29063415527344,99.2582015991211,2861856
2017-08-31,136.73040771484375,137.34225463867188,136.35755920410156,136.73995971679688,99.58545684814453,3824594
2017-09-01,136.69215393066406,138.1453094482422,136.69215393066406,137.74378967285156,100.31651306152344,3505878
2017-09-05,137.18930053710938,138.011474609375,136.42446899414062,136.74952697753906,99.59242248535156,3239985
2017-09-06,137.55258178710938,138.11663818359375,137.18930053710938,137.49522399902344,100.13550567626953,3423872
2017-09-07,137.76290893554688,138.27915954589844,136.14723205566406,136.6156768798828,99.49492645263672,4380857
2017-09-08,136.8546905517578,136.8546905517578,135.4110870361328,136.1854705810547,99.18163299560547,3521045
2017-09-11,137.2275390625,138.7476043701172,136.72084045410156,138.48948669433594,100.85958862304688,4825616
2017-09-12,138.72848510742188,139.93307495117188,138.15487670898438,139.3498992919922,101.4862289428711,5479053
2017-09-13,138.9579315185547,139.85659790039062,138.94837951660156,139.56979370117188,101.6463851928711,4289646
2017-09-14,139.4455108642578,139.94264221191406,139.11090087890625,139.1395721435547,101.33306121826172,3929717
2017-09-15,138.4512481689453,138.78585815429688,137.74378967285156,138.4512481689453,100.83175659179688,7737471
2017-09-18,138.44168090820312,139.08221435546875,137.92543029785156,138.193115234375,100.64376068115234,3158397
2017-09-19,138.4225616455078,138.6042022705078,137.87762451171875,138.04014587402344,100.53234100341797,3623762
2017-09-20,138.55641174316406,139.46463012695312,138.06883239746094,139.46463012695312,101.56979370117188,5698085
2017-09-21,139.24473571777344,139.47418212890625,138.71893310546875,138.87188720703125,101.13809204101562,2673158
2017-09-22,139.1873779296875,139.1873779296875,138.23135375976562,138.7476043701172,101.04759216308594,2920746
2017-09-25,138.73805236816406,139.6080322265625,138.53729248046875,139.45506286621094,101.56281280517578,5452903
2017-09-26,139.92352294921875,140.93690490722656,139.52198791503906,140.11471557617188,102.0432357788086,4695076
2017-09-27,140.2294464111328,140.4397735595703,138.65200805664062,139.25430297851562,101.41663360595703,3663824
2017-09-28,139.25430297851562,139.4455108642578,137.86807250976562,139.25430297851562,101.41663360595703,2902441
2017-09-29,139.0535430908203,139.28298950195312,138.54684448242188,138.69981384277344,101.01277923583984,2776816
2017-10-02,138.9579315185547,140.4110870361328,138.8240966796875,140.2103271484375,102.11286163330078,3109967
2017-10-03,140.23899841308594,140.72657775878906,139.90440368652344,140.32504272460938,102.19637298583984,2408624
2017-10-04,140.53536987304688,140.5544891357422,139.68450927734375,140.03823852539062,101.987548828125,2347642
2017-10-05,140.2294464111328,141.05162048339844,140.03823852539062,140.26768493652344,102.15464782714844,2810079
2017-10-06,140.1912078857422,140.3919677734375,139.88528442382812,140.03823852539062,101.987548828125,2743867
2017-10-09,140.05735778808594,141.29063415527344,139.91395568847656,140.90821838378906,102.62113189697266,2806000
2017-10-10,141.21414184570312,142.3996124267578,141.1567840576172,141.9694061279297,103.39396667480469,4218100
2017-10-11,141.87380981445312,141.9407196044922,140.8030548095703,141.12811279296875,102.7812728881836,3872501
2017-10-12,141.07073974609375,141.38623046875,140.31549072265625,140.56405639648438,102.3704833984375,3414458
2017-10-13,140.9942626953125,141.34799194335938,140.47801208496094,140.6309814453125,102.41920471191406,2621904
2017-10-16,140.74569702148438,141.1759033203125,140.06692504882812,140.3728485107422,102.23124694824219,3192497
2017-10-17,140.181640625,140.6501007080078,139.75143432617188,140.09559631347656,102.029296875,6665530
2017-10-18,150.2103271484375,154.1395721435547,150.0478057861328,152.51434326171875,111.07367706298828,31892749
2017-10-19,152.7724609375,153.88145446777344,152.09368896484375,153.8240966796875,112.02752685546875,10370253
2017-10-20,153.9866180419922,155.33460998535156,152.74378967285156,154.94264221191406,112.84214782714844,8230765
2017-10-23,154.92352294921875,155.36329650878906,152.52389526367188,152.53346252441406,111.08760833740234,6045252
2017-10-24,152.62905883789062,152.67686462402344,148.34608459472656,149.0248565673828,108.5323486328125,8571656
2017-10-25,149.14913940429688,149.49330139160156,146.32887268066406,146.74952697753906,106.87522888183594,7239471
2017-10-26,147.52389526367188,148.29827880859375,146.7877655029297,146.84512329101562,106.94488525390625,4498323
2017-10-27,147.74378967285156,147.829833984375,146.1854705810547,146.92160034179688,107.00056457519531,5120379
2017-10-30,146.9980926513672,147.7915802001953,145.9942626953125,147.5717010498047,107.4740219116211,4404078
2017-10-31,147.5430145263672,148.11663818359375,146.20458984375,147.28489685058594,107.2651596069336,4527402
2017-11-01,147.32313537597656,148.08795166015625,147.06500244140625,147.25621032714844,107.24425506591797,3389249
2017-11-02,147.3996124267578,147.69598388671875,146.1854705810547,146.6061248779297,106.77082824707031,3553890
2017-11-03,146.67303466796875,146.72084045410156,144.82791137695312,144.91395568847656,105.53843688964844,4635663
2017-11-06,145.09559631347656,145.14340209960938,143.67112731933594,144.2064971923828,105.02320861816406,4705326
2017-11-07,144.71319580078125,144.84703063964844,143.88145446777344,144.69407653808594,105.37830352783203,3871351
2017-11-08,144.93307495117188,145.11471557617188,143.67112731933594,144.90440368652344,105.5314712524414,4847582
2017-11-09,143.33651733398438,145.12428283691406,143.26959228515625,143.69024658203125,105.69319152832031,4996219
2017-11-10,144.0248565673828,144.25430297851562,142.58126831054688,142.6003875732422,104.89154052734375,4505436
2017-11-13,142.33270263671875,142.44741821289062,141.4149169921875,141.87380981445312,104.35711669921875,5342445
2017-11-14,141.44358825683594,142.41873168945312,141.0038299560547,142.34225463867188,104.70169830322266,3930868
2017-11-15,141.49139404296875,142.170166015625,139.78012084960938,140.6309814453125,103.44291687011719,4992872
2017-11-16,141.2332763671875,143.06883239746094,141.0133819580078,142.5621337890625,104.86339569091797,5697039
2017-11-17,142.7724609375,143.54684448242188,142.28489685058594,142.41873168945312,104.7579345703125,5142659
2017-11-20,144.01528930664062,145.26768493652344,143.30784606933594,143.89100646972656,105.84087371826172,5937619
2017-11-21,144.64627075195312,145.74569702148438,144.55067443847656,145.26768493652344,106.853515625,3928985
2017-11-22,145.31549072265625,145.68833923339844,144.67495727539062,145.09559631347656,106.7269287109375,3361426
2017-11-24,145.26768493652344,145.50669860839844,144.67495727539062,145.1625213623047,106.77615356445312,1247878
2017-11-27,145.3728485107422,145.783935546875,144.9521942138672,145.29637145996094,106.87461853027344,3529204
2017-11-28,145.6501007080078,146.20458984375,145.0286865234375,145.7648162841797,107.21917724609375,4156490
2017-11-29,146.08985900878906,146.8546905517578,145.47801208496094,146.7973175048828,107.97864532470703,5333240
2017-11-30,146.89292907714844,147.6195068359375,146.34799194335938,147.1988525390625,108.2740249633789,6799837
2017-12-01,147.6099395751953,148.2026824951172,146.1854705810547,147.95411682128906,108.82954406738281,5824023
2017-12-04,149.10133361816406,149.90440368652344,148.25047302246094,149.579345703125,110.02503204345703,4878858
2017-12-05,149.56979370117188,149.84703063964844,147.87762451171875,148.51815795898438,109.24445343017578,5301128
2017-12-06,147.32313537597656,149.3498992919922,147.31358337402344,147.32313537597656,108.36539459228516,3567592
2017-12-07,146.8355712890625,147.65774536132812,146.52008056640625,146.81643676757812,107.99274444580078,3944571
2017-12-08,148.1644287109375,148.2122344970703,146.7973175048828,148.0019073486328,108.86470031738281,3682234
2017-12-11,148.62332153320312,149.034423828125,147.7724609375,148.57553100585938,109.28663635253906,4291424
2017-12-12,150.38241577148438,150.90821838378906,148.33651733398438,149.84703063964844,110.221923828125,6612603
2017-12-13,149.71319580078125,149.8374786376953,147.12237548828125,147.14149475097656,108.23179626464844,5922034
2017-12-14,147.8011474609375,148.28871154785156,146.9407196044922,147.2275390625,108.29512786865234,4850720
2017-12-15,146.8546905517578,147.0363311767578,145.3441619873047,145.7935028076172,107.24027252197266,11798775
2017-12-18,146.8355712890625,147.3996124267578,146.47227478027344,146.58700561523438,107.823974609375,5327069
2017-12-19,147.27532958984375,147.3900604248047,146.35755920410156,146.49139404296875,107.7536392211914,4305754
2017-12-20,146.89292907714844,147.12237548828125,146.06118774414062,146.2237091064453,107.55673217773438,3959842
2017-12-21,146.4340362548828,146.71128845214844,144.82791137695312,144.8374786376953,106.53707885742188,4344979
2017-12-22,145.14340209960938,146.27151489257812,144.8374786376953,145.7935028076172,107.24027252197266,3128168
2017-12-26,145.8030548095703,147.09368896484375,145.7935028076172,146.10899353027344,107.47235107421875,2593034
2017-12-27,146.2237091064453,146.44358825683594,145.89866638183594,146.3957977294922,107.6833267211914,2248168
2017-12-28,146.46270751953125,147.34225463867188,146.46270751953125,147.26577758789062,108.32325744628906,2811230
2017-12-29,147.3900604248047,147.91586303710938,146.67303466796875,146.67303466796875,107.8872299194336,3480147
2018-01-02,147.70555114746094,148.0019073486328,146.7877655029297,147.46653747558594,108.47088623046875,4395815
2018-01-03,150.420654296875,152.7820281982422,149.45506286621094,151.52008056640625,111.45252227783203,9875914
2018-01-04,152.62905883789062,155.181640625,152.3613739013672,154.5889129638672,113.7098617553711,7903785
2018-01-05,155.29637145996094,155.73614501953125,154.01528930664062,155.3441619873047,114.265380859375,5434807
2018-01-08,155.50669860839844,156.70172119140625,154.5889129638672,156.28106689453125,114.95458221435547,5478425
2018-01-09,156.69215393066406,157.29444885253906,155.88909912109375,156.625244140625,115.20773315429688,4541523
2018-01-10,155.74569702148438,157.10325622558594,155.35372924804688,156.95985412597656,115.45384979248047,4366109
2018-01-11,157.55258178710938,157.68641662597656,156.11854553222656,156.97897338867188,115.4679183959961,3969047
2018-01-12,156.806884765625,157.49522399902344,155.8604278564453,155.965576171875,114.72250366210938,5263367
2018-01-16,157.83938598632812,158.02102661132812,156.16635131835938,156.6443634033203,115.22176361083984,8152733
2018-01-17,160.6214141845703,161.69215393066406,159.90440368652344,161.2332763671875,118.59722900390625,12248660
2018-01-18,162.52389526367188,163.6042022705078,160.75526428222656,161.68260192871094,118.92774200439453,14915228
2018-01-19,157.2275390625,158.12619018554688,154.2064971923828,155.2294464111328,114.18103790283203,22146435
2018-01-22,154.4072723388672,156.76864624023438,154.0248565673828,155.44932556152344,114.3427505493164,8870917
2018-01-23,155.65965270996094,158.94837951660156,155.36329650878906,158.93881225585938,116.90948486328125,7809645
2018-01-24,159.4168243408203,161.30018615722656,157.5717010498047,158.09751892089844,116.29065704345703,5904670
2018-01-25,158.61376953125,159.4455108642578,157.92543029785156,158.193115234375,116.36100769042969,3454415
2018-01-26,158.8145294189453,160.0478057861328,158.49903869628906,159.9808807373047,117.67597961425781,3962143
2018-01-29,160.08604431152344,160.98471069335938,158.70936584472656,159.46463012695312,117.2962875366211,3678782
2018-01-30,158.90057373046875,159.43594360351562,155.98471069335938,156.42446899414062,115.06002044677734,5127806
2018-01-31,156.5487518310547,157.73422241210938,155.602294921875,156.50096130371094,115.11629486083984,4260149
2018-02-01,156.0133819580078,156.91204833984375,154.78012084960938,155.2581329345703,114.20211791992188,4638173
2018-02-02,154.5889129638672,154.87571716308594,151.88336181640625,152.0363311767578,111.83226776123047,5493487
2018-02-05,150.9464569091797,151.52963256835938,143.4034423828125,145.82217407226562,107.2613754272461,9148944
2018-02-06,143.68069458007812,148.65200805664062,142.55258178710938,148.50860595703125,109.2374267578125,10321614
2018-02-07,147.3900604248047,148.50860595703125,146.53919982910156,147.08413696289062,108.18963623046875,6432063
2018-02-08,145.77438354492188,146.42446899414062,141.0133819580078,141.09942626953125,104.80936431884766,7090939
2018-02-09,142.06500244140625,143.91969299316406,138.04971313476562,142.93499755859375,106.1728515625,8188402
2018-02-12,144.26385498046875,145.69789123535156,143.69024658203125,144.7418670654297,107.51500701904297,6151944
2018-02-13,144.26385498046875,144.53155517578125,143.0592803955078,144.12045288085938,107.05339813232422,5115986
2018-02-14,143.5850830078125,148.18356323242188,143.4034423828125,147.95411682128906,109.90105438232422,5731034
2018-02-15,148.6615753173828,149.96176147460938,146.9407196044922,149.14913940429688,110.78872680664062,5882286
2018-02-16,148.86233520507812,150.85086059570312,148.8432159423828,149.31166076660156,110.90945434570312,4479913
2018-02-20,148.93881225585938,149.10133361816406,147.10325622558594,148.33651733398438,110.18511962890625,4696122
2018-02-21,148.5946502685547,149.89483642578125,147.13192749023438,147.18930053710938,109.33297729492188,3900116
2018-02-22,147.70555114746094,148.2218017578125,146.07073974609375,146.44358825683594,108.779052734375,4209732
2018-02-23,147.51434326171875,148.9961700439453,147.29444885253906,148.68069458007812,110.44078826904297,3405881
2018-02-26,148.9579315185547,151.89292907714844,148.67112731933594,151.6061248779297,112.61380004882812,3776374
2018-02-27,151.49139404296875,152.7533416748047,149.64627075195312,149.66539001464844,111.17220306396484,4432216
2018-02-28,150.5736083984375,151.1854705810547,148.94837951660156,148.97705078125,110.66092681884766,3978461
2018-03-01,148.69024658203125,150.06692504882812,146.07073974609375,147.04588317871094,109.22644805908203,4225108
2018-03-02,146.07073974609375,147.95411682128906,145.2007598876953,147.69598388671875,109.70931243896484,3411111
2018-03-05,147.34225463867188,150.56405639648438,146.988525390625,150.0478057861328,111.45625305175781,3839448
2018-03-06,150.36329650878906,150.9464569091797,148.33651733398438,148.87188720703125,110.58277130126953,3855242
2018-03-07,148.18356323242188,151.84512329101562,147.92543029785156,151.35755920410156,112.42914581298828,4819654
2018-03-08,152.0076446533203,152.55258178710938,148.25047302246094,149.34034729003906,110.93077087402344,6752558
2018-03-09,150.54493713378906,152.5621337890625,150.38241577148438,152.30401611328125,113.13220977783203,5253221
2018-03-12,152.6195068359375,153.93881225585938,151.88336181640625,153.2122344970703,113.80683135986328,5296421
2018-03-13,153.04971313476562,154.9808807373047,151.8260040283203,152.31358337402344,113.13929748535156,4378138
2018-03-14,153.12619018554688,153.61376953125,150.8030548095703,151.16635131835938,112.28712463378906,3798863
2018-03-15,151.73040771484375,154.15870666503906,151.5487518310547,152.5908203125,113.34523010253906,4048648
2018-03-16,153.02102661132812,154.85659790039062,152.6195068359375,153.2122344970703,113.80683135986328,9688784
2018-03-19,152.68641662597656,152.85850524902344,149.56979370117188,150.43020629882812,111.74034118652344,5734172
2018-03-20,150.5927276611328,150.98471069335938,148.46080017089844,149.33078002929688,110.92367553710938,4536188
2018-03-21,149.68450927734375,151.24282836914062,149.06309509277344,149.7992401123047,111.27163696289062,3642381
2018-03-22,148.18356323242188,148.4225616455078,145.31549072265625,145.4015350341797,108.00501251220703,4964630
2018-03-23,145.5544891357422,145.86997985839844,142.0076446533203,142.34225463867188,105.7325668334961,4645181
2018-03-26,144.5602264404297,146.90248107910156,143.67112731933594,146.625244140625,108.91399383544922,4292679
2018-03-27,147.1797332763672,148.0592803955078,144.51242065429688,145.2294464111328,107.87718200683594,4062350
2018-03-28,145.38241577148438,147.09368896484375,145.2103271484375,145.8126220703125,108.31036376953125,3833381
2018-03-29,146.3384246826172,147.12237548828125,144.43594360351562,146.68260192871094,108.95658111572266,3577320
2018-04-02,146.5965576171875,146.63479614257812,141.90248107910156,143.47036743164062,106.57051086425781,5387318
2018-04-03,144.1682586669922,144.35946655273438,141.7781982421875,143.26004028320312,106.41429138183594,4325942
2018-04-04,141.38623046875,147.67686462402344,140.965576171875,147.34225463867188,109.44657135009766,5026344
2018-04-05,147.64817810058594,148.10707092285156,146.5965576171875,147.25621032714844,109.38265228271484,3331928
2018-04-06,146.71128845214844,147.1797332763672,142.9636688232422,143.94837951660156,106.92558288574219,3841853
2018-04-09,145.12428283691406,147.85850524902344,145.06692504882812,145.9751434326172,108.43106079101562,4616207
2018-04-10,148.2122344970703,149.71319580078125,147.94454956054688,148.55641174316406,110.34848022460938,3981494
2018-04-11,147.58126831054688,148.92926025390625,147.11280822753906,148.52772521972656,110.32711791992188,3458599
2018-04-12,149.85659790039062,151.988525390625,149.78012084960938,151.11854553222656,112.25159454345703,5898812
2018-04-13,151.69215393066406,152.2179718017578,149.0535430908203,149.818359375,111.28582763671875,4243727
2018-04-16,151.0420684814453,152.14149475097656,150.73614501953125,150.9464569091797,112.12377166748047,4379393
2018-04-17,151.8355712890625,154.87571716308594,151.53919982910156,153.83364868164062,114.26844024658203,10677045
2018-04-18,145.44932556152344,145.91778564453125,141.73995971679688,142.2466583251953,105.66154479980469,21319258
2018-04-19,142.62905883789062,142.64817810058594,140.17208862304688,141.20458984375,104.88748931884766,8458061
2018-04-20,141.3957977294922,141.46270751953125,138.15487670898438,138.52772521972656,102.89907836914062,8645818
2018-04-23,138.65200805664062,139.54110717773438,137.9827880859375,139.4455108642578,103.58082580566406,5560118
2018-04-24,140.06692504882812,140.82217407226562,138.1739959716797,139.15870666503906,103.3677978515625,5142659
2018-04-25,139.3785858154297,139.96176147460938,137.7724609375,139.52198791503906,103.63764190673828,7663414
2018-04-26,140.15296936035156,140.87954711914062,139.7705535888672,140.26768493652344,104.1915512084961,4462027
2018-04-27,140.38241577148438,140.77438354492188,139.25430297851562,140.03823852539062,104.0210952758789,3352953
2018-04-30,140.4015350341797,140.89866638183594,138.5850830078125,138.5850830078125,102.94171905517578,4618613
2018-05-01,138.28871154785156,138.64244079589844,137.16061401367188,138.62332153320312,102.97010803222656,4637336
2018-05-02,138.10707092285156,138.4512481689453,135.82217407226562,136.1854705810547,101.1592788696289,5433865
2018-05-03,135.87954711914062,135.9751434326172,133.7476043701172,135.74569702148438,100.83259582519531,5249456
2018-05-04,134.89483642578125,138.0019073486328,134.11090087890625,137.58126831054688,102.19605255126953,4604701
2018-05-07,137.66729736328125,137.97323608398438,136.3671112060547,136.92160034179688,101.70606231689453,3825222
2018-05-08,136.71128845214844,137.1988525390625,135.8126220703125,136.71128845214844,101.5498275756836,5616079
2018-05-09,135.65965270996094,136.73040771484375,135.06692504882812,136.3384246826172,102.3970718383789,4389016
2018-05-10,136.8546905517578,137.9827880859375,136.72084045410156,137.89674377441406,103.56747436523438,3898024
2018-05-11,137.7724609375,138.47991943359375,137.26577758789062,137.8011474609375,103.49566650390625,3214567
2018-05-14,138.11663818359375,138.73805236816406,137.8011474609375,137.95411682128906,103.61054992675781,3364041
2018-05-15,137.18930053710938,137.65774536132812,136.63479614257812,137.41873168945312,103.20845794677734,4277512
2018-05-16,137.3804931640625,138.65200805664062,136.9694061279297,138.26959228515625,103.84749603271484,3314460
2018-05-17,138.1453094482422,138.8049774169922,137.44741821289062,138.1453094482422,103.75414276123047,3292494
2018-05-18,138.11663818359375,138.5659637451172,137.65774536132812,137.74378967285156,103.45260620117188,2805581
2018-05-21,138.57553100585938,139.61758422851562,138.31739807128906,139.09178161621094,104.4649887084961,3027856
2018-05-22,139.12045288085938,139.7705535888672,138.62332153320312,138.70936584472656,104.17778778076172,2389064
2018-05-23,138.0019073486328,138.33651733398438,137.170166015625,138.30784606933594,103.87623596191406,3618846
2018-05-24,138.04014587402344,138.12619018554688,136.66348266601562,137.73422241210938,103.44542694091797,3555040
2018-05-25,137.5717010498047,138.2122344970703,137.1510467529297,137.32313537597656,103.13663482666016,5140358
2018-05-29,136.26194763183594,136.6061248779297,134.04397583007812,135.0095672607422,101.3990478515625,4746330
2018-05-30,135.65965270996094,136.806884765625,135.5831756591797,136.34799194335938,102.40426635742188,5353951
2018-05-31,136.52963256835938,136.52963256835938,134.84703063964844,135.09559631347656,101.4636459350586,7144494
2018-06-01,136.16635131835938,136.55831909179688,135.3919677734375,135.70745849609375,101.9231948852539,4034945
2018-06-04,136.0420684814453,136.87380981445312,135.92733764648438,136.74952697753906,102.70584106445312,3174924
2018-06-05,136.7590789794922,137.74378967285156,136.74952697753906,137.3804931640625,103.17974090576172,2966456
2018-06-06,137.9923553466797,138.3556365966797,137.2275390625,138.34608459472656,103.90494537353516,3368225
2018-06-07,138.62332153320312,140.24856567382812,138.55641174316406,138.96749877929688,104.37165069580078,4515059
2018-06-08,138.62332153320312,139.9904327392578,138.02102661132812,139.71319580078125,104.93173217773438,5450183
2018-06-11,140.17208862304688,140.92733764648438,139.71319580078125,140.13385009765625,105.24765014648438,3409960
2018-06-12,140.6309814453125,141.03250122070312,140.17208862304688,140.4110870361328,105.45587158203125,2761963
2018-06-13,140.33460998535156,140.98471069335938,139.7705535888672,139.91395568847656,105.08247375488281,3104737
2018-06-14,140.2007598876953,140.51625061035156,138.70936584472656,138.8145294189453,104.25675201416016,3479310
2018-06-15,138.52772521972656,139.07266235351562,137.3804931640625,138.9961700439453,104.39320373535156,9535336
2018-06-18,137.83938598632812,138.1644287109375,136.84512329101562,138.12619018554688,103.73978424072266,4483574
2018-06-19,136.8260040283203,137.87762451171875,136.66348266601562,137.5717010498047,103.32335662841797,3647402
2018-06-20,137.87762451171875,138.1644287109375,136.14723205566406,136.35755920410156,102.41145324707031,3483075
2018-06-21,136.31930541992188,136.84512329101562,134.63670349121094,135.03823852539062,101.42058563232422,4066534
2018-06-22,135.4110870361328,135.5736083984375,134.5889129638672,135.06692504882812,101.442138671875,5869420
2018-06-25,134.22561645507812,134.22561645507812,132.1988525390625,132.68641662597656,99.65425109863281,9348207
2018-06-26,133.23135375976562,133.69981384277344,132.2466583251953,132.9636688232422,99.86248016357422,4329917
2018-06-27,132.9923553466797,133.6328887939453,131.4053497314453,131.4340362548828,98.71365356445312,4290483
2018-06-28,132.02676391601562,134.35946655273438,131.88336181640625,133.88145446777344,100.55178833007812,4731790
2018-06-29,134.14913940429688,135.14340209960938,133.47036743164062,133.55641174316406,100.30766296386719,3880765
2018-07-02,132.1988525390625,134.0535430908203,132.12237548828125,133.70936584472656,100.42251586914062,3562048
2018-07-03,134.46463012695312,134.7418670654297,133.2409210205078,133.43212890625,100.21430969238281,2053507
2018-07-05,134.30210876464844,135.2103271484375,133.7762908935547,135.2103271484375,101.54984283447266,3916956
2018-07-06,135.30592346191406,136.65391540527344,134.96176147460938,136.21414184570312,102.30375671386719,2980054
2018-07-09,136.31930541992188,138.3556365966797,136.20458984375,138.04014587402344,103.6751708984375,4084316
2018-07-10,138.15487670898438,139.1873779296875,137.91586303710938,138.34608459472656,103.90494537353516,3950742
2018-07-11,137.66729736328125,139.76100158691406,137.66729736328125,138.5659637451172,104.07007598876953,3688824
2018-07-12,139.43594360351562,140.3728485107422,139.33078002929688,140.0095672607422,105.1543197631836,3262997
2018-07-13,140.0095672607422,140.51625061035156,139.3881378173828,139.48374938964844,104.7593765258789,3203480
2018-07-16,139.26385498046875,139.3785858154297,137.86807250976562,139.06309509277344,104.4434585571289,3628365
2018-07-17,138.3843231201172,138.62332153320312,137.0363311767578,137.1797332763672,103.02894592285156,5331148
2018-07-18,137.1988525390625,138.43212890625,136.46270751953125,138.1644287109375,103.76849365234375,7254324
2018-07-19,141.34799194335938,143.91969299316406,140.77438354492188,142.67686462402344,107.15760040283203,15329967
2018-07-20,142.04588317871094,142.31358337402344,139.82791137695312,139.91395568847656,105.08247375488281,6709672
2018-07-23,139.91395568847656,140.24856567382812,138.6328887939453,139.29254150390625,104.61576843261719,4077203
2018-07-24,140.24856567382812,140.5736083984375,139.50286865234375,139.94264221191406,105.10405731201172,4070614
2018-07-25,139.5889129638672,140.2007598876953,139.10133361816406,140.17208862304688,105.27638244628906,3797921
2018-07-26,140.9464569091797,142.70555114746094,140.181640625,140.2581329345703,105.34098052978516,4997788
2018-07-27,140.43020629882812,140.66921997070312,138.29827880859375,138.7667236328125,104.2208480834961,3921768
2018-07-30,138.43212890625,139.8087921142578,138.32696533203125,139.09178161621094,104.4649887084961,3774177
2018-07-31,139.33078002929688,139.3881378173828,137.8202667236328,138.55641174316406,104.06291198730469,5726013
2018-08-01,138.3938751220703,138.8049774169922,137.0363311767578,137.18930053710938,103.0361328125,3544266
2018-08-02,136.5774383544922,137.05545043945312,136.07073974609375,136.67303466796875,102.64842224121094,4018104
2018-08-03,136.9407196044922,141.4149169921875,136.71128845214844,141.20458984375,106.05181121826172,8424066
2018-08-06,140.48757934570312,140.72657775878906,139.1682586669922,139.6080322265625,104.85273742675781,4093730
2018-08-07,140.2007598876953,141.14723205566406,139.91395568847656,140.54493713378906,105.55638885498047,3670205
2018-08-08,140.85086059570312,140.9464569091797,139.8087921142578,140.43020629882812,105.47022247314453,3745831
2018-08-09,139.13002014160156,139.52198791503906,138.36520385742188,138.4034423828125,105.07106018066406,3235801
2018-08-10,138.1453094482422,138.69024658203125,137.55258178710938,138.12619018554688,104.8605728149414,3141243
2018-08-13,137.81069946289062,137.95411682128906,136.26194763183594,136.4340362548828,103.57593536376953,2989991
2018-08-14,136.71128845214844,137.49522399902344,136.6443634033203,137.05545043945312,104.0477066040039,2991560
2018-08-15,136.28106689453125,137.66729736328125,135.75526428222656,137.58126831054688,104.4468765258789,4436609
2018-08-16,138.02102661132812,139.27342224121094,138.02102661132812,138.94837951660156,105.48474884033203,5492232
2018-08-17,138.4225616455078,139.9521942138672,138.32696533203125,139.63670349121094,106.00727844238281,2801816
2018-08-20,139.93307495117188,140.68833923339844,139.72274780273438,140.06692504882812,106.33389282226562,2614686
2018-08-21,140.53536987304688,140.6501007080078,139.47418212890625,139.55067443847656,105.94197845458984,3249817
2018-08-22,139.5889129638672,139.73231506347656,138.8049774169922,138.85276794433594,105.41217041015625,2498894
2018-08-23,138.6615753173828,139.12045288085938,138.3843231201172,138.97705078125,105.50653076171875,2322538
2018-08-24,139.06309509277344,139.66539001464844,138.49903869628906,139.61758422851562,105.9927749633789,2904324
2018-08-27,140.47801208496094,141.12811279296875,140.07647705078125,140.23899841308594,106.46453857421875,3652214
2018-08-28,140.48757934570312,140.52581787109375,139.76100158691406,140.14340209960938,106.3919677734375,2568244
2018-08-29,140.4110870361328,141.42446899414062,140.15296936035156,141.05162048339844,107.08146667480469,3298875
2018-08-30,140.56405639648438,140.82217407226562,138.86233520507812,139.51242065429688,105.91295623779297,3494058
2018-08-31,139.31166076660156,140.32504272460938,139.1395721435547,140.03823852539062,106.31214141845703,3648971
2018-09-04,139.5602264404297,139.76100158691406,138.44168090820312,139.27342224121094,105.73151397705078,3479205
2018-09-05,138.8049774169922,140.29637145996094,138.67112731933594,140.2103271484375,106.44274139404297,3270319
2018-09-06,140.420654296875,141.16635131835938,139.1395721435547,139.9521942138672,106.24679565429688,4444245
2018-09-07,139.52198791503906,140.05735778808594,138.73805236816406,139.0535430908203,105.5645751953125,4908983
2018-09-10,140.15296936035156,140.82217407226562,139.15870666503906,139.24473571777344,105.70973205566406,3784742
2018-09-11,139.579345703125,140.52581787109375,138.86233520507812,140.0478057861328,106.31941223144531,3529936
2018-09-12,139.93307495117188,141.47227478027344,139.6080322265625,140.12428283691406,106.3774642944336,4714008
2018-09-13,140.86997985839844,142.44741821289062,140.6501007080078,142.3996124267578,108.10478210449219,5592439
2018-09-14,142.30401611328125,142.73422241210938,141.28106689453125,141.806884765625,107.65483093261719,3610897
2018-09-17,141.91204833984375,142.51434326171875,141.27151489257812,141.4340362548828,107.37178802490234,3715287
2018-09-18,141.26194763183594,142.4378662109375,140.98471069335938,142.02676391601562,107.82176208496094,3796352
2018-09-19,142.09368896484375,143.36520385742188,141.71128845214844,142.50477600097656,108.18463134765625,4441525
2018-09-20,143.0019073486328,144.72274780273438,142.86807250976562,144.50286865234375,109.7015151977539,6226001
2018-09-21,144.818359375,145.88909912109375,144.11090087890625,144.69407653808594,109.8466796875,20865085
2018-09-24,144.45506286621094,144.55067443847656,142.88719177246094,143.43212890625,108.88864135742188,4461190
2018-09-25,143.31739807128906,143.79541015625,141.8355712890625,142.3613739013672,108.07575988769531,4599785
2018-09-26,145.69789123535156,146.6061248779297,144.68450927734375,144.94264221191406,110.03536224365234,7742387
2018-09-27,145.32504272460938,145.68833923339844,144.51242065429688,144.8374786376953,109.95552825927734,3637570
2018-09-28,144.51242065429688,144.96176147460938,144.15870666503906,144.5602264404297,109.74504852294922,3457867
2018-10-01,145.03823852539062,146.67303466796875,145.03823852539062,146.27151489257812,111.04419708251953,3930240
2018-10-02,146.26194763183594,147.07456970214844,145.7935028076172,146.988525390625,111.58853149414062,3169275
2018-10-03,147.2275390625,147.5717010498047,146.08030700683594,146.48184204101562,111.20388793945312,3467804
2018-10-04,145.0191192626953,146.08030700683594,143.7476043701172,144.6558380126953,109.81764221191406,4432843
2018-10-05,144.26385498046875,145.11471557617188,141.3671112060547,142.47610473632812,108.16287231445312,4813901
2018-10-08,141.9694061279297,142.51434326171875,140.70745849609375,141.86424255371094,107.6983642578125,3388308
2018-10-09,141.56787109375,141.8355712890625,140.46844482421875,140.7648162841797,106.86373138427734,3809950
2018-10-10,141.0133819580078,141.1950225830078,136.2332763671875,136.4149169921875,103.56143951416016,5802894
2018-10-11,136.34799194335938,137.8489532470703,132.67686462402344,132.90631103515625,100.8978042602539,9111183
2018-10-12,134.91395568847656,135.31549072265625,132.9636688232422,134.6558380126953,102.22600555419922,6865316
2018-10-15,134.2064971923828,136.0038299560547,133.97705078125,134.92352294921875,102.42922973632812,5193913
2018-10-16,136.6443634033203,139.0535430908203,135.35372924804688,138.73805236816406,105.32505798339844,9095493
2018-10-17,129.91395568847656,131.11854553222656,127.55258178710938,128.15487670898438,97.29068756103516,20359344
2018-10-18,126.8929214477539,127.53346252441406,124.32122039794922,124.80879211425781,94.75044250488281,10472238
2018-10-19,124.9043960571289,126.0898666381836,122.33269500732422,123.42256164550781,93.69808197021484,8150014
2018-10-22,123.88145446777344,124.7036361694336,122.75334930419922,124.3021011352539,94.36579895019531,5982597
2018-10-23,123.34607696533203,126.09942626953125,122.76290893554688,125.43977355957031,95.22947692871094,6760926
2018-10-24,125.40152740478516,125.8986587524414,121.4149169921875,121.61567687988281,92.32635498046875,5972974
2018-10-25,121.65392303466797,122.17017364501953,119.63671112060547,120.88909912109375,91.77476501464844,10778298
2018-10-26,119.7036361694336,120.24856567382812,118.26959991455078,119.3021011352539,90.5699691772461,9170282
2018-10-29,114.09178161621094,118.4990463256836,113.0975112915039,114.37858581542969,86.83222198486328,21391118
2018-10-30,115.181640625,116.15679168701172,110.08604431152344,110.3250503540039,83.75489807128906,22445696
2018-10-31,111.36711120605469,111.37667083740234,109.0726547241211,110.35372924804688,83.77670288085938,22640670
2018-11-01,110.42064666748047,111.85468292236328,110.04779815673828,111.6921615600586,84.79277038574219,14253528
2018-11-02,112.34225463867188,112.57170104980469,109.50286865234375,110.58317565917969,83.95088195800781,11079964
2018-11-05,110.9942626953125,115.45889282226562,110.8986587524414,114.78011322021484,87.13702392578125,9565252
2018-11-06,115.3919677734375,118.36520385742188,115.01911926269531,117.7055435180664,89.35791778564453,10038880
2018-11-07,118.34607696533203,119.56022644042969,116.95028686523438,119.34990692138672,90.60626983642578,12952304
2018-11-08,117.26577758789062,118.92925262451172,117.23709106445312,117.95410919189453,90.6871109008789,10874634
2018-11-09,118.17399597167969,119.09178161621094,116.5965576171875,118.1070785522461,90.80473327636719,7282043
2018-11-12,118.06883239746094,118.13575744628906,115.34416961669922,115.58317565917969,88.8642807006836,5626539
2018-11-13,115.86042022705078,116.8738021850586,114.62715148925781,115.52581024169922,88.82015991210938,4272282
2018-11-14,115.783935546875,116.56787872314453,114.50286865234375,114.91395568847656,88.34976196289062,4981366
2018-11-15,114.397705078125,116.09942626953125,114.25430297851562,116.09942626953125,89.26117706298828,5447463
2018-11-16,115.57361602783203,116.49139404296875,115.23900604248047,116.22370910644531,89.35671997070312,4263810
2018-11-19,116.28107452392578,116.806884765625,114.50286865234375,115.01911926269531,88.43061828613281,4321235
2018-11-20,113.27915954589844,114.23518371582031,111.56787872314453,112.04589080810547,86.14469146728516,6520555
2018-11-21,112.43785858154297,114.25430297851562,112.22753143310547,113.35564422607422,87.15167236328125,5581247
2018-11-23,112.8967514038086,113.13575744628906,111.76863861083984,112.03633117675781,86.1373519897461,2442096
2018-11-26,113.16443634033203,114.96176147460938,112.86807250976562,114.3021011352539,87.87932586669922,5241611
2018-11-27,113.17399597167969,114.76099395751953,113.16443634033203,114.75143432617188,88.22479248046875,5129375
2018-11-28,115.68833923339844,117.67686462402344,114.93307495117188,117.5908203125,90.40782165527344,5339307
2018-11-29,117.05545043945312,117.7055435180664,116.06118774414062,116.13766479492188,89.29058074951172,5439305
2018-11-30,116.30975341796875,119.20649719238281,116.13766479492188,118.80496978759766,91.34129333496094,7585174
2018-12-03,120.14340209960938,121.02294158935547,118.8910140991211,119.79923248291016,92.105712890625,6115334
2018-12-04,119.01529693603516,119.42638397216797,115.9942626953125,116.25238800048828,89.37877655029297,6276732
2018-12-06,114.45507049560547,118.46080017089844,114.05353546142578,118.46080017089844,91.07669830322266,7257148
2018-12-07,118.45124053955078,118.59464263916016,113.64244842529297,114.09178161621094,87.71764373779297,7342502
2018-12-10,114.47418975830078,116.32887268066406,113.3078384399414,115.80306243896484,89.0333251953125,6850777
2018-12-11,117.82982635498047,118.36520385742188,114.7227554321289,115.57361602783203,88.85694122314453,5275083
2018-12-12,117.12236785888672,117.4760971069336,115.67877960205078,115.83174133300781,89.05538940429688,3724283
2018-12-13,115.9273452758789,116.43403625488281,114.8852767944336,115.42064666748047,88.73931121826172,4177306
2018-12-14,114.24474334716797,115.783935546875,114.1873779296875,114.62715148925781,88.1292495727539,4763693
2018-12-17,113.83364868164062,114.5124282836914,110.00955963134766,110.9942626953125,85.33613586425781,7713727
2018-12-18,111.75907897949219,113.03059387207031,110.91778564453125,111.52007293701172,85.74040985107422,6579549
2018-12-19,111.99808502197266,114.98088073730469,110.86997985839844,111.30975341796875,85.5787124633789,7300871
2018-12-20,110.61185455322266,111.32887268066406,106.78776550292969,108.04971313476562,83.0722885131836,8843302
2018-12-21,107.55258178710938,110.2103271484375,105.58317565917969,106.06118774414062,81.5434341430664,10864279
2018-12-24,105.06692504882812,106.11854553222656,102.77246856689453,102.83938598632812,79.06642150878906,3997184
2018-12-26,103.25048065185547,106.49139404296875,101.28107452392578,106.49139404296875,81.87419891357422,6951507
2018-12-27,105.15296173095703,108.77629089355469,104.65583038330078,108.77629089355469,83.63089752197266,6323698
2018-12-28,109.19693756103516,109.75143432617188,107.55258178710938,108.05927276611328,83.07963562011719,5352905
2018-12-31,108.34607696533203,109.32122039794922,107.4760971069336,108.67112731933594,83.550048828125,5212009
2019-01-02,107.0841293334961,110.8795394897461,106.77820587158203,110.14340209960938,84.68196868896484,4434935
2019-01-03,109.4933090209961,109.82791900634766,107.73422241210938,107.94454956054688,82.9914321899414,4546648
2019-01-04,109.85659790039062,112.32313537597656,109.40726470947266,112.16061401367188,86.2328872680664,4683779
2019-01-07,112.33269500732422,113.60420989990234,111.53919982910156,112.95410919189453,86.84293365478516,3923755
2019-01-08,114.397705078125,115.26768493652344,113.74761199951172,114.56022644042969,88.07779693603516,4982726
2019-01-09,115.59273529052734,116.06118774414062,114.59847259521484,115.38240814208984,88.70990753173828,3800850
2019-01-10,114.79923248291016,116.5009536743164,114.6749496459961,116.43403625488281,89.51842498779297,4089860
2019-01-11,116.23326873779297,116.2715072631836,114.91395568847656,116.11854553222656,89.27586364746094,3893630
2019-01-14,115.2103271484375,115.34416961669922,114.4933090209961,115.0956039428711,88.48938751220703,5469220
2019-01-15,115.64053344726562,116.56787872314453,115.5066909790039,116.37667083740234,89.4743423461914,3668845
2019-01-16,116.23326873779297,116.63479614257812,115.51625061035156,116.2715072631836,89.39349365234375,4017791
2019-01-17,115.25812530517578,117.02677154541016,115.24856567382812,116.81644439697266,89.81243896484375,5261275
2019-01-18,117.84894561767578,119.23518371582031,117.3135757446289,118.37476348876953,91.01052856445312,6284891
2019-01-22,117.87763214111328,118.35564422607422,116.19503021240234,117.13192749023438,90.05499267578125,10514810
2019-01-23,125.59273529052734,129.06309509277344,124.57935333251953,127.04589080810547,97.67719268798828,23078630
2019-01-24,126.79732513427734,127.35181427001953,125.65009307861328,126.70172119140625,97.41259002685547,6613753
2019-01-25,127.02677154541016,128.52772521972656,126.60611724853516,128.07839965820312,98.47100830078125,5969940
2019-01-28,127.24665069580078,128.88145446777344,126.74951934814453,128.36520385742188,98.69152069091797,5604154
2019-01-29,128.3843231201172,129.45506286621094,127.72466278076172,128.4225616455078,98.73563385009766,5268807
2019-01-30,128.10707092285156,129.09178161621094,127.39006042480469,128.47036743164062,98.77238464355469,4707941
2019-01-31,128.53729248046875,128.79541015625,127.85850524902344,128.50860595703125,98.80177307128906,5108664
2019-02-01,129.034423828125,129.25430297851562,127.48565673828125,128.2026824951172,98.56655883789062,3981076
2019-02-04,128.12619018554688,129.25430297851562,127.14149475097656,129.24473571777344,99.36775207519531,4149064
2019-02-05,129.33078002929688,129.84703063964844,128.9866180419922,129.5889129638672,99.63236236572266,5647249
2019-02-06,129.27342224121094,130.64053344726562,129.22561645507812,130.32504272460938,100.19830322265625,5104166
2019-02-07,127.67686462402344,128.55641174316406,126.30975341796875,127.33269500732422,99.03832244873047,4580852
2019-02-08,126.52007293701172,127.82982635498047,126.37667083740234,127.82982635498047,99.42498779296875,3399291
2019-02-11,128.3843231201172,129.2064971923828,128.02102661132812,128.09751892089844,99.63318634033203,3237475
2019-02-12,129.2064971923828,130.2103271484375,128.92926025390625,130.06692504882812,101.16497802734375,3469791
2019-02-13,130.89866638183594,131.8546905517578,130.4110870361328,131.47227478027344,102.25806427001953,4448638
2019-02-14,131.13766479492188,131.5487518310547,130.21987915039062,130.47801208496094,101.48473358154297,2917712
2019-02-15,131.52963256835938,132.11280822753906,131.34799194335938,131.95985412597656,102.63729095458984,4020929
2019-02-19,131.74952697753906,132.6003875732422,131.31930541992188,132.6003875732422,103.135498046875,3541442
2019-02-20,132.65774536132812,133.11663818359375,131.1854705810547,131.93116760253906,102.614990234375,3976892
2019-02-21,131.7590789794922,132.26577758789062,131.30975341796875,131.7781982421875,102.49600982666016,3072416
2019-02-22,132.62905883789062,133.25047302246094,132.34225463867188,133.12619018554688,103.54444885253906,3256930
2019-02-25,133.8432159423828,134.29254150390625,133.193115234375,133.32696533203125,103.70061492919922,3341133
2019-02-26,133.52772521972656,134.31166076660156,133.33651733398438,133.57553100585938,103.8939437866211,3201178
2019-02-27,133.12619018554688,133.43212890625,132.31358337402344,133.04971313476562,103.48497772216797,2647321
2019-02-28,132.66729736328125,132.94454956054688,131.66348266601562,132.05545043945312,102.71165466308594,3616859
2019-03-01,133.18356323242188,133.88145446777344,132.5430145263672,133.07839965820312,103.50728607177734,3169380
2019-03-04,133.83364868164062,133.91969299316406,131.13766479492188,132.34225463867188,102.93473052978516,3563617
2019-03-05,132.28489685058594,132.6386260986328,131.51051330566406,131.81643676757812,102.5257339477539,4445814
2019-03-06,132.04588317871094,132.30401611328125,130.70745849609375,130.95602416992188,101.85652923583984,2895642
2019-03-07,130.602294921875,130.86997985839844,128.70936584472656,129.4072723388672,100.65193176269531,4559305
2019-03-08,128.30784606933594,129.29254150390625,127.7055435180664,129.14913940429688,100.45114135742188,3947186
2019-03-11,130.0478057861328,131.67303466796875,129.86614990234375,131.65391540527344,102.39933013916016,4120508
2019-03-12,132.4282989501953,133.55641174316406,131.7973175048828,132.1988525390625,102.82318878173828,4136616
2019-03-13,131.97897338867188,133.193115234375,131.7877655029297,132.46653747558594,103.03138732910156,3319167
2019-03-14,132.41873168945312,132.829833984375,131.988525390625,132.68641662597656,103.2024154663086,2864576
2019-03-15,133.2409210205078,134.15870666503906,133.10707092285156,133.29827880859375,103.67829895019531,7482770
2019-03-18,133.68069458007812,134.1969451904297,132.6195068359375,134.04397583007812,104.25830078125,3418851
2019-03-19,134.76100158691406,135.46844482421875,133.8432159423828,134.31166076660156,104.46651458740234,3642486
2019-03-20,134.3498992919922,134.51242065429688,132.86807250976562,133.46080017089844,103.80470275878906,3817377
2019-03-21,132.9827880859375,135.86997985839844,132.7724609375,135.21987915039062,105.17292022705078,3771248
2019-03-22,134.7705535888672,135.21987915039062,132.7915802001953,133.31739807128906,103.69315338134766,4055551
2019-03-25,132.94454956054688,133.75717163085938,132.26577758789062,133.0592803955078,103.4924087524414,2970431
2019-03-26,133.7762908935547,134.818359375,133.28871154785156,134.0535430908203,104.26573944091797,2671170
2019-03-27,134.2351837158203,134.31166076660156,132.31358337402344,133.11663818359375,103.53703308105469,3240717
2019-03-28,133.75717163085938,134.26385498046875,132.9827880859375,133.7667236328125,104.04266357421875,2786439
2019-03-29,134.32122802734375,135.0095672607422,133.9866180419922,134.89483642578125,104.92008972167969,3244064
2019-04-01,135.28680419921875,137.10325622558594,135.28680419921875,136.9980926513672,106.55597686767578,4167578
2019-04-02,137.04588317871094,137.6195068359375,136.32887268066406,136.71128845214844,106.33290100097656,2515421
2019-04-03,137.33270263671875,137.87762451171875,136.72084045410156,137.31358337402344,106.80138397216797,2804535
2019-04-04,137.30401611328125,137.8011474609375,136.27151489257812,136.50096130371094,106.16931915283203,2898571
2019-04-05,136.988525390625,137.18930053710938,136.1950225830078,136.97897338867188,106.54112243652344,2857463
2019-04-08,136.73040771484375,137.11280822753906,136.58700561523438,137.08413696289062,106.62290954589844,2215637
2019-04-09,136.38623046875,136.66348266601562,135.602294921875,135.8604278564453,105.671142578125,3178271
2019-04-10,135.9464569091797,137.18930053710938,135.73614501953125,136.73040771484375,106.34778594970703,2801188
2019-04-11,137.47610473632812,137.7724609375,136.73995971679688,137.4569854736328,106.91291809082031,3077332
2019-04-12,137.91586303710938,138.08795166015625,137.3804931640625,138.0019073486328,107.33673858642578,3032249
2019-04-15,138.04971313476562,138.10707092285156,136.9694061279297,137.5717010498047,107.00215911865234,3768947
2019-04-16,138.04971313476562,138.9961700439453,137.68641662597656,138.75717163085938,107.92417907714844,6591578
2019-04-17,131.32887268066406,135.73614501953125,130.26768493652344,132.9923553466797,103.44034576416016,13101882
2019-04-18,132.88719177246094,134.31166076660156,132.6003875732422,134.15870666503906,104.34754180908203,5188160
2019-04-22,133.28871154785156,134.3785858154297,132.3900604248047,132.7820281982422,103.27678680419922,4700724
2019-04-23,133.0305938720703,134.72274780273438,132.829833984375,134.26385498046875,104.42932891845703,4667461
2019-04-24,134.4168243408203,135.09559631347656,133.6328887939453,133.79541015625,104.06498718261719,2902545
2019-04-25,133.55641174316406,133.6042022705078,131.65391540527344,132.53346252441406,103.08345031738281,3043965
2019-04-26,133.2122344970703,133.73805236816406,132.70555114746094,133.30784606933594,103.68575286865234,2426511
2019-04-29,133.0305938720703,133.48948669433594,132.70555114746094,132.93499755859375,103.39575958251953,3094382
2019-04-30,132.9923553466797,134.26385498046875,132.58126831054688,134.10133361816406,104.30291748046875,4852185
2019-05-01,134.3690185546875,135.5736083984375,134.0057373046875,134.3785858154297,104.51856994628906,3194170
2019-05-02,134.32122802734375,135.06692504882812,133.27915954589844,133.4512481689453,103.79731750488281,3704304
2019-05-03,133.55641174316406,134.7992401123047,133.48948669433594,134.08221435546875,104.28804016113281,2698575
2019-05-06,132.2179718017578,134.50286865234375,131.8355712890625,134.2064971923828,104.38471221923828,2921792
2019-05-07,133.0305938720703,133.374755859375,130.2007598876953,131.58700561523438,102.3473129272461,4944233
2019-05-08,131.71128845214844,132.6003875732422,131.09942626953125,131.93116760253906,102.614990234375,3994569
2019-05-09,128.9579315185547,129.61758422851562,127.17973327636719,129.3881378173828,101.83246612548828,4385564
2019-05-10,128.94837951660156,129.78012084960938,126.5965576171875,129.3690185546875,101.81739807128906,4160570
2019-05-13,127.41873931884766,127.69598388671875,125.20076751708984,125.64053344726562,98.88298034667969,5186068
2019-05-14,126.02294158935547,128.41299438476562,125.88909912109375,127.44741821289062,100.30504608154297,3431298
2019-05-15,126.75907897949219,128.67112731933594,126.54875946044922,128.48948669433594,101.12519836425781,2668346
2019-05-16,128.8145294189453,130.12428283691406,128.71893310546875,129.90440368652344,102.23877716064453,3156096
2019-05-17,128.75717163085938,129.45506286621094,128.04971313476562,128.41299438476562,101.06498718261719,2739579
2019-05-20,127.65774536132812,129.47418212890625,127.0841293334961,129.17782592773438,101.66693115234375,3414667
2019-05-21,130.13385009765625,131.03250122070312,129.818359375,130.44932556152344,102.66765594482422,2618661
2019-05-22,130.0191192626953,130.73614501953125,129.7418670654297,130.35372924804688,102.59239959716797,1934891
2019-05-23,129.1873779296875,129.1873779296875,124.7036361694336,126.56787872314453,99.61282348632812,5589196
2019-05-24,127.65774536132812,128.34608459472656,125.80306243896484,126.46271514892578,99.53005981445312,2715521
2019-05-28,126.3193130493164,126.806884765625,124.54110717773438,124.7227554321289,98.1606674194336,5134605
2019-05-29,124.2829818725586,124.55066680908203,122.67686462402344,123.98661804199219,97.581298828125,3848234
2019-05-30,124.03441619873047,124.25430297851562,123.26004028320312,123.87189483642578,97.4909896850586,2868027
2019-05-31,122.79158782958984,122.79158782958984,121.2715072631836,121.40535736083984,95.54977416992188,3702108
2019-06-03,121.51051330566406,122.90631103515625,121.47227478027344,122.62906646728516,96.51283264160156,4463177
2019-06-04,123.86233520507812,126.9024887084961,123.41300201416016,126.85468292236328,99.83855438232422,4093521
2019-06-05,127.51434326171875,127.73422241210938,124.73231506347656,125.70745849609375,98.93565368652344,3306720
2019-06-06,126.37667083740234,126.81644439697266,125.14340209960938,126.40535736083984,99.48490905761719,2403917
2019-06-07,126.64435577392578,128.79541015625,126.39579010009766,127.44741821289062,100.30504608154297,2670856
2019-06-10,128.47036743164062,129.397705078125,128.02102661132812,128.8145294189453,101.3810043334961,3045220
2019-06-11,129.3690185546875,130.45889282226562,129.11090087890625,129.9713134765625,102.29144287109375,3564036
2019-06-12,129.5984649658203,129.96176147460938,128.49903869628906,128.93881225585938,101.47882843017578,2358416
2019-06-13,129.1873779296875,130.27725219726562,129.14913940429688,129.7896728515625,102.14847564697266,3091244
2019-06-14,129.48374938964844,129.90440368652344,128.51815795898438,129.2064971923828,101.68949890136719,2294192
2019-06-17,129.43594360351562,130.0478057861328,128.7762908935547,129.01528930664062,101.53900909423828,2295029
2019-06-18,129.25430297851562,131.1567840576172,129.25430297851562,130.38241577148438,102.61498260498047,3048776
2019-06-19,130.43020629882812,132.27532958984375,130.24856567382812,131.05162048339844,103.14165496826172,2491990
2019-06-20,132.8202667236328,133.4034423828125,132.12237548828125,132.74378967285156,104.47345733642578,3212266
2019-06-21,132.35182189941406,133.4034423828125,132.30401611328125,133.07839965820312,104.73680114746094,5531980
2019-06-24,133.07839965820312,133.9866180419922,132.93499755859375,133.2218017578125,104.84967041015625,2286556
2019-06-25,133.32696533203125,133.41299438476562,132.05545043945312,132.27532958984375,104.10477447509766,2930055
2019-06-26,132.76290893554688,133.53729248046875,132.32313537597656,132.4282989501953,104.22515869140625,2389692
2019-06-27,132.6195068359375,133.1739959716797,131.88336181640625,132.4282989501953,104.22515869140625,2248691
2019-06-28,132.47610473632812,133.02102661132812,131.7781982421875,131.8355712890625,103.75865936279297,6436979
2019-07-01,133.46080017089844,135.26768493652344,133.15487670898438,133.72848510742188,105.24844360351562,3533074
2019-07-02,133.6042022705078,134.25430297851562,133.33651733398438,134.0535430908203,105.50426483154297,2520546
2019-07-03,134.53155517578125,135.5831756591797,134.25430297851562,135.31549072265625,106.49747467041016,2019198
2019-07-05,134.67495727539062,135.26768493652344,133.75717163085938,135.1625213623047,106.37709045410156,2232896
2019-07-08,134.84703063964844,135.07647705078125,134.10133361816406,134.3881378173828,105.76761627197266,2505484
2019-07-09,134.4263916015625,134.7896728515625,133.011474609375,133.2026824951172,104.83460235595703,3519999
2019-07-10,133.8432159423828,135.66921997070312,133.64244079589844,134.29254150390625,105.69236755371094,2629539
2019-07-11,134.5984649658203,135.35372924804688,134.13002014160156,135.0286865234375,106.27173614501953,2231013
2019-07-12,135.67877197265625,136.63479614257812,135.43020629882812,136.46270751953125,107.400390625,2914365
2019-07-15,136.6061248779297,137.1988525390625,135.86997985839844,137.0172119140625,107.8367691040039,2477242
2019-07-16,136.87380981445312,137.70555114746094,136.73040771484375,137.2179718017578,107.99478149414062,3634536
2019-07-17,137.29444885253906,137.47610473632812,135.70745849609375,136.7781982421875,107.64866638183594,6343258
2019-07-18,136.2332763671875,143.69981384277344,135.9464569091797,143.04971313476562,112.58454132080078,13276460
2019-07-19,143.36520385742188,144.91395568847656,142.97323608398438,143.09751892089844,112.62215423583984,7626072
2019-07-22,143.55641174316406,145.2581329345703,143.11663818359375,143.15487670898438,112.66730499267578,4280860
2019-07-23,143.94837951660156,144.09178161621094,141.8546905517578,143.7667236328125,113.1488265991211,3914341
2019-07-24,143.51815795898438,144.7896728515625,142.6386260986328,143.43212890625,112.88550567626953,3088210
2019-07-25,143.23135375976562,143.9961700439453,142.07456970214844,143.7762908935547,113.15638732910156,3244797
2019-07-26,144.35946655273438,144.75143432617188,143.49903869628906,144.70362854003906,113.8862075805664,3037898
2019-07-29,144.46463012695312,144.818359375,143.70936584472656,144.24473571777344,113.52506256103516,2170973
2019-07-30,143.4034423828125,143.78585815429688,142.65774536132812,143.18356323242188,112.68989562988281,2753804
2019-07-31,143.11663818359375,143.57553100585938,139.9521942138672,141.72084045410156,111.53870391845703,3894153
2019-08-01,142.35182189941406,146.09942626953125,141.9694061279297,143.70936584472656,113.10369873046875,6635824
2019-08-02,142.47610473632812,146.2237091064453,139.1873779296875,140.77438354492188,110.79377746582031,8474378
2019-08-05,138.6042022705078,138.71893310546875,133.0305938720703,134.56979370117188,105.91058349609375,7442185
2019-08-06,135.783935546875,136.20458984375,133.18356323242188,134.54110717773438,105.88800811767578,5303952
2019-08-07,132.6386260986328,133.44168090820312,130.4110870361328,132.9923553466797,104.66908264160156,6204767
2019-08-08,132.3613739013672,134.24473571777344,131.70172119140625,133.93881225585938,106.65603637695312,5503111
2019-08-09,133.1453094482422,133.18356323242188,129.397705078125,130.14340209960938,103.63372802734375,5485852
2019-08-12,129.69407653808594,129.89483642578125,127.32313537597656,127.79158782958984,101.76097869873047,4271759
2019-08-13,127.9158706665039,130.56405639648438,126.96940612792969,129.818359375,103.3749008178711,4730117
2019-08-14,128.02102661132812,128.26004028320312,125.21988677978516,125.47801208496094,99.91865539550781,5349453
2019-08-15,125.44933319091797,126.54875946044922,124.52198791503906,126.11854553222656,100.42872619628906,3910889
2019-08-16,127.18929290771484,128.67112731933594,127.1032485961914,127.87763214111328,101.82948303222656,3150552
2019-08-19,128.94837951660156,130.33460998535156,128.94837951660156,129.10133361816406,102.80393981933594,3310695
2019-08-20,129.29254150390625,129.33078002929688,126.96940612792969,127.15105438232422,101.25090789794922,3157456
2019-08-21,129.0248565673828,129.96176147460938,127.9158706665039,128.34608459472656,102.20252227783203,2934762
2019-08-22,128.7667236328125,129.71319580078125,127.92543029785156,128.41299438476562,102.25580596923828,2818865
2019-08-23,127.75334930419922,128.3556365966797,123.16443634033203,123.87189483642578,98.63968658447266,5040046
2019-08-26,125.28680419921875,125.52581024169922,123.47992706298828,124.27342224121094,98.9594497680664,2964259
2019-08-27,125.43020629882812,125.90821838378906,124.57935333251953,125.40152740478516,99.85774993896484,4945488
2019-08-28,124.7036361694336,127.04589080810547,124.32122039794922,126.9216079711914,101.06820678710938,2838426
2019-08-29,128.27915954589844,129.72274780273438,128.1453094482422,128.94837951660156,102.68212127685547,3108503
2019-08-30,129.61758422851562,130.08604431152344,128.4512481689453,129.56979370117188,103.17696380615234,3096788
2019-09-03,128.91969299316406,128.96749877929688,127.46653747558594,128.2026824951172,102.08831787109375,2957983
2019-09-04,129.7418670654297,130.43020629882812,129.2064971923828,130.32504272460938,103.77837371826172,2351303
2019-09-05,132.2179718017578,135.46844482421875,131.97897338867188,134.7705535888672,107.31834411621094,5242134
2019-09-06,135.29637145996094,135.30592346191406,134.28298950195312,134.3881378173828,107.01382446289062,2695333
2019-09-09,134.4072723388672,136.73040771484375,134.28298950195312,136.32887268066406,108.55924987792969,4421024
2019-09-10,136.71128845214844,139.06309509277344,136.67303466796875,138.67112731933594,110.42440032958984,5208766
2019-09-11,138.47991943359375,138.73805236816406,136.4340362548828,137.28489685058594,109.3205337524414,4047706
2019-09-12,137.69598388671875,137.70555114746094,135.64053344726562,137.30401611328125,109.33576202392578,2620648
2019-09-13,137.97323608398438,138.28871154785156,136.95985412597656,137.35182189941406,109.37384033203125,2308104
2019-09-16,136.29063415527344,137.32313537597656,136.0133819580078,136.21414184570312,108.4678955078125,2017211
2019-09-17,136.21414184570312,136.21414184570312,134.47418212890625,135.9464569091797,108.25473022460938,3068127
2019-09-18,135.8030548095703,136.0420684814453,134.33078002929688,135.965576171875,108.26996612548828,2074846
2019-09-19,136.1950225830078,138.65200805664062,136.1854705810547,136.68260192871094,108.84092712402344,3232035
2019-09-20,136.95028686523438,137.50477600097656,135.5831756591797,135.64053344726562,108.01112365722656,5432296
2019-09-23,134.9808807373047,135.965576171875,134.3785858154297,135.82217407226562,108.15576934814453,1901523
2019-09-24,136.2332763671875,136.6061248779297,134.86614990234375,135.44932556152344,107.85887145996094,3380254
2019-09-25,135.50669860839844,137.31358337402344,134.66539001464844,136.86424255371094,108.98555755615234,2642928
2019-09-26,136.87380981445312,137.55258178710938,135.1912078857422,137.23709106445312,109.2824478149414,2416051
2019-09-27,138.0592803955078,138.70936584472656,136.11854553222656,136.9407196044922,109.04647827148438,2465213
2019-09-30,137.4091796875,140.12428283691406,137.4091796875,139.0248565673828,110.7060775756836,4171866
2019-10-01,139.1873779296875,140.86997985839844,137.2275390625,137.34225463867188,109.36621856689453,3096997
2019-10-02,135.93690490722656,136.0133819580078,134.3881378173828,135.45889282226562,107.8664779663086,3494477
2019-10-03,135.3919677734375,135.82217407226562,133.0592803955078,135.77438354492188,108.11770629882812,3063525
2019-10-04,135.8126220703125,136.76864624023438,134.82791137695312,136.70172119140625,108.85614776611328,2524626
2019-10-07,136.0038299560547,136.42446899414062,135.0095672607422,135.06692504882812,107.55435180664062,2538119
2019-10-08,134.07266235351562,134.29254150390625,132.170166015625,132.29444885253906,105.34661102294922,3373768
2019-10-09,133.62332153320312,134.15870666503906,132.68641662597656,133.52772521972656,106.32868957519531,2741357
2019-10-10,133.62332153320312,135.54493713378906,133.4225616455078,134.92352294921875,107.4401626586914,2713010
2019-10-11,136.49139404296875,138.1453094482422,136.3384246826172,136.48184204101562,108.68106079101562,3134653
2019-10-14,136.05162048339844,136.16635131835938,135.10516357421875,135.7935028076172,108.1329345703125,2415737
2019-10-15,136.27151489257812,137.3996124267578,135.5736083984375,136.71128845214844,108.86376190185547,3164673
2019-10-16,136.2237091064453,136.66348266601562,135.17208862304688,135.8604278564453,108.18622589111328,5577900
2019-10-17,129.06309509277344,130.0191192626953,127.06501007080078,128.3556365966797,102.21012878417969,16484751
2019-10-18,128.31739807128906,128.57553100585938,126.43403625488281,128.193115234375,102.08071899414062,7507665
2019-10-21,126.77820587158203,127.24665069580078,125.14340209960938,126.74951934814453,100.9311752319336,6596181
2019-10-22,126.72084045410156,128.15487670898438,125.82218170166016,128.06883239746094,101.98174285888672,4353034
2019-10-23,127.64818572998047,128.65200805664062,126.86424255371094,128.47036743164062,102.3014907836914,3777001
2019-10-24,128.90057373046875,129.13002014160156,127.43785858154297,128.1739959716797,102.06549072265625,2718031
2019-10-25,128.2218017578125,129.9521942138672,128.2026824951172,129.48374938964844,103.10844421386719,2697739
2019-10-28,130.0191192626953,130.6214141845703,129.49330139160156,129.9904327392578,103.51192474365234,3374501
2019-10-29,129.46463012695312,129.6080322265625,127.57170104980469,127.93498992919922,101.87516784667969,4352092
2019-10-30,127.94454956054688,129.33078002929688,127.34225463867188,129.30210876464844,102.96379852294922,2356638
2019-10-31,129.1682586669922,129.30210876464844,127.37093353271484,127.84894561767578,101.80664825439453,3569057
2019-11-01,128.5850830078125,129.5984649658203,128.193115234375,129.56979370117188,103.17696380615234,3231931
2019-11-04,130.24856567382812,131.68260192871094,130.23899841308594,131.6156768798828,104.80610656738281,3488828
2019-11-05,131.73995971679688,132.65774536132812,131.5774383544922,131.8260040283203,104.97358703613281,3153690
2019-11-06,131.93116760253906,132.67686462402344,131.50096130371094,132.67686462402344,105.65113830566406,4683256
2019-11-07,131.806884765625,133.02102661132812,131.52963256835938,131.63479614257812,106.05937194824219,4261195
2019-11-08,131.52963256835938,131.55831909179688,130.17208862304688,131.55831909179688,105.99775695800781,2383206
2019-11-11,131.16635131835938,131.16635131835938,129.06309509277344,129.51242065429688,104.34935760498047,2686128
2019-11-12,129.89483642578125,130.6501007080078,129.08221435546875,129.6271514892578,104.44181060791016,3186639
2019-11-13,129.43594360351562,129.61758422851562,127.96366882324219,128.5659637451172,103.58679962158203,3052646
2019-11-14,128.23135375976562,128.4225616455078,127.46653747558594,128.10707092285156,103.21705627441406,4425940
2019-11-15,128.47991943359375,129.17782592773438,128.13575744628906,128.48948669433594,103.52518463134766,3412575
2019-11-18,128.3938751220703,128.5659637451172,127.37093353271484,128.4034423828125,103.45585632324219,3358078
2019-11-19,128.94837951660156,129.4263916015625,128.54684448242188,128.6042022705078,103.61760711669922,3132770
2019-11-20,128.1644287109375,128.54684448242188,126.91204833984375,127.34225463867188,102.60084533691406,4328557
2019-11-21,127.53346252441406,128.26959228515625,127.13192749023438,127.95410919189453,103.09381866455078,3499184
2019-11-22,128.28871154785156,128.72848510742188,127.71510314941406,128.43212890625,103.47895812988281,3449185
2019-11-25,128.55641174316406,130.0191192626953,128.44168090820312,129.9904327392578,104.7344970703125,2709245
2019-11-26,130.1625213623047,130.1625213623047,128.8432159423828,129.14913940429688,104.0566635131836,3967687
2019-11-27,129.397705078125,129.7418670654297,127.74378967285156,127.88719177246094,103.03990936279297,3431821
2019-11-29,127.72466278076172,128.6042022705078,127.17973327636719,128.53729248046875,103.56369018554688,1909264
2019-12-02,128.53729248046875,128.5850830078125,126.65392303466797,127.06501007080078,102.37744903564453,3208187
2019-12-03,126.19503021240234,126.61567687988281,124.94264221191406,126.30975341796875,101.7689437866211,3810055
2019-12-04,127.01720428466797,127.8011474609375,126.15679168701172,126.18547058105469,101.66880798339844,3692380
2019-12-05,127.14149475097656,127.38050079345703,125.84130096435547,126.1089859008789,101.60719299316406,3760788
2019-12-06,126.91204833984375,128.0019073486328,126.86424255371094,127.36137390136719,102.61624908447266,3595625
2019-12-09,127.48565673828125,128.67112731933594,127.39962005615234,128.0305938720703,103.15543365478516,3105051
2019-12-10,128.0305938720703,128.91014099121094,127.6864242553711,128.02102661132812,103.14772033691406,3640498
2019-12-11,128.2122344970703,128.5946502685547,127.79158782958984,127.87763214111328,103.0322265625,4135152
2019-12-12,127.82026672363281,129.69407653808594,127.78202819824219,129.3690185546875,104.23383331298828,5046009
2019-12-13,128.8240966796875,129.54110717773438,128.11663818359375,128.30784606933594,103.37882232666016,2651610
2019-12-16,129.0057373046875,129.49330139160156,127.96366882324219,128.23135375976562,103.31716918945312,3189463
2019-12-17,128.374755859375,128.7667236328125,127.5908203125,128.31739807128906,103.38650512695312,3040931
2019-12-18,128.6328887939453,129.06309509277344,128.25047302246094,128.49903869628906,103.53286743164062,3244483
2019-12-19,128.54684448242188,128.8049774169922,128.28871154785156,128.64244079589844,103.64842224121094,4044359
2019-12-20,129.7705535888672,130.420654296875,129.01528930664062,129.6271514892578,104.44181060791016,7438943
2019-12-23,129.8087921142578,130.1625213623047,129.06309509277344,129.5889129638672,104.41100311279297,2932147
2019-12-24,129.64627075195312,129.6558380126953,128.69024658203125,129.04397583007812,103.97193145751953,1257397
2019-12-26,129.04397583007812,129.35946655273438,128.72848510742188,128.97705078125,103.91801452636719,2227666
2019-12-27,129.06309509277344,129.78012084960938,128.93881225585938,129.32122802734375,104.1953125,2878801
2019-12-30,129.25430297851562,129.3498992919922,126.67304229736328,126.96940612792969,102.30044555664062,4308369
2019-12-31,126.70172119140625,128.2218017578125,126.57743835449219,128.1453094482422,103.24787902832031,3951265
2020-01-02,129.06309509277344,129.94264221191406,128.8432159423828,129.46463012695312,104.31086730957031,3293436
2020-01-03,127.69598388671875,128.92926025390625,127.6864242553711,128.43212890625,103.47895812988281,2482890
2020-01-06,127.55258178710938,128.33651733398438,127.34225463867188,128.2026824951172,103.29409790039062,2537073
2020-01-07,127.81070709228516,129.0248565673828,127.53346252441406,128.28871154785156,103.36341857910156,3232977
2020-01-08,128.5946502685547,129.88528442382812,128.0305938720703,129.35946655273438,104.22612762451172,4545916
2020-01-09,129.7705535888672,130.77438354492188,129.35946655273438,130.72657775878906,105.32760620117188,3902208
2020-01-10,130.9751434326172,131.806884765625,130.31549072265625,130.67877197265625,105.28910064697266,3405148
2020-01-13,129.52198791503906,130.6309814453125,129.13002014160156,130.5927276611328,105.21977233886719,3693426
2020-01-14,130.28680419921875,131.10899353027344,129.5889129638672,129.84703063964844,104.61895751953125,3850326
2020-01-15,130.0191192626953,131.988525390625,129.7418670654297,130.6118621826172,105.23519897460938,4232011
2020-01-16,131.28106689453125,132.11280822753906,130.98471069335938,131.91204833984375,106.28277587890625,4519661
2020-01-17,130.53536987304688,132.2466583251953,130.17208862304688,132.2275390625,106.5369644165039,5881972
2020-01-21,131.74952697753906,133.2218017578125,131.5487518310547,133.04971313476562,107.19940185546875,7577329
2020-01-22,137.0172119140625,139.3785858154297,136.28106689453125,137.5621337890625,110.83511352539062,17228038
2020-01-23,137.85850524902344,138.0592803955078,135.89866638183594,136.58700561523438,110.04943084716797,5918059
2020-01-24,137.08413696289062,137.5908203125,134.28298950195312,134.3785858154297,108.27008819580078,5836889
2020-01-27,132.4091796875,133.91014099121094,132.02676391601562,132.52389526367188,106.77574157714844,4358264
2020-01-28,133.36520385742188,134.29254150390625,132.64817810058594,133.41299438476562,107.49209594726562,3610374
2020-01-29,133.04971313476562,133.44168090820312,131.5487518310547,131.63479614257812,106.05937194824219,3194275
2020-01-30,130.74569702148438,130.9464569091797,129.034423828125,130.75526428222656,105.3507308959961,5290563
2020-01-31,136.6156768798828,137.71510314941406,134.5984649658203,137.4091796875,110.71186828613281,19868352
2020-02-03,137.90631103515625,140.8030548095703,137.5717010498047,139.8374786376953,112.66836547851562,9295488
2020-02-04,141.28106689453125,142.81069946289062,140.420654296875,142.55258178710938,114.85596466064453,5879566
2020-02-05,143.6042022705078,150.51625061035156,143.54684448242188,149.45506286621094,120.41732788085938,15048593
2020-02-06,149.92352294921875,151.76864624023438,148.5850830078125,149.86614990234375,120.74858093261719,8786923
2020-02-07,147.7533416748047,148.69981384277344,146.1950225830078,146.66348266601562,119.4020767211914,6718876
2020-02-10,146.24282836914062,147.64817810058594,144.91395568847656,147.6386260986328,120.19596862792969,5480831
2020-02-11,148.29827880859375,148.3938751220703,146.0133819580078,146.73040771484375,119.4565658569336,4011515
2020-02-12,146.988525390625,148.75717163085938,146.76864624023438,148.47991943359375,120.8808822631836,4641939
2020-02-13,147.58126831054688,148.02102661132812,146.66348266601562,147.52389526367188,120.10254669189453,3996452
2020-02-14,147.62905883789062,147.76290893554688,143.18356323242188,144.07266235351562,117.29286193847656,6379763
2020-02-18,143.2026824951172,144.72274780273438,143.0592803955078,144.45506286621094,117.6041488647461,3496778
2020-02-19,144.87571716308594,145.2103271484375,143.69981384277344,144.22561645507812,117.41735076904297,2858613
2020-02-20,144.17782592773438,144.9521942138672,142.93499755859375,144.56979370117188,117.69754791259766,3013003
2020-02-21,144.397705078125,144.397705078125,142.29444885253906,143.25047302246094,116.62345123291016,3699597
2020-02-24,139.11090087890625,141.53919982910156,138.9866180419922,139.9904327392578,113.96937561035156,5703210
2020-02-25,140.06692504882812,140.602294921875,135.0478057861328,135.47801208496094,110.29572296142578,6497229
2020-02-26,136.6156768798828,137.72467041015625,133.46080017089844,133.6042022705078,108.77021789550781,5656663
2020-02-27,131.20458984375,132.5908203125,127.16061401367188,127.25621032714844,103.60216522216797,8808471
2020-02-28,124.26386260986328,125.3250503540039,120.80306243896484,124.42638397216797,101.29833984375,13607832
2020-03-02,125.0,128.52772521972656,122.32313537597656,128.3938751220703,104.52836608886719,8923844
2020-03-03,128.5659637451172,130.11471557617188,122.17973327636719,123.23136138916016,100.32544708251953,8259321
2020-03-04,125.79350280761719,128.374755859375,123.32695770263672,128.31739807128906,104.46610260009766,5226234
2020-03-05,124.76099395751953,126.47227478027344,122.8011474609375,123.85277557373047,100.83133697509766,5696725
2020-03-06,121.12810516357422,122.6864242553711,119.04397583007812,122.11280822753906,99.41481018066406,8570192
2020-03-09,114.87571716308594,117.02677154541016,112.12236785888672,112.62906646728516,91.69388580322266,11252345
2020-03-10,117.38050079345703,119.38814544677734,110.6692123413086,119.2829818725586,97.11099243164062,11935592
2020-03-11,115.68833923339844,117.18929290771484,111.26194763183594,112.78202819824219,91.81840515136719,8835039
2020-03-12,104.82791900634766,104.97132110595703,97.78202819824219,98.2887191772461,80.01907348632812,13088284
2020-03-13,103.90057373046875,104.35946655273438,96.37667083740234,103.20267486572266,84.01963806152344,13077197
2020-03-16,93.69024658203125,102.6864242553711,90.82218170166016,94.7227554321289,77.1159439086914,11054128
2020-03-17,96.18547058105469,102.67686462402344,92.82982635498047,101.95984649658203,83.00782775878906,9684182
2020-03-18,95.03823852539062,102.22753143310547,95.02867889404297,98.99617767333984,80.59502410888672,9176035
2020-03-19,97.82982635498047,99.13002014160156,93.91969299316406,95.9273452758789,78.09663391113281,8782739
2020-03-20,96.4818344116211,96.54875946044922,90.54492950439453,91.19503021240234,74.24394989013672,11031639
2020-03-23,90.43977355957031,93.44168090820312,86.57743835449219,90.602294921875,73.7613754272461,10176952
2020-03-24,95.59273529052734,101.37667083740234,94.89483642578125,100.84130096435547,82.09719848632812,8340699
2020-03-25,100.84130096435547,107.53346252441406,98.3078384399414,101.19503021240234,82.38516235351562,9052084
2020-03-26,102.20841217041016,108.17399597167969,100.9273452758789,107.92543029785156,87.86453247070312,7482561
2020-03-27,103.80496978759766,106.5965576171875,102.9158706665039,103.27915954589844,84.08190155029297,6718458
2020-03-30,103.33651733398438,108.4703598022461,103.06883239746094,107.96366882324219,87.89566040039062,5820467
2020-03-31,107.07456970214844,108.80496978759766,105.3250503540039,106.05162811279297,86.33905029296875,6635092
2020-04-01,101.68260192871094,105.08604431152344,99.92351531982422,100.51625061035156,81.83256530761719,6394093
2020-04-02,100.73613739013672,105.46845245361328,100.51625061035156,105.16252136230469,85.61520385742188,6619820
2020-04-03,104.13002014160156,105.22944641113281,100.30592346191406,101.66348266601562,82.76654815673828,4747585
2020-04-06,105.49713134765625,110.54492950439453,105.28680419921875,109.77055358886719,89.36669921875,7357773
2020-04-07,113.57552337646484,114.31166076660156,109.818359375,109.8852767944336,89.46009826660156,5852684
2020-04-08,111.19503021240234,114.68450927734375,110.00955963134766,114.04397583007812,92.84578704833984,5395896
2020-04-09,115.181640625,117.51434326171875,114.8852767944336,116.15679168701172,94.56587982177734,5832705
2020-04-13,116.28107452392578,116.44359588623047,112.84894561767578,115.82218170166016,94.29345703125,5355206
2020-04-14,118.03059387207031,119.6749496459961,117.22753143310547,118.46080017089844,96.44161987304688,5322780
2020-04-15,113.88145446777344,114.9043960571289,111.62523651123047,113.4703598022461,92.37879943847656,5896616
2020-04-16,113.77629089355469,114.48374938964844,109.38814544677734,110.64053344726562,90.07496643066406,6754650
2020-04-17,114.05353546142578,115.0956039428711,112.73422241210938,114.83747863769531,93.4917984008789,5194436
2020-04-20,113.9101333618164,117.45697784423828,112.94454956054688,115.1147232055664,93.71751403808594,8558058
2020-04-21,108.98661804199219,111.99808502197266,107.13192749023438,111.62523651123047,90.87663269042969,15009054
2020-04-22,114.59847259521484,115.03823852539062,112.38050079345703,114.06309509277344,92.8613510131836,7412479
2020-04-23,114.31166076660156,117.61949920654297,113.88145446777344,116.01338195800781,94.44912719726562,7198154
2020-04-24,117.02677154541016,119.50286865234375,115.44933319091797,119.23518371582031,97.07207489013672,5215251
2020-04-27,120.03823852539062,121.40535736083984,119.95220184326172,120.38240814208984,98.00605010986328,5150295
2020-04-28,122.39962005615234,122.56214141845703,119.86615753173828,120.7170181274414,98.2784652709961,4997893
2020-04-29,123.21223449707031,123.62332916259766,121.9216079711914,123.03059387207031,100.16199493408203,5499450
2020-04-30,120.95602416992188,121.67304229736328,119.71319580078125,120.03823852539062,97.7258529663086,6941047
2020-05-01,117.77246856689453,118.04015350341797,116.05162811279297,116.51051330566406,94.8538589477539,5152073
2020-05-04,115.5066909790039,116.60611724853516,114.13957977294922,116.32887268066406,94.70597076416016,4202723
2020-05-05,117.96366882324219,118.85277557373047,117.0841293334961,117.18929290771484,95.4064712524414,4078772
2020-05-06,117.82026672363281,118.59464263916016,117.02677154541016,117.75334930419922,95.86566162109375,4042372
2020-05-07,117.57170104980469,117.83938598632812,115.53536987304688,115.8986587524414,95.62114715576172,4615580
2020-05-08,117.27533721923828,117.81070709228516,115.73613739013672,117.58126068115234,97.00936126708984,5232615
2020-05-11,116.45315551757812,118.02103424072266,115.36328887939453,117.1988525390625,96.69387817382812,3697924
2020-05-12,117.60037994384766,118.85277557373047,114.97132110595703,114.97132110595703,94.85606384277344,5004587
2020-05-13,114.6749496459961,114.71319580078125,109.79923248291016,110.64053344726562,91.28298950195312,6153409
2020-05-14,109.53154754638672,111.94072723388672,106.8929214477539,111.806884765625,92.24526977539062,5501332
2020-05-15,110.83174133300781,112.22753143310547,110.181640625,111.83556365966797,92.2689437866211,5006470
2020-05-18,114.6080322265625,116.97896575927734,114.48374938964844,116.21414947509766,95.8814468383789,4399162
2020-05-19,115.86042022705078,116.79732513427734,114.85659790039062,115.0,94.87971496582031,3390191
2020-05-20,115.61185455322266,117.0841293334961,115.2963638305664,116.04206848144531,95.73945617675781,4017372
2020-05-21,115.6692123413086,116.36711120605469,113.73805236816406,113.88145446777344,93.95685577392578,4184941
2020-05-22,114.1204605102539,114.216064453125,112.41873931884766,113.18355560302734,93.38107299804688,4373117
2020-05-26,115.96558380126953,117.22753143310547,115.68833923339844,116.40535736083984,96.0392074584961,5720888
2020-05-27,118.48948669433594,120.2963638305664,118.04015350341797,120.01911926269531,99.02069091796875,5990965
2020-05-28,121.29063415527344,121.38623046875,118.75717163085938,119.05353546142578,98.22405242919922,4095404
2020-05-29,118.23136138916016,119.62715148925781,116.86424255371094,119.40726470947266,98.51589965820312,8294675
2020-06-01,119.15869903564453,120.21988677978516,118.57552337646484,119.397705078125,98.50800323486328,3003798
2020-06-02,120.14340209960938,120.45889282226562,119.17781829833984,120.45889282226562,99.383544921875,3115093
2020-06-03,121.55831909179688,123.90057373046875,121.4149169921875,123.37476348876953,101.78923797607422,4097914
2020-06-04,122.16061401367188,123.27915954589844,121.43403625488281,123.22179412841797,101.66304016113281,4042581
2020-06-05,128.0019073486328,128.32696533203125,125.95602416992188,126.25238800048828,104.16340637207031,6163764
2020-06-08,126.45315551757812,129.90440368652344,126.45315551757812,129.78012084960938,107.07392883300781,5617543
2020-06-09,127.64818572998047,127.72466278076172,125.25812530517578,126.07074737548828,104.0135498046875,5641706
2020-06-10,126.33843231201172,126.4149169921875,124.09178161621094,124.15869903564453,102.43602752685547,4952601
2020-06-11,120.4875717163086,120.55449676513672,112.65774536132812,112.82026672363281,93.08135223388672,12304726
2020-06-12,115.91778564453125,117.7055435180664,114.03441619873047,116.54875946044922,96.15750885009766,6506434
2020-06-15,113.94837188720703,116.988525390625,113.08795166015625,116.3001937866211,95.95244598388672,5385959
2020-06-16,119.50286865234375,121.8929214477539,117.74378967285156,119.64627075195312,98.71307373046875,5864608
2020-06-17,120.2963638305664,120.6978988647461,117.97322845458984,118.69024658203125,97.92433166503906,3302013
2020-06-18,117.5908203125,118.92925262451172,116.95028686523438,118.6998062133789,97.93221282958984,2997208
2020-06-19,120.62141418457031,121.24282836914062,116.8738021850586,117.0841293334961,96.59921264648438,8471554
2020-06-22,116.74951934814453,117.11280822753906,115.22944641113281,115.74569702148438,95.49493408203125,4993081
2020-06-23,116.64435577392578,117.4952163696289,113.98661804199219,114.15869903564453,94.18561553955078,6937700
2020-06-24,113.11663818359375,113.11663818359375,110.783935546875,111.3001937866211,91.82721710205078,7061546
2020-06-25,111.62523651123047,113.96749877929688,110.9942626953125,113.79541015625,93.8858871459961,6412608
2020-06-26,113.05927276611328,113.75717163085938,111.14722442626953,112.03633117675781,92.43457794189453,11244605
2020-06-29,112.79158782958984,114.5124282836914,112.20841217041016,114.48374938964844,94.45378875732422,4350837
2020-06-30,113.94837188720703,115.86997985839844,113.76673126220703,115.45889282226562,95.2583236694336,4099797
2020-07-01,114.98088073730469,115.8986587524414,113.16443634033203,113.32695770263672,93.49938201904297,4869967
2020-07-02,114.42638397216797,116.08030700683594,114.01529693603516,114.43594360351562,94.41436004638672,3919362
2020-07-06,115.91778564453125,116.49139404296875,114.20649719238281,114.9043960571289,94.80081939697266,4231488
2020-07-07,113.76673126220703,114.25430297851562,112.17017364501953,112.4091796875,92.74217987060547,4474893
2020-07-08,112.86807250976562,113.42256164550781,111.35755157470703,112.53346252441406,92.8447265625,5431669
2020-07-09,112.81070709228516,112.81070709228516,110.13384246826172,110.62141418457031,91.26719665527344,4982098
2020-07-10,110.42064666748047,113.35564422607422,110.21988677978516,113.14531707763672,93.34954071044922,4482842
2020-07-13,114.5124282836914,115.6692123413086,113.44168090820312,113.95793151855469,94.01998138427734,4864632
2020-07-14,113.4034423828125,115.57361602783203,112.73422241210938,115.2963638305664,95.12423706054688,4742982
2020-07-15,117.01720428466797,118.50860595703125,116.77820587158203,117.5908203125,97.01725769042969,4679176
2020-07-16,117.28489685058594,119.0057373046875,116.78776550292969,118.55640411376953,97.81388854980469,4530121
2020-07-17,118.91969299316406,120.10516357421875,117.78202819824219,119.6080322265625,98.68153381347656,4167892
2020-07-20,120.52581024169922,121.4818344116211,119.63671112060547,120.8126220703125,99.67537689208984,10384374
2020-07-21,125.3919677734375,126.35755157470703,120.26768493652344,120.51625061035156,99.43084716796875,16063004
2020-07-22,120.36328887939453,123.77629089355469,120.26768493652344,123.011474609375,101.48950958251953,8572388
2020-07-23,123.42256164550781,123.6806869506836,121.55831909179688,121.73040008544922,100.43256378173828,4414225
2020-07-24,120.91778564453125,122.03633117675781,119.98088073730469,120.25812530517578,99.21788024902344,3693531
2020-07-27,119.36902618408203,120.76481628417969,119.22562408447266,120.65965270996094,99.54916381835938,3905136
2020-07-28,120.28680419921875,120.783935546875,118.69024658203125,118.99617767333984,98.17672729492188,4370397
2020-07-29,119.08221435546875,120.44933319091797,118.61376953125,119.80879211425781,98.84716796875,2963109
2020-07-30,118.26959991455078,118.45124053955078,116.29063415527344,117.4952163696289,96.93836975097656,4171553
2020-07-31,117.3135757446289,117.58126068115234,115.76481628417969,117.53346252441406,96.96992492675781,5519847
2020-08-03,118.06883239746094,118.93881225585938,116.77820587158203,118.84320831298828,98.05052947998047,3688301
2020-08-04,118.37476348876953,120.3250503540039,118.37476348876953,120.30592346191406,99.25731658935547,3625541
2020-08-05,121.15679168701172,121.17591094970703,119.13002014160156,119.93307495117188,98.94970703125,3786102
2020-08-06,119.50286865234375,120.70745849609375,119.50286865234375,120.57361602783203,99.47819519042969,3574287
2020-08-07,118.06883239746094,119.56979370117188,117.79158782958984,119.46463012695312,99.853759765625,3818946
2020-08-10,119.9043960571289,121.64435577392578,119.6749496459961,121.52007293701172,101.57179260253906,4150842
2020-08-11,123.0975112915039,124.73231506347656,121.04206848144531,121.17591094970703,101.28411865234375,5231255
2020-08-12,121.99808502197266,122.17017364501953,120.34416961669922,121.12810516357422,101.24415588378906,3692066
2020-08-13,120.42064666748047,120.83174133300781,119.2829818725586,119.53154754638672,99.9096908569336,3317180
2020-08-14,118.73805236816406,120.03823852539062,118.46080017089844,119.76099395751953,100.1014633178711,3099716
2020-08-17,119.74187469482422,120.06692504882812,118.93881225585938,118.96749877929688,99.438232421875,3514665
2020-08-18,119.50286865234375,119.98088073730469,118.77629089355469,119.42638397216797,99.82179260253906,3014990
2020-08-19,119.34034729003906,119.98088073730469,118.06883239746094,118.39388275146484,98.95878601074219,3916119
2020-08-20,117.78202819824219,118.5850830078125,117.4091796875,117.73422241210938,98.40739440917969,2679015
2020-08-21,117.60037994384766,118.04971313476562,116.93116760253906,117.74378967285156,98.4154052734375,3540815
2020-08-24,118.34607696533203,120.51625061035156,117.93498992919922,120.15296173095703,100.4291000366211,4258057
2020-08-25,120.45889282226562,121.24282836914062,119.01529693603516,119.15869903564453,99.59803771972656,3114674
2020-08-26,119.45507049560547,119.61759185791016,118.4990463256836,118.70936584472656,99.22247314453125,3544162
2020-08-27,119.1204605102539,119.59847259521484,118.52772521972656,119.16825866699219,99.60604095458984,3580144
2020-08-28,119.46463012695312,119.7896728515625,118.75717163085938,119.56979370117188,99.94165802001953,3242182
2020-08-31,119.74187469482422,119.74187469482422,117.61949920654297,117.88719177246094,98.53527069091797,5049983
2020-09-01,117.44741821289062,118.4990463256836,116.77820587158203,117.97322845458984,98.60716247558594,3300444
2020-09-02,118.27915954589844,123.04015350341797,118.14531707763672,122.54302215576172,102.42681121826172,6895650
2020-09-03,122.55258178710938,124.23518371582031,118.21223449707031,118.97705841064453,99.44622039794922,5979773
2020-09-04,118.88145446777344,119.83747863769531,115.90821838378906,116.9216079711914,97.72819519042969,6295037
2020-09-08,116.78776550292969,117.46653747558594,115.40152740478516,115.8795394897461,96.857177734375,5449974
2020-09-09,116.75907897949219,118.26004028320312,115.95602416992188,116.88336181640625,97.69620513916016,3944152
2020-09-10,117.14149475097656,118.14531707763672,114.95220184326172,115.25812530517578,96.33776092529297,4161406
2020-09-11,116.05162811279297,117.30401611328125,115.42064666748047,116.11854553222656,97.05693817138672,3711313
2020-09-14,116.97896575927734,117.95410919189453,116.40535736083984,116.72084045410156,97.56039428710938,3809009
2020-09-15,117.41873931884766,117.97322845458984,116.86424255371094,117.05545043945312,97.8400650024414,3049299
2020-09-16,117.3135757446289,120.28680419921875,117.3135757446289,118.75717163085938,99.26241302490234,3962666
2020-09-17,117.22753143310547,120.02867889404297,116.60611724853516,119.42638397216797,99.82179260253906,3317180
2020-09-18,118.79541015625,119.42638397216797,117.25621032714844,117.36137390136719,98.09576416015625,5639614
2020-09-21,115.181640625,115.3919677734375,113.36520385742188,114.96176147460938,96.09005737304688,5555724
2020-09-22,115.03823852539062,116.1089859008789,114.27342224121094,115.2103271484375,96.2978286743164,3093859
2020-09-23,115.4875717163086,116.24282836914062,113.22179412841797,113.60420989990234,94.95535278320312,4120612
2020-09-24,112.90631103515625,114.26386260986328,111.35755157470703,112.8967514038086,94.36402130126953,3709325
2020-09-25,112.42829895019531,114.15869903564453,111.79732513427734,113.71892547607422,95.05125427246094,3089570
2020-09-28,115.26768493652344,116.95028686523438,115.1147232055664,116.37667083740234,97.272705078125,3670623
2020-09-29,116.07074737548828,116.81644439697266,114.92351531982422,115.62141418457031,96.64142608642578,2203504
2020-09-30,116.04206848144531,117.5047836303711,115.4875717163086,116.3193130493164,97.22476959228516,3411111
2020-10-01,116.97896575927734,117.87763214111328,115.06692504882812,115.76481628417969,96.76128387451172,3359438
2020-10-02,113.80496978759766,116.39579010009766,113.59464263916016,115.26768493652344,96.34576416015625,3059759
2020-10-05,116.4818344116211,117.35181427001953,115.72657775878906,116.64435577392578,97.49644470214844,3190823
2020-10-06,117.18929290771484,119.34034729003906,116.24282836914062,116.60611724853516,97.46449279785156,4050426
2020-10-07,117.27533721923828,118.91969299316406,116.94072723388672,118.61376953125,99.142578125,2944908
2020-10-08,125.10516357421875,129.54110717773438,124.06309509277344,125.70745849609375,105.07177734375,26452189
2020-10-09,126.19503021240234,126.19503021240234,121.988525390625,122.17017364501953,102.11517333984375,8737970
2020-10-12,122.43785858154297,122.60993957519531,120.8795394897461,121.61567687988281,101.6517105102539,4848315
2020-10-13,121.00382232666016,121.55831909179688,118.98661804199219,119.59847259521484,99.96560668945312,5654781
2020-10-14,119.62715148925781,121.35755157470703,119.62715148925781,120.40152740478516,100.63684844970703,3899593
2020-10-15,118.62332916259766,119.71319580078125,118.4034423828125,119.397705078125,99.79781341552734,3541024
2020-10-16,119.66539001464844,120.86997985839844,119.17781829833984,120.3919677734375,100.62886810302734,4927078
2020-10-19,121.22370910644531,121.74951934814453,119.57935333251953,120.0,100.30123138427734,7822720
2020-10-20,114.53154754638672,114.86615753173828,111.70172119140625,112.20841217041016,93.78868103027344,22490151
2020-10-21,111.5296401977539,112.51434326171875,109.74187469482422,110.0,91.94281005859375,10204044
2020-10-22,109.94264221191406,110.95602416992188,108.011474609375,110.6692123413086,92.50215911865234,8217167
2020-10-23,111.37667083740234,111.49139404296875,110.44933319091797,110.8986587524414,92.6939468383789,4072496
2020-10-26,109.41682434082031,109.84703826904297,106.9216079711914,107.28489685058594,89.67340850830078,7534756
2020-10-27,107.21797180175781,107.28489685058594,105.19120788574219,105.6978988647461,88.346923828125,6209161
2020-10-28,103.88145446777344,104.9043960571289,101.26194763183594,101.95984649658203,85.22250366210938,9860956
2020-10-29,102.53346252441406,104.818359375,101.86424255371094,104.1204605102539,87.0284194946289,7071169
2020-10-30,103.15487670898438,106.88336181640625,103.011474609375,106.74951934814453,89.22591400146484,8285889
2020-11-02,107.69598388671875,108.82408905029297,107.3135757446289,107.94454956054688,90.22476196289062,5555829
2020-11-03,108.98661804199219,110.56405639648438,108.63288879394531,109.13957977294922,91.2236099243164,4397698
2020-11-04,107.39006042480469,108.90057373046875,106.2715072631836,106.97896575927734,89.41769409179688,6066905
2020-11-05,108.31739807128906,110.21988677978516,108.04015350341797,109.7227554321289,91.71106719970703,5127701
2020-11-06,110.01911926269531,110.03823852539062,108.4034423828125,109.02485656738281,91.12774658203125,5490663
2020-11-09,112.69598388671875,114.47418975830078,110.20076751708984,110.44933319091797,93.65705108642578,9405841
2020-11-10,111.55831909179688,112.97322845458984,111.13766479492188,112.72466278076172,95.58644104003906,5881449
2020-11-11,112.92543029785156,113.14531707763672,111.1089859008789,112.04589080810547,95.01085662841797,4486922
2020-11-12,110.54492950439453,111.25238800048828,108.48948669433594,109.46463012695312,92.82205200195312,6797117
2020-11-13,110.12428283691406,112.20841217041016,109.95220184326172,111.7112808227539,94.72711181640625,4898000
2020-11-16,113.0975112915039,113.33651733398438,111.96940612792969,113.15487670898438,95.95124816894531,5536896
2020-11-17,112.42829895019531,113.32695770263672,111.9216079711914,112.5239028930664,95.41618347167969,4324687
2020-11-18,112.54302215576172,113.65200805664062,111.61567687988281,111.63479614257812,94.66226196289062,4818713
2020-11-19,111.4149169921875,112.28489685058594,110.79350280761719,112.02677154541016,94.9946517944336,3597822
2020-11-20,112.42829895019531,112.84894561767578,111.55831909179688,111.79732513427734,94.80009460449219,5255418
2020-11-23,112.26577758789062,115.21988677978516,112.11280822753906,114.80879211425781,97.35371398925781,5910318
2020-11-24,115.54492950439453,119.24474334716797,115.49713134765625,118.94837188720703,100.8639144897461,8109115
2020-11-25,117.5239028930664,118.86233520507812,116.73995971679688,118.73805236816406,100.68556213378906,4326151
2020-11-27,118.73805236816406,119.79923248291016,118.46080017089844,118.88145446777344,100.80718231201172,2187395
2020-11-30,118.64244842529297,119.50286865234375,117.67686462402344,118.08795166015625,100.13432312011719,6263448
2020-12-01,118.45124053955078,120.2963638305664,117.66730499267578,117.74378967285156,99.84247589111328,5553319
2020-12-02,117.44741821289062,119.15869903564453,117.02677154541016,119.13957977294922,101.02605438232422,3860472
2020-12-03,118.6998062133789,119.36902618408203,117.86807250976562,118.17399597167969,100.207275390625,4757417
2020-12-04,118.5181655883789,121.77820587158203,118.20267486572266,121.60611724853516,103.11759185791016,5776849
2020-12-07,120.9273452758789,121.38623046875,119.09178161621094,119.216064453125,101.09090423583984,8701151
2020-12-08,119.80879211425781,120.77437591552734,119.15869903564453,120.181640625,101.90967559814453,5643170
2020-12-09,120.26768493652344,122.07456970214844,120.17208099365234,121.21414947509766,102.78520965576172,6813121
2020-12-10,120.79350280761719,121.34799194335938,119.44550323486328,119.46463012695312,101.30168914794922,5024147
2020-12-11,118.62332916259766,119.99044036865234,118.17399597167969,118.80496978759766,100.74232482910156,4687544
2020-12-14,119.80879211425781,120.68833923339844,118.04015350341797,118.0975112915039,100.14240264892578,5282300
2020-12-15,118.91969299316406,120.3919677734375,118.011474609375,120.3919677734375,102.0880355834961,4556585
2020-12-16,120.3919677734375,121.00382232666016,119.78011322021484,120.02867889404297,101.77997589111328,4738485
2020-12-17,120.53536987304688,120.54492950439453,119.41682434082031,120.02867889404297,101.77997589111328,3962248
2020-12-18,120.06692504882812,120.84130096435547,119.47418975830078,120.31549072265625,102.02317810058594,7900229
2020-12-21,118.5181655883789,118.71892547607422,116.36711120605469,117.96366882324219,100.02891540527344,6397022
2020-12-22,117.88719177246094,118.75717163085938,117.02677154541016,118.17399597167969,100.207275390625,4535561
2020-12-23,118.43212127685547,119.7036361694336,118.29827880859375,118.45124053955078,100.4423599243164,2817819
2020-12-24,119.50286865234375,119.59847259521484,118.74761199951172,119.20649719238281,101.08280181884766,1842111
2020-12-28,119.59847259521484,121.03250122070312,118.98661804199219,119.3307876586914,101.18819427490234,3781499
2020-12-29,119.83747863769531,119.96176147460938,117.82026672363281,118.35564422607422,100.3613052368164,3647402
2020-12-30,118.35564422607422,119.35946655273438,118.193115234375,118.87189483642578,100.799072265625,3535794
2020-12-31,118.75717163085938,120.4875717163086,118.53728485107422,120.34416961669922,102.04750061035156,3738822
2021-01-04,120.31549072265625,120.38240814208984,117.62906646728516,118.48948669433594,100.47479248046875,5417443
2021-01-05,119.5124282836914,121.1089859008789,119.13002014160156,120.59273529052734,102.2582778930664,6395872
2021-01-06,121.3193130493164,126.08030700683594,121.14722442626953,123.60420989990234,104.8119125366211,8322708
2021-01-07,124.32122039794922,124.7227554321289,122.61949920654297,123.31739807128906,104.56869506835938,4714740
2021-01-08,122.9158706665039,123.63288879394531,121.39579010009766,122.87763214111328,104.19579315185547,4891305
2021-01-11,122.32313537597656,123.97705841064453,122.04589080810547,122.92543029785156,104.23632049560547,5859587
2021-01-12,123.41300201416016,124.13957977294922,122.3135757446289,123.52772521972656,104.74703979492188,3921663
2021-01-13,123.4703598022461,124.04397583007812,120.8986587524414,121.33843231201172,102.8906021118164,8030874
2021-01-14,122.39006042480469,124.43594360351562,121.94072723388672,123.29827880859375,104.5524673461914,7848347
2021-01-15,122.63862609863281,123.55640411376953,122.05545043945312,122.74378967285156,104.08230590820312,5131153
2021-01-19,123.59464263916016,123.8910140991211,122.45697784423828,123.34607696533203,104.593017578125,5646308
2021-01-20,123.99617767333984,125.2963638305664,122.90631103515625,124.35946655273438,105.45233154296875,5856240
2021-01-21,124.397705078125,126.42447662353516,124.3307876586914,125.86042022705078,106.72509002685547,13116003
2021-01-22,115.3919677734375,115.3919677734375,112.1988525390625,113.39388275146484,96.1539077758789,39814421
2021-01-25,113.53728485107422,114.2829818725586,112.28489685058594,113.36520385742188,96.12958526611328,14315974
2021-01-26,113.93881225585938,117.1988525390625,113.21223449707031,117.1032485961914,99.29931640625,11186656
2021-01-27,116.7112808227539,119.3021011352539,116.2715072631836,117.0841293334961,99.28311157226562,12705239
2021-01-28,117.39962005615234,117.78202819824219,114.7896728515625,114.79923248291016,97.34558868408203,8455969
2021-01-29,114.93307495117188,115.96558380126953,113.67112731933594,113.87189483642578,96.55924224853516,12369473
2021-02-01,114.62715148925781,115.63097381591797,113.50860595703125,115.23900604248047,97.71851348876953,6538023
2021-02-02,114.11090087890625,115.67877960205078,114.03441619873047,114.1873779296875,96.82676696777344,6633627
2021-02-03,113.80496978759766,114.53154754638672,112.92543029785156,113.88145446777344,96.56733703613281,7024308
2021-02-04,114.63671112060547,115.77437591552734,113.64244842529297,115.6978988647461,98.1076431274414,4771957
2021-02-05,115.67877960205078,116.45315551757812,115.21988677978516,116.43403625488281,98.73184967041016,4775722
2021-02-08,117.22753143310547,118.52772521972656,117.01720428466797,118.17399597167969,100.207275390625,6158848
2021-02-09,116.53919982910156,117.20841217041016,115.72657775878906,116.73040008544922,100.30584716796875,4933982
2021-02-10,117.61949920654297,117.98279571533203,115.8795394897461,116.86424255371094,100.42086029052734,5090673
2021-02-11,116.63479614257812,116.83556365966797,115.3250503540039,115.59273529052734,99.32826232910156,5629154
2021-02-12,115.67877960205078,116.02294158935547,114.80879211425781,115.4875717163086,99.23788452148438,4049275
2021-02-16,114.86615753173828,115.2963638305664,114.11090087890625,114.7896728515625,98.63819122314453,6945231
2021-02-17,114.02485656738281,115.25812530517578,113.78585052490234,114.69407653808594,98.55604553222656,4141219
2021-02-18,115.20076751708984,115.62141418457031,114.43594360351562,115.42064666748047,99.18038940429688,5646413
2021-02-19,115.43977355957031,115.44933319091797,113.17399597167969,113.75717163085938,97.75096130371094,6881320
2021-02-22,113.2887191772461,115.80306243896484,113.23136138916016,115.54492950439453,99.28718566894531,6149643
2021-02-23,115.602294921875,116.01338195800781,114.53154754638672,115.40152740478516,99.16395568847656,4739740
2021-02-24,115.4875717163086,118.05927276611328,115.21988677978516,117.79158782958984,101.21773529052734,6087720
2021-02-25,117.94454956054688,118.88145446777344,116.95984649658203,117.0841293334961,100.60981750488281,5953623
2021-02-26,116.8738021850586,116.8738021850586,113.65200805664062,113.6998062133789,97.7016830444336,9467346
2021-03-01,115.05735778808594,116.94072723388672,114.58891296386719,115.43020629882812,99.18860626220703,5977367
2021-03-02,115.43020629882812,116.53919982910156,114.97132110595703,115.03823852539062,98.85179138183594,4732418
2021-03-03,115.20076751708984,117.23709106445312,114.7036361694336,116.97896575927734,100.51945495605469,7744898
2021-03-04,116.63479614257812,117.8011474609375,113.53728485107422,114.82791900634766,98.67105102539062,8439651
2021-03-05,115.33460998535156,118.3078384399414,114.96176147460938,117.42829895019531,100.90554809570312,7268968
2021-03-08,117.58126068115234,121.2715072631836,117.4760971069336,119.32122039794922,102.53213500976562,7572203
2021-03-09,119.8852767944336,120.86997985839844,118.6998062133789,118.71892547607422,102.01457977294922,5867014
2021-03-10,119.55066680908203,122.60037994384766,119.13002014160156,122.24665069580078,105.04595184326172,7581199
2021-03-11,122.45697784423828,122.98279571533203,121.20458984375,121.54875946044922,104.44623565673828,5383657
2021-03-12,121.5965576171875,122.06501007080078,121.04206848144531,121.99808502197266,104.83234405517578,4194565
2021-03-15,122.15105438232422,123.08795166015625,121.93116760253906,122.92543029785156,105.62921142578125,3577948
2021-03-16,122.63862609863281,122.86807250976562,121.73995971679688,122.60037994384766,105.34990692138672,4867247
2021-03-17,122.81070709228516,123.79541015625,121.88336181640625,123.35564422607422,105.99890899658203,4488804
2021-03-18,123.26959991455078,125.23900604248047,122.17017364501953,124.34034729003906,106.84503936767578,6104142
2021-03-19,124.3021011352539,124.7036361694336,122.87763214111328,123.23136138916016,105.89209747314453,10297870
2021-03-22,122.84894561767578,124.97132110595703,122.26577758789062,124.80879211425781,107.24756622314453,4356485
2021-03-23,124.7036361694336,125.77437591552734,124.09178161621094,124.7227554321289,107.17364501953125,4556794
2021-03-24,125.19120788574219,126.3001937866211,124.82791900634766,124.87571716308594,107.30506896972656,4189230
2021-03-25,124.59847259521484,127.38050079345703,124.06309509277344,127.21797180175781,109.3177719116211,5809484
2021-03-26,127.42829895019531,130.47801208496094,127.26577758789062,130.38241577148438,112.03694915771484,5823710
2021-03-29,130.0,131.0420684814453,129.55067443847656,129.88528442382812,111.6097640991211,4835344
2021-03-30,129.88528442382812,130.27725219726562,128.12619018554688,128.79541015625,110.67325592041016,5010758
2021-03-31,128.62332153320312,128.78585815429688,126.8738021850586,127.39962005615234,109.4738540649414,5172575
2021-04-01,127.87763214111328,128.04014587402344,126.45315551757812,127.37093353271484,109.44921112060547,4261404
2021-04-05,127.76290893554688,130.67877197265625,127.53346252441406,129.9521942138672,111.66727447509766,5722980
2021-04-06,129.61758422851562,129.67495727539062,128.193115234375,128.31739807128906,110.26249694824219,3787566
2021-04-07,127.95410919189453,129.0057373046875,127.8967514038086,128.9961700439453,110.84576416015625,3112896
2021-04-08,128.65200805664062,129.66539001464844,128.26004028320312,129.17782592773438,111.00186157226562,4275211
2021-04-09,128.93881225585938,129.7705535888672,128.78585815429688,129.76100158691406,111.50299072265625,3162999
2021-04-12,129.08221435546875,129.4168243408203,127.96366882324219,128.67112731933594,110.56647491455078,3926684
2021-04-13,127.15105438232422,127.74378967285156,124.64627075195312,125.41108703613281,107.76512145996094,8403041
2021-04-14,125.53536987304688,126.94072723388672,124.78011322021484,126.79732513427734,108.95630645751953,6137928
2021-04-15,127.41873931884766,127.98279571533203,126.40535736083984,126.74951934814453,108.91524505615234,4062664
2021-04-16,127.15105438232422,128.2026824951172,127.1032485961914,127.71510314941406,109.74496459960938,5535223
2021-04-19,127.72466278076172,127.93498992919922,126.74951934814453,127.26577758789062,109.35884857177734,8575736
2021-04-20,131.0420684814453,133.62332153320312,130.68833923339844,132.08413696289062,113.49925994873047,16192708
2021-04-21,131.988525390625,137.4091796875,131.65391540527344,137.23709106445312,117.92713928222656,12456814
2021-04-22,137.3804931640625,138.374755859375,134.7992401123047,135.06692504882812,116.0623550415039,7428064
2021-04-23,135.09559631347656,137.29444885253906,134.75143432617188,136.16635131835938,117.007080078125,4765576
2021-04-26,136.1567840576172,137.31358337402344,135.2581329345703,135.3441619873047,116.30055236816406,4927497
2021-04-27,135.45889282226562,136.29063415527344,134.5602264404297,135.7648162841797,116.66202545166016,4062664
2021-04-28,136.63479614257812,137.09368896484375,135.85086059570312,136.71128845214844,117.47533416748047,3941433
2021-04-29,137.7915802001953,142.1988525390625,136.69215393066406,137.89674377441406,118.49398040771484,4554179
2021-04-30,137.3804931640625,137.50477600097656,134.3690185546875,135.64053344726562,116.55524444580078,9280321
2021-05-03,137.48565673828125,139.34034729003906,137.23709106445312,138.3843231201172,118.9129638671875,5997241
2021-05-04,138.0592803955078,140.14340209960938,137.9827880859375,139.34034729003906,119.73448181152344,6642623
2021-05-05,139.52198791503906,139.52198791503906,138.5946502685547,138.83364868164062,119.29905700683594,5229895
2021-05-06,138.87188720703125,141.97897338867188,138.79541015625,141.89292907714844,121.92787170410156,7848661
2021-05-07,139.50286865234375,139.71319580078125,138.2122344970703,139.06309509277344,120.83139038085938,7325661
2021-05-10,139.3881378173828,141.8546905517578,139.3881378173828,139.7418670654297,121.42115783691406,7304636
2021-05-11,138.61376953125,138.8049774169922,136.6156768798828,137.87762451171875,119.80132293701172,7454214
2021-05-12,137.51434326171875,137.81069946289062,134.93307495117188,135.08604431152344,117.37574768066406,6233742
2021-05-13,135.2294464111328,138.52772521972656,135.06692504882812,137.829833984375,119.75982666015625,4807207
2021-05-14,138.72848510742188,139.28298950195312,137.62905883789062,138.31739807128906,120.18343353271484,2873780
2021-05-17,138.08795166015625,139.3881378173828,137.9827880859375,138.72848510742188,120.54064178466797,4471755
2021-05-18,138.41299438476562,138.91014099121094,136.93116760253906,137.58126831054688,119.54383087158203,4000009
2021-05-19,136.06118774414062,136.90248107910156,134.72274780273438,136.89292907714844,118.94573974609375,4498532
2021-05-20,136.8260040283203,138.53729248046875,135.90821838378906,137.55258178710938,119.5188980102539,4301675
2021-05-21,137.93499755859375,139.29254150390625,137.93499755859375,138.374755859375,120.2332992553711,4219041
2021-05-24,138.68069458007812,138.9961700439453,137.83938598632812,138.3556365966797,120.21666717529297,3449290
2021-05-25,138.54684448242188,138.62332153320312,136.90248107910156,137.46653747558594,119.44412994384766,4118311
2021-05-26,137.18930053710938,137.65774536132812,136.74952697753906,137.07456970214844,119.10356140136719,3225655
2021-05-27,137.49522399902344,138.4034423828125,137.31358337402344,137.49522399902344,119.46906280517578,5889294
2021-05-28,137.86807250976562,137.9827880859375,137.1797332763672,137.41873168945312,119.4026107788086,2651192
2021-06-01,138.62332153320312,139.4168243408203,137.4282989501953,137.8489532470703,119.77640533447266,2528705
2021-06-02,138.26004028320312,139.34034729003906,137.7724609375,139.31166076660156,121.04737854003906,2915097
2021-06-03,138.53729248046875,139.46463012695312,137.70555114746094,139.14913940429688,120.90615844726562,4320608
2021-06-04,139.579345703125,141.06118774414062,139.3498992919922,140.93690490722656,122.45953369140625,3261323
2021-06-07,141.06118774414062,142.1988525390625,140.69789123535156,141.51051330566406,122.95793914794922,3621984
2021-06-08,141.6061248779297,143.5946502685547,141.6061248779297,142.51434326171875,123.83013916015625,5313785
2021-06-09,142.47610473632812,144.4263916015625,142.27532958984375,144.04397583007812,125.15924072265625,5547252
2021-06-10,144.8087921142578,146.11854553222656,143.1739959716797,143.91969299316406,125.0512466430664,4977391
2021-06-11,143.8145294189453,145.17208862304688,143.75717163085938,144.6271514892578,125.66595458984375,3596462
2021-06-14,144.08221435546875,144.3881378173828,142.12237548828125,143.43212890625,124.62762451171875,3498661
2021-06-15,143.26004028320312,143.31739807128906,142.06500244140625,142.7915802001953,124.07106018066406,2628912
2021-06-16,143.1739959716797,143.1739959716797,140.74569702148438,141.32887268066406,122.80009460449219,4057329
2021-06-17,141.06118774414062,141.5487518310547,138.89100646972656,139.1969451904297,120.94766998291016,4568300
2021-06-18,138.12619018554688,138.31739807128906,136.74952697753906,136.8260040283203,118.8875732421875,9577699
2021-06-21,137.7724609375,140.602294921875,137.72467041015625,140.2007598876953,121.81989288330078,4482633
2021-06-22,140.07647705078125,140.35372924804688,138.9579315185547,139.92352294921875,121.5790023803711,2549102
2021-06-23,139.9904327392578,140.05735778808594,138.2122344970703,138.25047302246094,120.12528228759766,3349920
2021-06-24,139.3881378173828,139.76100158691406,138.32696533203125,139.04397583007812,120.81478118896484,3775746
2021-06-25,138.9866180419922,140.46844482421875,138.57553100585938,140.38241577148438,121.97774505615234,3759533
2021-06-28,140.54493713378906,140.82217407226562,138.53729248046875,138.90057373046875,120.6901626586914,4067789
2021-06-29,138.87188720703125,140.28680419921875,138.71893310546875,139.14913940429688,120.90615844726562,2540211
2021-06-30,138.7476043701172,140.46844482421875,138.34608459472656,140.14340209960938,121.77006530761719,3394375
2021-07-01,140.49713134765625,141.0133819580078,140.12428283691406,140.38241577148438,121.97774505615234,2809661
2021-07-02,140.44932556152344,140.48757934570312,133.32696533203125,133.86233520507812,116.31246948242188,17584515
2021-07-06,133.83364868164062,134.24473571777344,131.07073974609375,132.67686462402344,115.28240966796875,8466010
2021-07-07,132.65774536132812,134.15870666503906,132.65774536132812,133.67112731933594,116.14633178710938,4246446
2021-07-08,131.72084045410156,135.09559631347656,131.6061248779297,134.55067443847656,116.9105453491211,5739820
2021-07-09,135.2294464111328,135.73614501953125,134.64627075195312,135.29637145996094,117.55848693847656,4083689
2021-07-12,135.2103271484375,135.71701049804688,133.9579315185547,134.72274780273438,117.06005096435547,3496360
2021-07-13,134.72274780273438,134.72274780273438,133.48948669433594,134.11090087890625,116.52843475341797,3309858
2021-07-14,134.53155517578125,134.5602264404297,132.8202667236328,133.67112731933594,116.14633178710938,4606061
2021-07-15,133.193115234375,134.28298950195312,132.69598388671875,134.27342224121094,116.66966247558594,3807126
2021-07-16,134.7992401123047,134.7992401123047,132.49522399902344,132.7915802001953,115.38207244873047,4298328
2021-07-19,130.44932556152344,132.3996124267578,130.21987915039062,131.8546905517578,114.56802368164062,8977086
2021-07-20,136.71128845214844,138.54684448242188,132.6003875732422,133.8145294189453,116.27091979980469,14237838
2021-07-21,133.8145294189453,135.17208862304688,133.50860595703125,135.08604431152344,117.37574768066406,5024984
2021-07-22,135.43020629882812,135.5736083984375,134.2351837158203,134.52198791503906,116.8856201171875,3466653
2021-07-23,134.76100158691406,135.46844482421875,134.15870666503906,135.12428283691406,117.4089584350586,4680013
2021-07-26,135.17208862304688,136.71128845214844,134.92352294921875,136.49139404296875,118.59684753417969,4441630
2021-07-27,136.26194763183594,137.32313537597656,135.3728485107422,136.47227478027344,118.5802230834961,3281302
2021-07-28,136.72084045410156,136.806884765625,135.4110870361328,135.53536987304688,117.76614379882812,2660815
2021-07-29,136.07073974609375,136.67303466796875,135.3728485107422,135.68833923339844,117.89908599853516,2793761
2021-07-30,135.29637145996094,135.6118621826172,134.5984649658203,134.76100158691406,117.09330749511719,3698238
2021-08-02,135.2294464111328,136.76864624023438,134.82791137695312,135.2007598876953,117.47540283203125,3064257
2021-08-03,135.65965270996094,138.33651733398438,135.420654296875,137.73422241210938,119.67672729492188,4272596
2021-08-04,137.47610473632812,137.83938598632812,136.20458984375,136.48184204101562,118.58854675292969,2960285
2021-08-05,136.73995971679688,137.10325622558594,135.965576171875,136.49139404296875,118.59684753417969,2884240
2021-08-06,136.71128845214844,138.04014587402344,136.6061248779297,137.7533416748047,119.6933364868164,4002833
2021-08-09,135.9464569091797,136.2332763671875,134.7705535888672,135.03823852539062,118.68505859375,5129689
2021-08-10,135.0,135.5736083984375,134.1682586669922,135.1625213623047,118.7942886352539,5543695
2021-08-11,135.54493713378906,136.49139404296875,135.27725219726562,135.87954711914062,119.42446899414062,4455960
2021-08-12,136.0038299560547,136.8546905517578,135.8317413330078,136.7781982421875,120.21428680419922,2184780
2021-08-13,136.3671112060547,137.26577758789062,136.1759033203125,136.88336181640625,120.30671691894531,1997965
2021-08-16,136.93116760253906,137.41873168945312,135.9751434326172,137.27532958984375,120.65123748779297,2913319
2021-08-17,136.71128845214844,136.86424255371094,134.88528442382812,136.1567840576172,119.66814422607422,3215195
2021-08-18,135.4397735595703,135.67877197265625,133.26004028320312,133.33651733398438,117.18941497802734,3672192
2021-08-19,132.5908203125,133.31739807128906,131.1759033203125,131.95028686523438,115.97105407714844,4351465
2021-08-20,131.68260192871094,133.25047302246094,131.2332763671875,132.9923553466797,116.88692474365234,2780059
2021-08-23,133.47991943359375,133.9866180419922,132.69598388671875,133.47991943359375,117.3154525756836,3179422
2021-08-24,133.6328887939453,134.06309509277344,133.193115234375,133.69024658203125,117.50028228759766,2474418
2021-08-25,133.7667236328125,134.6080322265625,133.32696533203125,133.70936584472656,117.51709747314453,2105389
2021-08-26,133.8145294189453,134.6080322265625,132.6099395751953,132.67686462402344,116.60962677001953,2613640
2021-08-27,132.6099395751953,133.4512481689453,132.31358337402344,133.27915954589844,117.13899230957031,2572637
2021-08-30,133.36520385742188,133.72848510742188,132.71510314941406,132.85850524902344,116.76927947998047,2087293
2021-08-31,133.4034423828125,134.7418670654297,132.83938598632812,134.1682586669922,117.92041015625,4429915
2021-09-01,133.8240966796875,133.91014099121094,133.06883239746094,133.1739959716797,117.04656219482422,2588327
2021-09-02,133.57553100585938,133.89100646972656,132.91586303710938,133.85276794433594,117.64313507080078,2840413
2021-09-03,133.53729248046875,134.29254150390625,133.1739959716797,133.44168090820312,117.2818374633789,2009575
2021-09-07,133.50860595703125,133.64244079589844,131.70172119140625,131.988525390625,116.0046615600586,3436110
2021-09-08,132.06500244140625,132.97323608398438,131.5487518310547,132.5717010498047,116.51720428466797,3122728
2021-09-09,131.7877655029297,132.8489532470703,131.51051330566406,131.68260192871094,115.73577880859375,3669682
2021-09-10,132.71510314941406,133.2409210205078,130.9751434326172,130.9942626953125,115.13078308105469,4157955
2021-09-13,132.31358337402344,132.87762451171875,131.46270751953125,132.07456970214844,116.08027648925781,4334729
2021-09-14,132.31358337402344,132.47610473632812,129.3881378173828,130.2294464111328,114.4586181640625,4659198
2021-09-15,130.2294464111328,131.73995971679688,129.70362854003906,131.16635131835938,115.28205108642578,3403579
2021-09-16,131.24282836914062,131.88336181640625,129.7418670654297,130.43020629882812,114.63504791259766,2765624
2021-09-17,129.78012084960938,129.94264221191406,129.11090087890625,129.28298950195312,113.62675476074219,5890340
2021-09-20,128.011474609375,129.2351837158203,126.94072723388672,128.4034423828125,112.8537368774414,4990152
2021-09-21,129.1682586669922,129.68450927734375,127.09368896484375,127.12236785888672,111.72779083251953,4261927
2021-09-22,127.83938598632812,129.4168243408203,127.60037994384766,128.70936584472656,113.12261199951172,3767901
2021-09-23,129.30210876464844,131.37667846679688,129.09178161621094,130.71701049804688,114.88713073730469,3151807
2021-09-24,131.0038299560547,132.3900604248047,130.73614501953125,131.44358825683594,115.52571105957031,3100762
2021-09-27,131.89292907714844,132.95411682128906,131.4340362548828,132.46653747558594,116.42478942871094,3459017
2021-09-28,133.04971313476562,133.54684448242188,131.1759033203125,131.42446899414062,115.50890350341797,4513072
2021-09-29,131.67303466796875,133.7762908935547,130.4397735595703,133.0592803955078,116.94573974609375,3947499
2021-09-30,133.8432159423828,134.3881378173828,132.4091796875,132.8202667236328,116.73565673828125,6090230
2021-10-01,134.7992401123047,137.6386260986328,134.1969451904297,137.0172119140625,120.42436981201172,6907889
2021-10-04,136.46270751953125,139.579345703125,136.08985900878906,137.7724609375,121.08815002441406,7689251
2021-10-05,138.3843231201172,138.62332153320312,136.3671112060547,136.8546905517578,120.28152465820312,7297524
2021-10-06,136.21414184570312,137.06500244140625,134.69407653808594,136.09942626953125,119.61772155761719,5573506
2021-10-07,136.45315551757812,137.09368896484375,135.30592346191406,135.5736083984375,119.15558624267578,3999695
2021-10-08,135.5736083984375,137.33270263671875,134.84703063964844,136.92160034179688,120.34033966064453,3902940
2021-10-11,137.18930053710938,137.74378967285156,136.13766479492188,136.16635131835938,119.6765365600586,2921792
2021-10-12,135.95602416992188,136.0420684814453,134.13002014160156,134.29254150390625,118.0296630859375,3293436
2021-10-13,134.34034729003906,135.1912078857422,133.51815795898438,134.56979370117188,118.27334594726562,3013003
2021-10-14,134.8374786376953,137.5908203125,134.8087921142578,137.08413696289062,120.48319244384766,4410668
2021-10-15,137.08413696289062,138.47991943359375,136.51051330566406,138.25047302246094,121.50829315185547,3371049
2021-10-18,137.66729736328125,138.5659637451172,135.52581787109375,136.06118774414062,119.58411407470703,6437189
2021-10-19,134.87571716308594,136.65391540527344,134.34034729003906,135.73614501953125,119.2984619140625,4539117
2021-10-20,135.44932556152344,135.9464569091797,134.51242065429688,135.65965270996094,119.23121643066406,6474008
2021-10-21,127.63862609863281,127.83938598632812,122.46653747558594,122.6864242553711,107.82904052734375,32913959
2021-10-22,122.41873931884766,124.52198791503906,121.04206848144531,122.25621032714844,107.450927734375,12114981
2021-10-25,121.9216079711914,122.99235534667969,121.35755157470703,122.02677154541016,107.24927520751953,6667204
2021-10-26,121.91204833984375,122.65774536132812,121.18547058105469,121.53919982910156,106.82076263427734,8912861
2021-10-27,121.83556365966797,122.25621032714844,119.5124282836914,119.66539001464844,105.17386627197266,7294176
2021-10-28,119.66539001464844,120.75525665283203,119.13957977294922,120.30592346191406,105.73681640625,6802138
2021-10-29,119.91395568847656,120.76481628417969,119.41682434082031,119.59847259521484,105.11504364013672,6188973
2021-11-01,119.55066680908203,120.75525665283203,118.39388275146484,120.72657775878906,106.10653686523438,6177153
2021-11-02,120.74569702148438,121.57743835449219,119.41682434082031,120.63097381591797,106.02249908447266,4722062
2021-11-03,120.67877960205078,121.6921615600586,120.15296173095703,121.53919982910156,106.82076263427734,5670784
2021-11-04,123.05000305175781,123.33999633789062,119.9000015258789,120.8499984741211,106.21501922607422,7208700
2021-11-05,121.43000030517578,123.7699966430664,121.43000030517578,123.61000061035156,108.6407699584961,6790500
2021-11-08,123.98999786376953,124.77999877929688,123.52999877929688,124.54000091552734,109.4581527709961,5625300
2021-11-09,122.55999755859375,122.9000015258789,120.26000213623047,120.8499984741211,107.63236999511719,7236600
2021-11-10,121.0,122.43000030517578,119.93000030517578,120.22000122070312,107.07128143310547,6270300
2021-11-11,120.9000015258789,121.79000091552734,120.08000183105469,120.2699966430664,107.11579895019531,4643300
2021-11-12,120.0,120.63999938964844,118.77999877929688,118.95999908447266,105.9490737915039,5418300
2021-11-15,119.54000091552734,120.16000366210938,118.30999755859375,118.87000274658203,105.86892700195312,5046300
2021-11-16,118.91999816894531,119.9000015258789,118.41999816894531,118.45999908447266,105.50376892089844,4750800
2021-11-17,118.37999725341797,119.33000183105469,117.77999877929688,118.05999755859375,105.14751434326172,4043300
2021-11-18,118.36000061035156,118.36000061035156,116.30999755859375,116.66000366210938,103.90064239501953,5046900
2021-11-19,116.48999786376953,116.55999755859375,115.2699966430664,116.05000305175781,103.35735321044922,5380200
2021-11-22,116.0,118.80999755859375,115.19000244140625,116.47000122070312,103.7314224243164,6416200
2021-11-23,116.79000091552734,117.94000244140625,116.04000091552734,116.79000091552734,104.01643371582031,4912800
2021-11-24,116.16000366210938,117.2699966430664,116.08000183105469,116.7300033569336,103.96297454833984,3220800
2021-11-26,115.0,116.33999633789062,114.55999755859375,115.80999755859375,103.14359283447266,3322000
2021-11-29,118.62000274658203,119.61000061035156,117.52999877929688,118.5,105.53939056396484,8949800
2021-11-30,117.5,119.23999786376953,116.44999694824219,117.0999984741211,104.29251861572266,9252700
2021-12-01,118.25,118.93000030517578,116.8499984741211,116.91999816894531,104.1322021484375,5958300
2021-12-02,117.37000274658203,117.9800033569336,116.55999755859375,116.9000015258789,104.1143798828125,5267100
2021-12-03,117.36000061035156,119.36000061035156,117.36000061035156,118.83999633789062,105.84220123291016,6630100
2021-12-06,119.4000015258789,121.1500015258789,119.4000015258789,119.91000366210938,106.7951889038086,4785600
2021-12-07,120.4800033569336,122.08000183105469,120.06999969482422,121.58000183105469,108.28253173828125,5194000
2021-12-08,122.0,123.37999725341797,121.5199966430664,123.0199966430664,109.56503295898438,5483900
2021-12-09,122.1500015258789,123.94999694824219,121.79000091552734,123.56999969482422,110.05487823486328,4601100
2021-12-10,124.30000305175781,125.33000183105469,123.36000061035156,124.08999633789062,110.51799774169922,4966900
2021-12-13,123.76000213623047,124.36000061035156,120.79000091552734,122.58000183105469,109.17316436767578,6847500
2021-12-14,122.3499984741211,125.02999877929688,122.30000305175781,123.76000213623047,110.22408294677734,5716100
2021-12-15,123.80000305175781,124.81999969482422,122.18000030517578,123.11000061035156,109.64517974853516,4990000
2021-12-16,123.51000213623047,126.63999938964844,123.4800033569336,125.93000030517578,112.1567611694336,7280500
2021-12-17,125.87000274658203,128.63999938964844,125.20999908447266,127.4000015258789,113.46598052978516,10379000
2021-12-20,125.72000122070312,127.19999694824219,124.69999694824219,127.05999755859375,113.16315460205078,4941400
2021-12-21,127.66000366210938,129.33999633789062,127.66000366210938,128.97000122070312,114.86425018310547,4856000
2021-12-22,129.05999755859375,129.7899932861328,127.5999984741211,129.75,115.55895233154297,3923200
2021-12-23,130.0,130.9600067138672,129.52000427246094,130.6300048828125,116.34271240234375,3649000
2021-12-27,130.6300048828125,131.64999389648438,129.9499969482422,131.6199951171875,117.22444152832031,4293900
2021-12-28,131.60000610351562,133.22000122070312,131.58999633789062,132.6300048828125,118.12396240234375,3445200
2021-12-29,132.39999389648438,134.2100067138672,132.3000030517578,133.35000610351562,118.76521301269531,4239900
2021-12-30,133.75,134.3699951171875,133.3300018310547,133.91000366210938,119.26398468017578,3158100
2021-12-31,134.0,134.99000549316406,133.61000061035156,133.66000366210938,119.04131317138672,3362100
2022-01-03,134.07000732421875,136.2899932861328,133.6300048828125,136.0399932861328,121.16100311279297,4605900
2022-01-04,136.10000610351562,139.9499969482422,135.89999389648438,138.02000427246094,122.92443084716797,7300000
2022-01-05,138.30999755859375,142.1999969482422,137.8800048828125,138.22000122070312,123.10257720947266,8956900
2022-01-06,138.1999969482422,138.41000366210938,132.50999450683594,135.33999633789062,120.53755950927734,9908100
2022-01-07,134.89999389648438,135.66000366210938,133.50999450683594,134.8300018310547,120.08332824707031,5238100
2022-01-10,134.47000122070312,136.1999969482422,133.3800048828125,135.02999877929688,120.261474609375,5432800
2022-01-11,130.52000427246094,133.25,127.97000122070312,132.8699951171875,118.33769226074219,11105300
2022-01-12,133.25,134.47000122070312,131.3699951171875,133.58999633789062,118.97895812988281,5352000
2022-01-13,133.89999389648438,136.0500030517578,133.55999755859375,134.75999450683594,120.02100372314453,4868300
2022-01-14,134.5500030517578,135.13999938964844,133.3000030517578,134.2100067138672,119.53115844726562,5310300
2022-01-18,132.9499969482422,133.88999938964844,131.77999877929688,132.94000244140625,118.40005493164062,5246700
2022-01-19,132.89999389648438,133.89999389648438,131.5,131.5800018310547,117.18880462646484,4103700
2022-01-20,131.25999450683594,132.8800048828125,130.57000732421875,130.82000732421875,116.51192474365234,5278200
2022-01-21,131.64999389648438,131.8699951171875,129.27000427246094,129.35000610351562,115.20271301269531,5907000
2022-01-24,127.98999786376953,129.14999389648438,124.19000244140625,128.82000732421875,114.73067474365234,13484000
2022-01-25,129.13999938964844,137.33999633789062,128.3000030517578,136.10000610351562,121.21444702148438,19715700
2022-01-26,136.47000122070312,137.07000732421875,133.1300048828125,134.25999450683594,119.57567596435547,8336000
2022-01-27,133.66000366210938,134.75,132.0800018310547,132.52000427246094,118.02598571777344,5497300
2022-01-28,133.19000244140625,134.52999877929688,131.7899932861328,134.5,119.78943634033203,5471500
2022-01-31,134.08999633789062,134.08999633789062,132.3000030517578,133.57000732421875,118.9611587524414,5859000
2022-02-01,133.75999450683594,135.9600067138672,132.5,135.52999877929688,120.706787109375,6206400
2022-02-02,135.6999969482422,137.55999755859375,135.25999450683594,137.25,122.23865509033203,5357200
2022-02-03,137.0,138.75999450683594,135.8300018310547,137.77999877929688,122.71070098876953,6100800
2022-02-04,137.86000061035156,138.82000732421875,136.22000122070312,137.14999389648438,122.14959716796875,4142000
2022-02-07,137.4499969482422,137.82000732421875,136.27000427246094,137.24000549316406,122.2297592163086,3759000
2022-02-08,137.22999572753906,137.52000427246094,135.77999877929688,137.02000427246094,122.0338363647461,4181800
2022-02-09,137.83999633789062,138.35000610351562,136.8300018310547,137.7899932861328,122.7196044921875,5393500
2022-02-10,135.47000122070312,136.55999755859375,133.1699981689453,133.52000427246094,120.34903717041016,5978600
2022-02-11,133.89999389648438,134.7100067138672,132.3800048828125,132.69000244140625,119.60091400146484,4176200
2022-02-14,132.58999633789062,132.64999389648438,129.07000732421875,130.14999389648438,117.31146240234375,5345300
2022-02-15,130.63999938964844,131.67999267578125,129.61000061035156,129.94000244140625,117.12217712402344,4394000
2022-02-16,129.4499969482422,130.44000244140625,128.25999450683594,129.17999267578125,116.43714141845703,4875600
2022-02-17,128.0500030517578,128.5,124.8499984741211,124.97000122070312,112.64244842529297,6797000
2022-02-18,124.94000244140625,125.44000244140625,123.61000061035156,124.3499984741211,112.08358764648438,4609200
2022-02-22,124.19999694824219,125.0,122.68000030517578,123.91999816894531,111.69601440429688,5349700
2022-02-23,124.37999725341797,124.69999694824219,121.87000274658203,122.06999969482422,110.02850341796875,4086400
2022-02-24,120.0,122.0999984741211,118.80999755859375,121.97000122070312,109.93836212158203,6563200
2022-02-25,122.05000305175781,124.26000213623047,121.44999694824219,124.18000030517578,111.93037414550781,4460900
2022-02-28,122.20999908447266,123.38999938964844,121.04000091552734,122.51000213623047,110.42510223388672,6757300
2022-03-01,122.66999816894531,123.38999938964844,120.69999694824219,121.3499984741211,109.37952423095703,4873300
2022-03-02,122.58999633789062,124.63999938964844,121.80000305175781,123.86000061035156,111.64193725585938,4891400
2022-03-03,124.95999908447266,126.66999816894531,124.23999786376953,125.93000030517578,113.50774383544922,5206600
2022-03-04,124.4000015258789,127.3499984741211,124.20999908447266,126.62000274658203,114.12968444824219,4402400
2022-03-07,126.47000122070312,127.91000366210938,125.62000274658203,126.06999969482422,113.6339340209961,5047400
2022-03-08,126.62000274658203,128.35000610351562,124.81999969482422,125.68000030517578,113.28240203857422,4887600
2022-03-09,127.41000366210938,128.10000610351562,125.91000366210938,126.22000122070312,113.76913452148438,4403500
2022-03-10,125.75,126.02999877929688,123.12999725341797,124.3499984741211,112.08358764648438,5326800
2022-03-11,125.0,126.7699966430664,123.91000366210938,123.95999908447266,111.73207092285156,4119600
2022-03-14,124.44999694824219,125.16000366210938,122.69000244140625,123.94000244140625,111.71404266357422,3289200
2022-03-15,124.0,125.94000244140625,123.22000122070312,125.63999938964844,113.24634552001953,4021200
2022-03-16,126.5,127.27999877929688,124.70999908447266,127.04000091552734,114.50824737548828,4292800
2022-03-17,127.0999984741211,128.2899932861328,126.52999877929688,127.95999908447266,115.33749389648438,3671900
2022-03-18,127.37999725341797,128.92999267578125,126.37000274658203,128.75999450683594,116.0585708618164,7466000
2022-03-21,129.0,129.74000549316406,127.4000015258789,128.10000610351562,115.46369934082031,3384600
2022-03-22,128.5,129.3000030517578,127.8499984741211,129.05999755859375,116.32898712158203,2690200
2022-03-23,129.0800018310547,129.32000732421875,128.25,128.3000030517578,115.64395904541016,2924500
2022-03-24,128.3300018310547,129.3699951171875,127.80000305175781,129.25,116.50023651123047,2971100
2022-03-25,129.5,131.39999389648438,129.30999755859375,131.35000610351562,118.3930892944336,3530200
2022-03-28,130.82000732421875,131.5,129.60000610351562,131.47000122070312,118.5012435913086,2483500
2022-03-29,132.0399932861328,132.83999633789062,130.42999267578125,131.94000244140625,118.92488098144531,5791000
2022-03-30,132.00999450683594,133.0800018310547,131.38999938964844,132.1300048828125,119.09613800048828,2622900
2022-03-31,130.72000122070312,131.8800048828125,130.0,130.02000427246094,117.19429016113281,4274000
2022-04-01,129.66000366210938,130.27000427246094,128.05999755859375,130.14999389648438,117.31146240234375,4012400
2022-04-04,130.25999450683594,130.4499969482422,128.92999267578125,130.27000427246094,117.41961669921875,2809800
2022-04-05,129.85000610351562,131.22999572753906,128.66000366210938,128.88999938964844,116.17575073242188,3107200
2022-04-06,127.77999877929688,129.50999450683594,127.25,129.38999938964844,116.62642669677734,3958100
2022-04-07,128.8699951171875,129.25,126.7300033569336,128.5500030517578,115.86930084228516,3538300
2022-04-08,128.00999450683594,128.77999877929688,127.2699966430664,127.7300033569336,115.13018035888672,3143300
2022-04-11,127.94999694824219,128.17999267578125,126.18000030517578,126.37000274658203,113.90433502197266,3202500
2022-04-12,126.41999816894531,127.33999633789062,125.58000183105469,125.9800033569336,113.55280303955078,2691000
2022-04-13,125.63999938964844,126.66999816894531,124.91000366210938,126.13999938964844,113.697021484375,3064900
2022-04-14,128.92999267578125,130.5800018310547,126.37999725341797,126.55999755859375,114.07559204101562,6384200
2022-04-18,126.5999984741211,127.38999938964844,125.52999877929688,126.16999816894531,113.72406005859375,4884200
2022-04-19,126.08000183105469,129.39999389648438,126.0,129.14999389648438,116.41010284423828,7971400
2022-04-20,135.0,139.55999755859375,133.3800048828125,138.32000732421875,124.67555236816406,17859200
2022-04-21,138.22999572753906,141.8800048828125,137.35000610351562,139.85000610351562,126.05461120605469,9922300
2022-04-22,139.6999969482422,140.44000244140625,137.35000610351562,138.25,124.61244201660156,6508600
2022-04-25,137.58999633789062,139.64999389648438,135.19000244140625,139.10000610351562,125.37861633300781,5748300
2022-04-26,139.0,139.8699951171875,136.1699981689453,136.19000244140625,122.75564575195312,4956200
2022-04-27,135.77999877929688,137.1199951171875,134.6300048828125,135.05999755859375,121.73712158203125,4369100
2022-04-28,136.85000610351562,136.99000549316406,134.80999755859375,135.74000549316406,122.35002136230469,4474300
2022-04-29,135.1300048828125,135.5500030517578,132.0,132.2100067138672,119.16826629638672,5078700
2022-05-02,133.0,133.77000427246094,130.88999938964844,133.0399932861328,119.9163818359375,4213500
2022-05-03,133.0,133.60000610351562,131.99000549316406,132.52000427246094,119.44766998291016,3688600
2022-05-04,132.8699951171875,137.8699951171875,132.13999938964844,137.39999389648438,123.84626770019531,5932600
2022-05-05,136.4600067138672,137.25999450683594,134.75999450683594,135.9199981689453,122.51226806640625,5957400
2022-05-06,135.47000122070312,137.99000549316406,135.47000122070312,137.6699981689453,124.08966827392578,7306400
2022-05-09,134.41000366210938,136.35000610351562,133.32000732421875,134.44000244140625,122.64824676513672,7647900
2022-05-10,135.0,135.41000366210938,128.42999267578125,129.1300048828125,117.80398559570312,8642400
2022-05-11,129.86000061035156,132.9600067138672,129.86000061035156,130.75,119.28189849853516,5301100
2022-05-12,131.27000427246094,133.6199951171875,130.41000366210938,132.89999389648438,121.2433090209961,5384800
2022-05-13,133.0,133.8000030517578,131.0500030517578,133.60000610351562,121.88191986083984,4195100
2022-05-16,133.10000610351562,136.50999450683594,132.41000366210938,135.02999877929688,123.18648529052734,4250400
2022-05-17,137.19000244140625,138.3699951171875,135.63999938964844,138.3699951171875,126.23352813720703,4372900
2022-05-18,137.10000610351562,137.6199951171875,132.1699981689453,132.94000244140625,121.2798080444336,6003000
2022-05-19,132.0,132.32000732421875,128.7100067138672,129.66000366210938,118.28748321533203,5819700
2022-05-20,130.17999267578125,130.3699951171875,125.80000305175781,128.47999572753906,117.21098327636719,6914500
2022-05-23,129.5,131.9499969482422,129.4199981689453,131.1699981689453,119.66504669189453,3591500
2022-05-24,130.57000732421875,134.3699951171875,130.4199981689453,133.8000030517578,122.06436920166016,4189700
2022-05-25,132.86000061035156,134.82000732421875,132.86000061035156,134.38999938964844,122.60263061523438,3299300
2022-05-26,135.0,137.5500030517578,134.52000427246094,136.88999938964844,124.88334655761719,3929300
2022-05-27,137.38999938964844,139.74000549316406,137.24000549316406,139.27000427246094,127.05461120605469,4608000
2022-05-31,138.1999969482422,139.8300018310547,136.80999755859375,138.83999633789062,126.66230773925781,7978100
2022-06-01,139.6699981689453,140.47000122070312,138.52000427246094,139.42999267578125,127.20055389404297,3796500
2022-06-02,139.4499969482422,140.2899932861328,136.85000610351562,140.14999389648438,127.857421875,3734800
2022-06-03,140.25999450683594,142.5800018310547,139.74000549316406,141.17999267578125,128.79705810546875,4352200
2022-06-06,142.97999572753906,144.72999572753906,142.0,142.8800048828125,130.34799194335938,4766900
2022-06-07,142.60000610351562,142.97999572753906,140.9600067138672,142.77999877929688,130.25674438476562,2887100
2022-06-08,142.07000732421875,142.8000030517578,140.14999389648438,140.8300018310547,128.47776794433594,3005700
2022-06-09,140.14999389648438,141.0399932861328,137.92999267578125,137.9600067138672,125.8594970703125,3591000
2022-06-10,137.8000030517578,137.8000030517578,135.25,136.19000244140625,124.24475860595703,4659500
2022-06-13,133.97000122070312,137.57000732421875,133.75999450683594,135.11000061035156,123.25946807861328,6486000
2022-06-14,135.0,136.9499969482422,134.86000061035156,135.72000122070312,123.81597137451172,4607800
2022-06-15,136.00999450683594,138.4499969482422,135.5800018310547,137.05999755859375,125.03843688964844,4606900
2022-06-16,135.3000030517578,136.24000549316406,134.38999938964844,135.6699981689453,123.7703628540039,5386400
2022-06-17,135.99000549316406,136.97999572753906,132.85000610351562,135.02000427246094,123.1773681640625,12968500
2022-06-21,135.89999389648438,138.5,135.89999389648438,137.85000610351562,125.75914001464844,4089300
2022-06-22,136.10000610351562,138.17999267578125,136.02999877929688,137.0800018310547,125.05668640136719,3791500
2022-06-23,137.13999938964844,138.6199951171875,136.5,138.44000244140625,126.29740905761719,4547900
2022-06-24,139.1999969482422,142.3699951171875,139.1300048828125,142.05999755859375,129.59986877441406,11493000
2022-06-27,142.25999450683594,143.8300018310547,141.9499969482422,142.8000030517578,130.2749786376953,3936000
2022-06-28,142.9199981689453,144.16000366210938,141.32000732421875,141.86000061035156,129.4174346923828,4064800
2022-06-29,142.74000549316406,143.52000427246094,139.5,140.7100067138672,128.36830139160156,4161500
2022-06-30,139.5800018310547,142.4600067138672,139.27999877929688,141.19000244140625,128.8061981201172,4878000
2022-07-01,141.0,141.6699981689453,139.25999450683594,141.1199951171875,128.74232482910156,4011900
2022-07-05,139.97000122070312,139.97000122070312,135.27000427246094,137.6199951171875,125.54930877685547,6273400
2022-07-06,138.0,139.13999938964844,137.1300048828125,138.0800018310547,125.968994140625,3237000
2022-07-07,138.91000366210938,141.32000732421875,138.8300018310547,140.8300018310547,128.47776794433594,3897100
2022-07-08,140.75999450683594,141.32000732421875,139.82000732421875,140.47000122070312,128.14935302734375,2820800
2022-07-11,140.6199951171875,141.8699951171875,140.1300048828125,141.0,128.6328887939453,3904700
2022-07-12,140.83999633789062,141.5500030517578,138.57000732421875,139.17999267578125,126.97250366210938,3235400
2022-07-13,137.17999267578125,138.89999389648438,136.8000030517578,137.17999267578125,125.14791870117188,4123200
2022-07-14,135.60000610351562,139.42999267578125,135.02000427246094,139.05999755859375,126.86299896240234,5298400
2022-07-15,140.67999267578125,140.67999267578125,138.61000061035156,139.9199981689453,127.64757537841797,4519300
2022-07-18,140.14999389648438,140.30999755859375,137.77999877929688,138.1300048828125,126.01458740234375,8231700
2022-07-19,131.5800018310547,132.55999755859375,127.72000122070312,130.8800048828125,119.4004898071289,29690500
2022-07-20,130.6999969482422,130.72000122070312,128.05999755859375,129.17999267578125,117.84957885742188,9882000
2022-07-21,128.75,128.80999755859375,125.12999725341797,127.1500015258789,115.99765014648438,11975400
2022-07-22,127.02999877929688,128.32000732421875,125.70999908447266,128.25,117.00116729736328,6467200
2022-07-25,128.44000244140625,129.1300048828125,127.9000015258789,128.5399932861328,117.26573181152344,4702400
2022-07-26,128.25999450683594,129.3000030517578,127.62999725341797,128.0800018310547,116.84607696533203,3645300
2022-07-27,127.97000122070312,129.42999267578125,127.58000183105469,129.1199951171875,117.79485321044922,4175600
2022-07-28,128.75,129.80999755859375,128.61000061035156,129.22000122070312,117.8860855102539,3913700
2022-07-29,129.52000427246094,131.0,129.30999755859375,130.7899932861328,119.3183822631836,5786800
2022-08-01,130.75,132.6999969482422,130.6999969482422,132.0399932861328,120.458740234375,4142100
2022-08-02,132.1999969482422,132.77999877929688,130.50999450683594,131.80999755859375,120.24890899658203,4403600
2022-08-03,131.82000732421875,132.86000061035156,131.32000732421875,132.33999633789062,120.73243713378906,3088500
2022-08-04,132.14999389648438,132.2899932861328,131.02000427246094,131.63999938964844,120.09382629394531,3179800
2022-08-05,131.25,132.6699981689453,131.07000732421875,132.47999572753906,120.86014556884766,2586500
2022-08-08,133.10000610351562,133.35000610351562,132.02000427246094,132.61000061035156,120.978759765625,3821200
2022-08-09,129.9199981689453,130.7899932861328,129.1199951171875,129.47000122070312,119.6023178100586,3496000
2022-08-10,130.75,131.77999877929688,130.33999633789062,131.5,121.47760009765625,3664000
2022-08-11,132.36000061035156,133.22999572753906,132.0,132.5399932861328,122.43832397460938,3501900
2022-08-12,132.6199951171875,134.08999633789062,131.97999572753906,134.00999450683594,123.79627990722656,2766900
2022-08-15,132.9600067138672,135.19000244140625,132.24000549316406,134.92999267578125,124.64617919921875,2791200
2022-08-16,134.60000610351562,137.3699951171875,134.4499969482422,136.55999755859375,126.15193176269531,4313600
2022-08-17,136.4600067138672,138.4199981689453,136.3000030517578,137.7899932861328,127.28820037841797,3667600
2022-08-18,137.7899932861328,139.1199951171875,137.75,139.07000732421875,128.4706573486328,3177700
2022-08-19,138.75,139.33999633789062,137.66000366210938,138.3699951171875,127.82398223876953,3155800
2022-08-22,137.64999389648438,137.85000610351562,135.47000122070312,135.5500030517578,125.21891784667969,3093600
2022-08-23,135.3699951171875,136.10000610351562,134.72000122070312,134.74000549316406,124.47066497802734,4141800
2022-08-24,134.88999938964844,135.11000061035156,133.11000061035156,133.22999572753906,123.07572174072266,2855400
2022-08-25,133.64999389648438,134.42999267578125,133.07000732421875,133.97999572753906,123.76856994628906,2706000
2022-08-26,134.10000610351562,134.17999267578125,130.33999633789062,130.3800048828125,120.44296264648438,4185300
2022-08-29,129.99000549316406,131.4199981689453,129.57000732421875,130.30999755859375,120.3782958984375,2783000
2022-08-30,130.55999755859375,130.77000427246094,129.2899932861328,129.5800018310547,119.70392608642578,2407900
2022-08-31,129.9199981689453,130.0,128.39999389648438,128.4499969482422,118.66004180908203,3490400
2022-09-01,128.39999389648438,129.82000732421875,127.73999786376953,129.66000366210938,119.77782440185547,3396200
2022-09-02,130.3000030517578,130.55999755859375,127.23999786376953,127.79000091552734,118.05035400390625,3040600
2022-09-06,127.80000305175781,128.05999755859375,126.30000305175781,126.72000122070312,117.06192016601562,3347100
2022-09-07,126.69000244140625,127.87000274658203,126.27999877929688,127.70999908447266,117.97644805908203,2401500
2022-09-08,127.19999694824219,128.5399932861328,126.58999633789062,128.47000122070312,118.67853546142578,2964600
2022-09-09,128.89999389648438,129.49000549316406,128.05999755859375,129.19000244140625,119.34365844726562,3291900
2022-09-12,130.3300018310547,130.99000549316406,129.88999938964844,130.66000366210938,120.70160675048828,3741100
2022-09-13,129.13999938964844,129.91000366210938,126.7699966430664,127.25,117.55152130126953,4565600
2022-09-14,127.5,129.0,126.8499984741211,127.69000244140625,117.95799255371094,3819100
2022-09-15,127.38999938964844,127.47000122070312,124.9000015258789,125.48999786376953,115.9256591796875,5141700
2022-09-16,124.36000061035156,127.52999877929688,123.83000183105469,127.2699966430664,117.56998443603516,9839700
2022-09-19,126.48999786376953,128.05999755859375,126.27999877929688,127.7300033569336,117.99494171142578,3981600
2022-09-20,126.9000015258789,126.98999786376953,125.5199966430664,126.30000305175781,116.6739273071289,2837500
2022-09-21,126.88999938964844,127.83999633789062,124.91999816894531,124.93000030517578,115.40834045410156,3389500
2022-09-22,124.76000213623047,126.51000213623047,124.41000366210938,125.30999755859375,115.75936889648438,4046600
2022-09-23,124.52999877929688,125.0,121.73999786376953,122.70999908447266,113.35753631591797,5195600
2022-09-26,122.30000305175781,124.26000213623047,121.75,122.01000213623047,112.71090698242188,3987800
2022-09-27,122.5999984741211,123.94999694824219,121.08000183105469,121.73999786376953,112.46146392822266,4117200
2022-09-28,121.6500015258789,123.2300033569336,119.80999755859375,122.76000213623047,113.40372467041016,4996400
2022-09-29,121.8499984741211,122.62000274658203,120.56999969482422,121.62999725341797,112.35983276367188,3817700
2022-09-30,121.66000366210938,122.43000030517578,118.61000061035156,118.80999755859375,109.75477600097656,5346100
2022-10-03,120.16000366210938,122.20999908447266,119.5999984741211,121.51000213623047,112.24899291992188,4261700
2022-10-04,122.80000305175781,125.6500015258789,122.5199966430664,125.5,115.93489074707031,4566100
2022-10-05,124.70999908447266,126.45999908447266,124.2300033569336,125.73999786376953,116.15660095214844,3212900
2022-10-06,124.87999725341797,125.30000305175781,121.7699966430664,122.2300033569336,112.91412353515625,5074600
2022-10-07,121.5,121.80000305175781,118.06999969482422,118.81999969482422,109.7640151977539,4499700
2022-10-10,119.79000091552734,119.95999908447266,117.04000091552734,117.75,108.77556610107422,5990000
2022-10-11,117.45999908447266,119.2300033569336,116.94000244140625,117.80000305175781,108.82176971435547,4043100
2022-10-12,118.0,118.80999755859375,117.19999694824219,117.56999969482422,108.60929107666016,3338800
2022-10-13,116.0999984741211,122.1500015258789,115.55000305175781,121.79000091552734,112.50765991210938,5837500
2022-10-14,121.80000305175781,122.54000091552734,119.83999633789062,120.04000091552734,110.89103698730469,3762400
2022-10-17,121.80000305175781,122.87999725341797,121.43000030517578,121.5199966430664,112.25823211669922,5458600
2022-10-18,123.0,123.94000244140625,121.81999969482422,122.94000244140625,113.57001495361328,5120300
2022-10-19,122.36000061035156,123.94000244140625,121.98999786376953,122.51000213623047,113.17279052734375,5906600
2022-10-20,126.25,128.9600067138672,125.1500015258789,128.3000030517578,118.52149200439453,13623100
2022-10-21,128.38999938964844,130.85000610351562,127.58999633789062,129.89999389648438,119.99954223632812,7201300
2022-10-24,130.89999389648438,133.11000061035156,129.85000610351562,132.69000244140625,122.57691192626953,5610900
2022-10-25,132.0,133.3000030517578,131.3000030517578,132.92999267578125,122.79859924316406,5957600
2022-10-26,133.72000122070312,135.86000061035156,132.80999755859375,135.00999450683594,124.72007751464844,5139000
2022-10-27,135.5500030517578,136.39999389648438,134.4499969482422,134.77000427246094,124.49837493896484,3993200
2022-10-28,135.55999755859375,138.86000061035156,135.22000122070312,138.50999450683594,127.95333099365234,5965500
2022-10-31,138.05999755859375,138.77000427246094,136.60000610351562,138.2899932861328,127.75006866455078,4915300
2022-11-01,138.25,138.64999389648438,136.6999969482422,138.1999969482422,127.66694641113281,3590600
2022-11-02,137.75,140.1699981689453,136.8000030517578,136.8300018310547,126.4013671875,5360500
2022-11-03,136.4199981689453,136.47999572753906,133.97000122070312,134.47000122070312,124.22122192382812,4442400
2022-11-04,135.64999389648438,137.72999572753906,134.94000244140625,136.9600067138672,126.5214614868164,4178000
2022-11-07,136.63999938964844,138.6999969482422,136.50999450683594,138.33999633789062,127.79627990722656,4043100
2022-11-08,139.0,140.92999267578125,138.72000122070312,140.0399932861328,129.36671447753906,5042800
2022-11-09,137.9499969482422,138.89999389648438,136.94000244140625,137.38999938964844,128.43191528320312,4720000
2022-11-10,140.25999450683594,141.3699951171875,138.2899932861328,141.22999572753906,132.0215606689453,5389000
2022-11-11,141.5,144.1300048828125,140.9600067138672,143.1699981689453,133.83505249023438,5871300
2022-11-14,142.6300048828125,146.0800018310547,142.17999267578125,144.1999969482422,134.7978973388672,5293500
2022-11-15,144.0800018310547,146.16000366210938,142.0,144.33999633789062,134.9287567138672,4727100
2022-11-16,144.1300048828125,144.9499969482422,144.00999450683594,144.52000427246094,135.09701538085938,3445200
2022-11-17,143.41000366210938,146.17999267578125,143.25,146.08999633789062,136.5646514892578,3954000
2022-11-18,146.55999755859375,148.30999755859375,145.94000244140625,147.63999938964844,138.0135955810547,4661700
2022-11-21,147.5500030517578,147.92999267578125,146.4499969482422,146.67999267578125,137.1161651611328,3476200
2022-11-22,147.60000610351562,149.35000610351562,147.02000427246094,149.10000610351562,139.37840270996094,7062100
2022-11-23,149.10000610351562,150.4600067138672,148.3000030517578,148.75,139.0512237548828,3658200
2022-11-25,148.27000427246094,149.49000549316406,148.10000610351562,148.3699951171875,138.6959991455078,2075200
2022-11-28,147.97999572753906,148.24000549316406,145.94000244140625,146.17999267578125,136.64878845214844,3538100
2022-11-29,145.91000366210938,147.1699981689453,145.6999969482422,146.49000549316406,136.93856811523438,2754700
2022-11-30,146.19000244140625,149.63999938964844,145.6699981689453,148.89999389648438,139.19143676757812,6377600
2022-12-01,149.97999572753906,150.00999450683594,147.33999633789062,149.16000366210938,139.4344940185547,4495900
2022-12-02,148.1300048828125,149.16000366210938,147.72999572753906,148.6699981689453,138.97642517089844,2900000
2022-12-05,147.94000244140625,148.92999267578125,146.8000030517578,147.41000366210938,137.79859924316406,2784600
2022-12-06,147.3000030517578,147.8000030517578,146.6999969482422,147.5,137.88272094726562,2847600
2022-12-07,147.3300018310547,148.10000610351562,146.2899932861328,147.27000427246094,137.66773986816406,3971300
2022-12-08,147.89999389648438,149.14999389648438,147.3699951171875,147.77999877929688,138.14447021484375,2665700
2022-12-09,147.39999389648438,148.33999633789062,146.97000122070312,147.0500030517578,137.46206665039062,3047600
2022-12-12,147.82000732421875,149.2100067138672,146.94000244140625,149.2100067138672,139.48123168945312,4032800
2022-12-13,150.3699951171875,153.2100067138672,149.9499969482422,150.57000732421875,140.75254821777344,8811500
2022-12-14,150.47000122070312,151.91000366210938,148.4499969482422,149.86000061035156,140.08885192871094,4205900
2022-12-15,148.52000427246094,148.97999572753906,141.5800018310547,142.36000061035156,133.07786560058594,6687000
2022-12-16,141.25,141.9199981689453,138.97000122070312,140.16000366210938,131.02130126953125,9834400
2022-12-19,140.16000366210938,140.44000244140625,137.1999969482422,138.8699951171875,129.81539916992188,5282900
2022-12-20,138.83999633789062,141.42999267578125,138.33999633789062,141.27999877929688,132.0682830810547,5156500
2022-12-21,141.83999633789062,143.08999633789062,140.97999572753906,142.13999938964844,132.8721923828125,3793700
2022-12-22,140.9499969482422,141.44000244140625,138.6199951171875,140.8800048828125,131.69435119628906,3337100
2022-12-23,140.58999633789062,141.86000061035156,139.60000610351562,141.64999389648438,132.4141387939453,2092500
2022-12-27,141.72999572753906,142.72000122070312,141.22999572753906,142.4199981689453,133.13392639160156,2742400
2022-12-28,142.39999389648438,142.80999755859375,139.9499969482422,140.02000427246094,130.89044189453125,2539500
2022-12-29,140.5800018310547,142.25999450683594,140.4499969482422,141.05999755859375,131.86264038085938,2337200
2022-12-30,140.5399932861328,140.89999389648438,139.4499969482422,140.88999938964844,131.70370483398438,2858000
2023-01-03,141.10000610351562,141.89999389648438,140.47999572753906,141.5500030517578,132.32066345214844,3338600
2023-01-04,142.07000732421875,143.6199951171875,141.3699951171875,142.60000610351562,133.30223083496094,3869200
2023-01-05,142.44000244140625,142.5,140.00999450683594,141.11000061035156,131.90936279296875,2866600
2023-01-06,142.3800048828125,144.25,141.5800018310547,143.6999969482422,134.33047485351562,3574000
2023-01-09,144.0800018310547,145.47000122070312,143.39999389648438,143.5500030517578,134.19027709960938,3987700
2023-01-10,143.61000061035156,144.85000610351562,142.89999389648438,144.8000030517578,135.35877990722656,2152100
2023-01-11,145.0,145.52999877929688,143.4499969482422,145.25999450683594,135.7887725830078,3268700
2023-01-12,144.8800048828125,146.66000366210938,144.52000427246094,145.5500030517578,136.05984497070312,2715900
2023-01-13,144.05999755859375,146.10000610351562,144.00999450683594,145.88999938964844,136.37770080566406,2455700
2023-01-17,146.4199981689453,147.17999267578125,145.00999450683594,145.19000244140625,135.7233428955078,2986500
2023-01-18,144.39999389648438,144.67999267578125,140.22999572753906,140.41000366210938,131.2550048828125,6445600
2023-01-19,140.0,142.22999572753906,139.75,140.6199951171875,131.4512939453125,4833900
2023-01-20,141.6699981689453,141.86000061035156,140.50999450683594,141.1999969482422,131.99349975585938,7153300
2023-01-23,141.39999389648438,142.99000549316406,141.05999755859375,141.86000061035156,132.6104736328125,5898400
2023-01-24,141.25,142.75,140.0,141.49000549316406,132.26458740234375,4407600
2023-01-25,140.47000122070312,141.02999877929688,139.36000061035156,140.75999450683594,131.58218383789062,7347500
2023-01-26,137.52999877929688,138.27000427246094,132.97999572753906,134.4499969482422,125.68360900878906,17548500
2023-01-27,134.44000244140625,135.49000549316406,133.77000427246094,134.38999938964844,125.62752532958984,8143100
2023-01-30,134.32000732421875,136.11000061035156,133.97999572753906,135.3000030517578,126.47817993164062,5375700
2023-01-31,135.5,135.64999389648438,133.75999450683594,134.72999572753906,125.94535064697266,7206400
2023-02-01,134.49000549316406,135.7899932861328,132.8000030517578,135.08999633789062,126.28186798095703,5428900
2023-02-02,135.9600067138672,136.72000122070312,134.85000610351562,136.38999938964844,127.49712371826172,6107800
2023-02-03,136.35000610351562,136.9499969482422,135.52999877929688,136.94000244140625,128.01124572753906,3755700
2023-02-06,135.8300018310547,136.32000732421875,134.9499969482422,136.17999267578125,127.3008041381836,4841300
2023-02-07,135.6699981689453,136.39999389648438,134.4499969482422,135.83999633789062,126.98296356201172,3737600
2023-02-08,135.7100067138672,136.74000549316406,135.16000366210938,135.97999572753906,127.11385345458984,4593700
2023-02-09,134.99000549316406,135.72999572753906,133.33999633789062,133.75,126.56500244140625,3918800
2023-02-10,133.77999877929688,135.77000427246094,133.5,135.60000610351562,128.3156280517578,5049600
2023-02-13,136.0,137.38999938964844,135.85000610351562,137.35000610351562,129.9716033935547,4403000
2023-02-14,137.0500030517578,137.24000549316406,135.0500030517578,136.00999450683594,128.70359802246094,3202200
2023-02-15,135.1999969482422,136.4499969482422,135.07000732421875,136.39999389648438,129.07264709472656,2506700
2023-02-16,135.57000732421875,135.97000122070312,134.58999633789062,135.0,127.74786376953125,2965500
2023-02-17,134.5,135.5800018310547,133.88999938964844,135.02000427246094,127.76678466796875,3466200
2023-02-21,134.0,134.38999938964844,131.66000366210938,131.7100067138672,124.63460540771484,4257200
2023-02-22,131.89999389648438,131.99000549316406,130.2899932861328,130.97000122070312,123.9343490600586,3200200
2023-02-23,131.5,131.6999969482422,128.86000061035156,130.7899932861328,123.76400756835938,3725600
2023-02-24,129.6199951171875,130.6699981689453,129.22000122070312,130.57000732421875,123.55583190917969,3015800
2023-02-27,131.4199981689453,131.8699951171875,130.1300048828125,130.49000549316406,123.48013305664062,2761300
2023-02-28,130.5500030517578,130.61000061035156,129.13999938964844,129.3000030517578,122.35407257080078,5143100
2023-03-01,128.89999389648438,129.47000122070312,127.73999786376953,128.19000244140625,121.3036880493164,3760700
2023-03-02,128.38999938964844,129.22000122070312,127.70999908447266,128.92999267578125,122.0039291381836,3340100
2023-03-03,129.35000610351562,129.91000366210938,128.77000427246094,129.63999938964844,122.6758041381836,2860300
2023-03-06,129.63999938964844,130.86000061035156,129.58999633789062,130.19000244140625,123.19624328613281,3131200
2023-03-07,130.27999877929688,130.4199981689453,128.19000244140625,128.25,121.36045837402344,3530400
2023-03-08,128.47999572753906,128.74000549316406,127.55000305175781,128.0500030517578,121.17121124267578,2778800
2023-03-09,128.3000030517578,128.52999877929688,125.9800033569336,126.16000366210938,119.38275146484375,5478300
2023-03-10,126.12000274658203,127.29000091552734,125.12999725341797,125.44999694824219,118.71087646484375,5990900
2023-03-13,125.1500015258789,128.19000244140625,124.8499984741211,125.58000183105469,118.83390045166016,8188400
2023-03-14,126.48999786376953,126.63999938964844,123.19999694824219,124.6500015258789,117.95384979248047,8114800
2023-03-15,122.98999786376953,123.3499984741211,121.70999908447266,123.27999877929688,116.6574478149414,5989300
2023-03-16,122.95999908447266,124.81999969482422,121.91999816894531,124.69999694824219,118.00117492675781,6438700
2023-03-17,124.08000183105469,124.5199966430664,122.93000030517578,123.69000244140625,117.04542541503906,37400200
2023-03-20,124.30999755859375,126.16000366210938,124.19000244140625,125.94000244140625,119.17455291748047,4588300
2023-03-21,126.9000015258789,127.1500015258789,125.66000366210938,126.56999969482422,119.77071380615234,3856300
2023-03-22,127.0,127.22000122070312,124.01000213623047,124.05000305175781,117.38609313964844,3549000
2023-03-23,123.80999755859375,124.93000030517578,122.5999984741211,123.37000274658203,116.74261474609375,4651900
2023-03-24,123.36000061035156,125.4000015258789,122.87999725341797,125.29000091552734,118.5594711303711,3812300
2023-03-27,126.47000122070312,130.25999450683594,126.47000122070312,129.30999755859375,122.36351013183594,6524100
2023-03-28,129.17999267578125,129.66000366210938,128.8000030517578,129.33999633789062,122.39191436767578,2888900
2023-03-29,130.1199951171875,130.35000610351562,129.17999267578125,129.7100067138672,122.74203491210938,3279600
2023-03-30,130.16000366210938,131.47999572753906,129.10000610351562,129.22000122070312,122.27835083007812,3561800
2023-03-31,129.47000122070312,131.22999572753906,129.4199981689453,131.08999633789062,124.04790496826172,4524700
2023-04-03,130.97000122070312,132.61000061035156,130.77000427246094,132.05999755859375,124.96578979492188,3840100
2023-04-04,131.99000549316406,132.14999389648438,130.88999938964844,131.60000610351562,124.530517578125,3382800
2023-04-05,131.3699951171875,132.61000061035156,131.3699951171875,132.13999938964844,125.04148864746094,2898700
2023-04-06,132.16000366210938,132.60000610351562,130.32000732421875,130.5,123.4896011352539,3050600
2023-04-10,129.8300018310547,131.0800018310547,129.24000549316406,131.02999877929688,123.99111938476562,2614400
2023-04-11,130.5800018310547,131.10000610351562,130.17999267578125,130.4199981689453,123.41388702392578,3132400
2023-04-12,130.39999389648438,130.88999938964844,128.1699981689453,128.5399932861328,121.63488006591797,3957500
2023-04-13,128.00999450683594,128.38999938964844,126.0,127.9000015258789,121.02926635742188,5621500
2023-04-14,128.4600067138672,129.83999633789062,127.30999755859375,128.13999938964844,121.25637817382812,4180600
2023-04-17,128.3000030517578,128.72000122070312,126.80000305175781,127.81999969482422,120.95356750488281,3662700
2023-04-18,128.13999938964844,128.67999267578125,127.3499984741211,127.77999877929688,120.91570281982422,3193800
2023-04-19,126.5,126.9800033569336,125.30000305175781,126.31999969482422,119.53414154052734,7014400
2023-04-20,130.14999389648438,130.97999572753906,125.83999633789062,126.36000061035156,119.5719985961914,9749600
2023-04-21,126.0,126.69999694824219,125.2699966430664,125.7300033569336,118.97583770751953,6725400
2023-04-24,125.55000305175781,126.05000305175781,124.55999755859375,125.4000015258789,118.66357421875,4043900
2023-04-25,124.9000015258789,126.19000244140625,124.76000213623047,125.88999938964844,119.12723541259766,4275400
2023-04-26,125.80999755859375,126.55000305175781,125.12000274658203,125.8499984741211,119.08938598632812,4070200
2023-04-27,126.37000274658203,127.0199966430664,125.45999908447266,126.97000122070312,120.14923095703125,3204900
2023-04-28,126.58000183105469,127.25,125.63999938964844,126.41000366210938,119.61930847167969,5060500
2023-05-01,126.3499984741211,126.75,126.05999755859375,126.08999633789062,119.31649780273438,2725000
2023-05-02,126.30000305175781,126.44999694824219,123.2699966430664,125.16000366210938,118.43646240234375,4445300
2023-05-03,125.45999908447266,125.56999969482422,123.26000213623047,123.44999694824219,116.81831359863281,4554200
2023-05-04,123.02999877929688,123.5199966430664,121.76000213623047,122.56999969482422,115.98558807373047,4468200
2023-05-05,123.11000061035156,124.0999984741211,122.80999755859375,123.6500015258789,117.00757598876953,4970800
2023-05-08,123.76000213623047,123.91999816894531,122.55000305175781,123.4000015258789,116.77099609375,3663800
2023-05-09,121.9000015258789,121.97000122070312,120.66000366210938,121.16999816894531,116.2242660522461,4540000
2023-05-10,121.98999786376953,122.48999786376953,121.0999984741211,122.0199966430664,117.03956604003906,4189200
2023-05-11,122.0199966430664,122.23999786376953,120.55000305175781,120.9000015258789,115.96528625488281,3446500
2023-05-12,121.41000366210938,122.86000061035156,121.11000061035156,122.83999633789062,117.82610321044922,4560500
2023-05-15,123.0,123.69000244140625,122.33999633789062,123.36000061035156,118.32487487792969,2915700
2023-05-16,123.3499984741211,123.86000061035156,122.44999694824219,123.45999908447266,118.4207992553711,2748400
2023-05-17,123.94000244140625,125.8499984741211,123.47000122070312,125.70999908447266,120.5789566040039,4515100
2023-05-18,125.30000305175781,126.51000213623047,125.19000244140625,126.1500015258789,121.0009994506836,3797900
2023-05-19,126.79000091552734,128.2899932861328,126.55000305175781,127.26000213623047,122.0656967163086,4305800
2023-05-22,127.5,128.19000244140625,127.1500015258789,127.5,122.29589080810547,2806800
2023-05-23,127.23999786376953,129.08999633789062,127.12999725341797,128.17999267578125,122.94813537597656,4592300
2023-05-24,127.81999969482422,127.9000015258789,125.47000122070312,125.68000030517578,120.55018615722656,3915500
2023-05-25,125.61000061035156,127.2300033569336,125.01000213623047,126.76000213623047,121.58611297607422,4102900
2023-05-26,127.05999755859375,129.66000366210938,126.80999755859375,128.88999938964844,123.62916564941406,5612600
2023-05-30,129.55999755859375,130.07000732421875,128.25999450683594,129.47999572753906,124.19508361816406,3741100
2023-05-31,128.50999450683594,129.44000244140625,127.45999908447266,128.58999633789062,123.34140014648438,11590200
2023-06-01,128.44000244140625,130.14999389648438,127.77999877929688,129.82000732421875,124.52122497558594,4136100
2023-06-02,130.3800048828125,133.1199951171875,130.14999389648438,132.4199981689453,127.01508331298828,5373900
2023-06-05,133.1199951171875,133.5800018310547,132.27000427246094,132.63999938964844,127.22610473632812,3993500
2023-06-06,132.42999267578125,132.94000244140625,131.8800048828125,132.69000244140625,127.27406311035156,3298000
2023-06-07,132.5,134.44000244140625,132.19000244140625,134.3800048828125,128.89508056640625,5772000
2023-06-08,134.69000244140625,135.97999572753906,134.00999450683594,134.41000366210938,128.92385864257812,4128500
2023-06-09,134.36000061035156,136.10000610351562,134.1699981689453,135.3000030517578,129.7775421142578,3981500
2023-06-12,136.0,136.6199951171875,135.82000732421875,136.4199981689453,130.851806640625,4494500
2023-06-13,136.50999450683594,138.1699981689453,136.0,137.60000610351562,131.98367309570312,3927300
2023-06-14,137.8000030517578,138.92999267578125,136.94000244140625,137.1999969482422,131.5999755859375,4514900
2023-06-15,137.27000427246094,138.8000030517578,137.17999267578125,138.39999389648438,132.75099182128906,3812600
2023-06-16,139.22999572753906,139.47000122070312,137.47000122070312,137.47999572753906,131.8685302734375,7473100
2023-06-20,136.36000061035156,137.22999572753906,135.88999938964844,135.9600067138672,130.41058349609375,4271300
2023-06-21,135.11000061035156,135.38999938964844,133.2899932861328,133.69000244140625,128.23324584960938,5501300
2023-06-22,131.67999267578125,132.9600067138672,130.67999267578125,131.1699981689453,125.81610870361328,6012800
2023-06-23,130.39999389648438,130.6199951171875,129.17999267578125,129.42999267578125,124.14712524414062,11324700
2023-06-26,129.38999938964844,131.41000366210938,129.30999755859375,131.33999633789062,125.9791488647461,4845600
2023-06-27,131.3000030517578,132.9499969482422,130.8300018310547,132.33999633789062,126.9383316040039,3219900
2023-06-28,132.05999755859375,132.1699981689453,130.91000366210938,131.75999450683594,126.38201141357422,2753800
2023-06-29,131.75,134.35000610351562,131.69000244140625,134.05999755859375,128.588134765625,3639800
2023-06-30,134.69000244140625,135.02999877929688,133.42999267578125,133.80999755859375,128.3483428955078,4236400
2023-07-03,133.4199981689453,134.35000610351562,132.8699951171875,133.6699981689453,128.2140655517578,1477100
2023-07-05,133.32000732421875,134.30999755859375,132.58999633789062,134.24000549316406,128.7607879638672,2955100
2023-07-06,133.24000549316406,133.89999389648438,131.5500030517578,132.16000366210938,126.76570129394531,3507700
2023-07-07,131.77999877929688,133.85000610351562,131.75,132.0800018310547,126.68896484375,2982400
2023-07-10,131.75999450683594,133.0500030517578,131.6999969482422,132.89999389648438,127.47550201416016,2369200
2023-07-11,133.66000366210938,134.55999755859375,133.22999572753906,134.44000244140625,128.95265197753906,2925200
2023-07-12,135.07000732421875,135.3300018310547,132.57000732421875,132.83999633789062,127.41793060302734,3732200
2023-07-13,133.50999450683594,135.07000732421875,133.36000061035156,133.9199981689453,128.453857421875,3221400
2023-07-14,133.91000366210938,133.9199981689453,132.94000244140625,133.39999389648438,127.95506286621094,2860700
2023-07-17,133.25999450683594,134.61000061035156,133.10000610351562,134.24000549316406,128.7607879638672,3167400
2023-07-18,134.7100067138672,135.9499969482422,134.2899932861328,135.36000061035156,129.8350830078125,3852100
2023-07-19,135.52999877929688,136.4499969482422,135.19000244140625,135.47999572753906,129.95018005371094,5520000
2023-07-20,137.19000244140625,140.32000732421875,136.55999755859375,138.3800048828125,132.7318115234375,10896300
2023-07-21,138.2100067138672,139.77999877929688,137.75999450683594,138.94000244140625,133.26895141601562,5858600
2023-07-24,139.35000610351562,140.1199951171875,138.77999877929688,139.5399932861328,133.84445190429688,3475200
2023-07-25,139.4199981689453,140.42999267578125,139.0399932861328,140.3300018310547,134.6022186279297,3770800
2023-07-26,140.44000244140625,141.25,139.8800048828125,141.07000732421875,135.31202697753906,4046400
2023-07-27,142.3000030517578,143.3800048828125,141.89999389648438,142.97000122070312,137.13446044921875,6331600
2023-07-28,143.44000244140625,143.9499969482422,142.85000610351562,143.4499969482422,137.59487915039062,6686400
2023-07-31,143.80999755859375,144.60000610351562,143.52999877929688,144.17999267578125,138.29507446289062,6138100
2023-08-01,144.25,144.47999572753906,142.1699981689453,143.3300018310547,137.47976684570312,4797700
2023-08-02,142.77999877929688,144.3000030517578,142.30999755859375,144.1699981689453,138.28549194335938,4957400
2023-08-03,143.77999877929688,145.22000122070312,143.30999755859375,144.4499969482422,138.55404663085938,3951900
2023-08-04,145.08999633789062,146.08999633789062,143.99000549316406,144.24000549316406,138.35264587402344,4223100
2023-08-07,145.0,146.5,144.92999267578125,146.17999267578125,140.21343994140625,3438700
2023-08-08,145.6999969482422,146.14999389648438,144.11000061035156,145.91000366210938,139.9544677734375,4654600
2023-08-09,144.94000244140625,144.94000244140625,142.3000030517578,142.49000549316406,138.24688720703125,4072900
2023-08-10,143.0399932861328,144.5800018310547,142.69000244140625,143.25,138.98423767089844,4735800
2023-08-11,143.1199951171875,143.4499969482422,142.2100067138672,143.1199951171875,138.8581085205078,2526000
2023-08-14,143.0500030517578,143.3699951171875,141.8000030517578,141.91000366210938,137.6841583251953,4226400
2023-08-15,141.5,142.30999755859375,141.1999969482422,141.8699951171875,137.64532470703125,3656600
2023-08-16,141.6999969482422,142.08999633789062,140.55999755859375,140.63999938964844,136.4519805908203,3285300
2023-08-17,141.00999450683594,142.66000366210938,140.60000610351562,140.66000366210938,136.47137451171875,3742100
2023-08-18,140.0,141.8300018310547,139.75999450683594,141.41000366210938,137.19903564453125,3914700
2023-08-21,141.4199981689453,142.38999938964844,141.11000061035156,142.27999877929688,138.04312133789062,2937800
2023-08-22,142.66000366210938,143.22999572753906,141.3000030517578,141.49000549316406,137.2766571044922,3557500
2023-08-23,141.72000122070312,143.47999572753906,141.5800018310547,143.41000366210938,139.1394805908203,2559100
2023-08-24,143.50999450683594,144.47000122070312,143.22000122070312,143.5500030517578,139.27529907226562,2900200
2023-08-25,144.17999267578125,145.47000122070312,143.5,145.35000610351562,141.02171325683594,3660100
2023-08-28,145.41000366210938,146.74000549316406,145.2100067138672,146.02000427246094,141.6717529296875,3561100
2023-08-29,146.3000030517578,146.72999572753906,145.6199951171875,146.4499969482422,142.0889434814453,2778100
2023-08-30,146.4199981689453,146.9199981689453,145.75,146.86000061035156,142.4867401123047,2245400
2023-08-31,146.94000244140625,147.72999572753906,146.5399932861328,146.8300018310547,142.4576416015625,3885900
2023-09-01,147.25999450683594,148.10000610351562,146.9199981689453,147.94000244140625,143.5345916748047,2727500
2023-09-05,147.91000366210938,149.0,147.57000732421875,148.1300048828125,143.71893310546875,3731300
2023-09-06,147.66000366210938,148.3300018310547,147.1199951171875,148.05999755859375,143.6510009765625,2932200
2023-09-07,148.1300048828125,148.77999877929688,147.39999389648438,147.52000427246094,143.12709045410156,3332900
2023-09-08,147.35000610351562,148.58999633789062,147.25999450683594,147.67999267578125,143.28231811523438,3722800
2023-09-11,148.57000732421875,148.77999877929688,147.5800018310547,148.3800048828125,143.96148681640625,3273600
2023-09-12,147.9199981689453,148.0,145.8000030517578,146.3000030517578,141.94342041015625,4457700
2023-09-13,145.9499969482422,146.97999572753906,145.9199981689453,146.5500030517578,142.1859893798828,2627800
2023-09-14,147.3800048828125,147.72999572753906,146.47999572753906,147.35000610351562,142.962158203125,2723100
2023-09-15,147.11000061035156,147.85000610351562,145.52999877929688,145.99000549316406,141.6426544189453,6231400
2023-09-18,145.77000427246094,146.47999572753906,145.05999755859375,145.08999633789062,140.7694549560547,2508100
2023-09-19,145.0,146.72000122070312,144.66000366210938,146.52000427246094,142.15687561035156,3945400
2023-09-20,148.36000061035156,151.92999267578125,148.1300048828125,149.8300018310547,145.36831665039062,9632400
2023-09-21,149.0,149.25,147.30999755859375,147.3800048828125,142.9912567138672,4944600
2023-09-22,147.41000366210938,148.10000610351562,146.82000732421875,146.91000366210938,142.53526306152344,2562000
2023-09-25,146.57000732421875,147.42999267578125,146.25,146.47999572753906,142.11805725097656,2694200
2023-09-26,145.50999450683594,146.1699981689453,143.02000427246094,143.24000549316406,138.97454833984375,4824700
2023-09-27,143.6699981689453,143.82000732421875,141.75999450683594,143.1699981689453,138.9066162109375,4439800
2023-09-28,142.13999938964844,142.27999877929688,140.2100067138672,141.5800018310547,137.3639678955078,5783200
2023-09-29,142.0,142.1300048828125,139.61000061035156,140.3000030517578,136.12210083007812,5703600
2023-10-02,140.0399932861328,141.4499969482422,139.86000061035156,140.8000030517578,136.60720825195312,3275300
2023-10-03,140.8699951171875,141.63999938964844,140.0,140.38999938964844,136.20941162109375,3284400
2023-10-04,140.3699951171875,141.1999969482422,139.99000549316406,141.07000732421875,136.86917114257812,2637600
2023-10-05,140.89999389648438,141.6999969482422,140.19000244140625,141.52000427246094,137.30577087402344,3223900
2023-10-06,141.39999389648438,142.94000244140625,140.11000061035156,142.02999877929688,137.80056762695312,3511100
2023-10-09,142.3000030517578,142.39999389648438,140.67999267578125,142.1999969482422,137.96551513671875,2354400
2023-10-10,142.60000610351562,143.4199981689453,141.72000122070312,142.11000061035156,137.87820434570312,3015800
2023-10-11,142.50999450683594,143.33999633789062,142.13999938964844,143.22999572753906,138.96482849121094,2511500
2023-10-12,142.50999450683594,142.92999267578125,140.9499969482422,141.24000549316406,137.0341033935547,3921100
2023-10-13,139.77000427246094,140.1199951171875,138.27000427246094,138.4600067138672,134.33689880371094,4582800
2023-10-16,139.27999877929688,139.77999877929688,138.52000427246094,139.2100067138672,135.06455993652344,3361500
2023-10-17,137.1199951171875,140.6199951171875,136.30999755859375,140.32000732421875,136.14149475097656,4172800
2023-10-18,140.0,140.42999267578125,139.5800018310547,139.97000122070312,135.80191040039062,3330000
2023-10-19,138.63999938964844,139.41000366210938,137.92999267578125,138.00999450683594,133.9002685546875,5314200
2023-10-20,138.14999389648438,139.27000427246094,137.1199951171875,137.16000366210938,133.07559204101562,4865300
2023-10-23,136.6300048828125,137.67999267578125,135.8699951171875,136.3800048828125,132.31883239746094,3457500
2023-10-24,136.74000549316406,137.97999572753906,136.0500030517578,137.7899932861328,133.68682861328125,3698000
2023-10-25,137.5,138.49000549316406,136.3300018310547,137.0800018310547,132.99798583984375,6472500
2023-10-26,142.1999969482422,144.41000366210938,141.5800018310547,143.75999450683594,139.4790496826172,11130200
2023-10-27,143.6199951171875,144.6999969482422,141.7100067138672,142.52000427246094,138.27598571777344,5469200
2023-10-30,143.19000244140625,144.5,142.5800018310547,142.6300048828125,138.38272094726562,4204100
2023-10-31,143.0,144.75999450683594,142.58999633789062,144.63999938964844,140.3328399658203,6591800
2023-11-01,145.0,146.50999450683594,144.4499969482422,145.39999389648438,141.07020568847656,4750100
2023-11-02,145.77000427246094,147.10000610351562,144.83999633789062,147.00999450683594,142.63226318359375,3902700
2023-11-03,147.4499969482422,148.4499969482422,147.27999877929688,147.89999389648438,143.49575805664062,3510100
2023-11-06,147.88999938964844,149.22999572753906,147.85000610351562,148.97000122070312,144.53392028808594,4597200
2023-11-07,149.02999877929688,149.27999877929688,148.02999877929688,148.8300018310547,144.39808654785156,3549900
2023-11-08,149.25,149.67999267578125,147.58999633789062,148.02999877929688,143.6219024658203,3618600
2023-11-09,146.5500030517578,146.99000549316406,145.27999877929688,146.6199951171875,143.86721801757812,3412700
2023-11-10,147.44000244140625,149.1699981689453,146.85000610351562,149.02000427246094,146.22216796875,3179000
2023-11-13,148.4600067138672,148.49000549316406,147.35000610351562,148.10000610351562,145.31942749023438,2647200
2023-11-14,149.4499969482422,150.80999755859375,149.0500030517578,150.41000366210938,147.5860595703125,4321900
2023-11-15,150.39999389648438,153.22000122070312,150.39999389648438,152.5800018310547,149.71531677246094,4632500
2023-11-16,153.0,153.35000610351562,152.1300048828125,153.05999755859375,150.18629455566406,3519200
2023-11-17,153.2899932861328,153.5,152.4600067138672,152.88999938964844,150.01950073242188,4426500
2023-11-20,152.50999450683594,154.67999267578125,152.35000610351562,154.35000610351562,151.45208740234375,3658500
2023-11-21,154.60000610351562,154.66000366210938,153.50999450683594,153.91000366210938,151.02035522460938,2859500
2023-11-22,154.5,155.7100067138672,154.16000366210938,155.1300048828125,152.2174530029297,3044700
2023-11-24,155.1300048828125,155.39999389648438,153.9199981689453,155.17999267578125,152.2664794921875,1799200
2023-11-27,154.99000549316406,156.13999938964844,154.75,155.57000732421875,152.64918518066406,4053100
2023-11-28,155.44000244140625,155.75,154.86000061035156,155.64999389648438,152.72767639160156,2666200
2023-11-29,156.14999389648438,157.50999450683594,156.02000427246094,156.41000366210938,153.47340393066406,3568900
2023-11-30,156.9499969482422,158.60000610351562,156.88999938964844,158.55999755859375,155.58303833007812,6740600
2023-12-01,158.41000366210938,160.58999633789062,158.0,160.5500030517578,157.53567504882812,4871000
2023-12-04,160.2899932861328,162.7899932861328,160.2899932861328,161.10000610351562,158.0753631591797,5779000
2023-12-05,160.75999450683594,162.47000122070312,160.72000122070312,161.38999938964844,158.3599090576172,4556700
2023-12-06,161.58999633789062,162.35000610351562,160.00999450683594,160.27999877929688,157.27073669433594,3555900
2023-12-07,161.0,161.47000122070312,159.97000122070312,160.22000122070312,157.2118682861328,3665500
2023-12-08,160.0,162.0399932861328,160.0,161.9600067138672,158.91920471191406,4560400
2023-12-11,162.67999267578125,163.64999389648438,161.9499969482422,163.50999450683594,160.44009399414062,6077200
2023-12-12,163.27000427246094,166.33999633789062,162.9199981689453,164.7100067138672,161.61756896972656,5292300
2023-12-13,164.3699951171875,164.97000122070312,162.74000549316406,163.6199951171875,160.54803466796875,4989100
2023-12-14,162.92999267578125,163.5,160.14999389648438,162.91000366210938,159.8513641357422,6129800
2023-12-15,162.3000030517578,164.08999633789062,162.0399932861328,162.22999572753906,159.1841278076172,11015600
2023-12-18,162.22999572753906,163.3300018310547,161.5800018310547,162.74000549316406,159.68455505371094,3677300
2023-12-19,161.8000030517578,162.27999877929688,161.32000732421875,161.55999755859375,158.52671813964844,3766600
2023-12-20,161.2899932861328,161.8000030517578,160.00999450683594,160.0500030517578,157.04505920410156,4865800
2023-12-21,160.58999633789062,161.0800018310547,159.52999877929688,160.77999877929688,157.7613525390625,2982900
2023-12-22,161.10000610351562,162.41000366210938,161.0,162.13999938964844,159.0958251953125,2439800
2023-12-26,162.22999572753906,163.30999755859375,162.0500030517578,163.2100067138672,160.14573669433594,1772400
2023-12-27,163.13999938964844,163.63999938964844,162.67999267578125,163.4600067138672,160.39105224609375,3234600
2023-12-28,163.9600067138672,163.9600067138672,163.39999389648438,163.75,160.67559814453125,2071300
2023-12-29,163.75,164.17999267578125,162.8300018310547,163.5500030517578,160.47935485839844,2525600
2024-01-02,162.8300018310547,163.2899932861328,160.4600067138672,161.5,158.46783447265625,3825000
2024-01-03,161.0,161.72999572753906,160.0800018310547,160.10000610351562,157.09413146972656,4086100
2024-01-04,160.22000122070312,161.80999755859375,160.1699981689453,160.86000061035156,157.83985900878906,3212000
2024-01-05,159.91000366210938,160.5500030517578,158.6699981689453,159.16000366210938,156.17178344726562,4199400
2024-01-08,158.69000244140625,161.22000122070312,157.88999938964844,161.13999938964844,158.11459350585938,3321700
2024-01-09,160.0,160.47999572753906,159.50999450683594,160.0800018310547,157.0745086669922,2617200
2024-01-10,160.27999877929688,161.33999633789062,159.74000549316406,161.22999572753906,158.20289611816406,2967800
2024-01-11,161.02000427246094,162.22999572753906,160.2899932861328,162.16000366210938,159.11544799804688,3778200
2024-01-12,162.97000122070312,165.97999572753906,162.35000610351562,165.8000030517578,162.68710327148438,4956400
2024-01-16,165.8000030517578,167.25,165.33999633789062,166.9600067138672,163.82533264160156,4869600
2024-01-17,166.7899932861328,167.82000732421875,165.5,166.0800018310547,162.96185302734375,4288600
2024-01-18,166.49000549316406,166.99000549316406,165.0399932861328,166.83999633789062,163.7075653076172,3776900
2024-01-19,170.58999633789062,171.5800018310547,169.17999267578125,171.47999572753906,168.2604522705078,6925800
2024-01-22,172.82000732421875,174.4499969482422,172.39999389648438,172.8300018310547,169.5851287841797,4926000
2024-01-23,172.89999389648438,174.02000427246094,172.47999572753906,173.94000244140625,170.67428588867188,3983500
2024-01-24,174.75999450683594,174.86000061035156,172.89999389648438,173.92999267578125,170.66445922851562,9097800
2024-01-25,184.9600067138672,196.89999389648438,184.8300018310547,190.42999267578125,186.8546600341797,29596200
2024-01-26,191.30999755859375,192.38999938964844,186.16000366210938,187.4199981689453,183.90118408203125,9895900
2024-01-29,187.4600067138672,189.4600067138672,186.0500030517578,187.13999938964844,183.62644958496094,6107900
2024-01-30,187.7100067138672,188.64999389648438,186.77000427246094,187.8699951171875,184.3427276611328,4575100
2024-01-31,187.0500030517578,187.64999389648438,183.13999938964844,183.66000366210938,180.21177673339844,8876100
2024-02-01,183.6300048828125,187.50999450683594,182.7100067138672,186.89999389648438,183.3909454345703,4669400
2024-02-02,187.10000610351562,187.38999938964844,185.6199951171875,185.7899932861328,182.30178833007812,4054200
2024-02-05,185.50999450683594,185.77999877929688,183.25999450683594,183.4199981689453,179.97628784179688,4379600
2024-02-06,183.5500030517578,184.67999267578125,183.0399932861328,183.41000366210938,179.9664764404297,3337600
2024-02-07,183.33999633789062,184.02000427246094,182.6300048828125,183.74000549316406,180.290283203125,4841200
2024-02-08,182.6300048828125,184.5500030517578,181.49000549316406,184.36000061035156,182.54786682128906,5161200
2024-02-09,184.44000244140625,187.17999267578125,183.85000610351562,186.33999633789062,184.50840759277344,5064600
2024-02-12,185.89999389648438,186.47999572753906,184.02999877929688,186.16000366210938,184.33018493652344,4724000
2024-02-13,184.27999877929688,184.77000427246094,182.36000061035156,183.6999969482422,181.8943634033203,4290500
2024-02-14,185.0,185.0,182.25999450683594,183.57000732421875,181.76564025878906,3173400
2024-02-15,183.6199951171875,186.97999572753906,183.6199951171875,186.8699951171875,185.033203125,4714300
2024-02-16,186.6300048828125,188.9499969482422,185.9499969482422,187.63999938964844,185.79563903808594,4841900
2024-02-20,187.63999938964844,188.77000427246094,183.05999755859375,183.44000244140625,181.6369171142578,4247200
2024-02-21,182.55999755859375,183.02999877929688,178.75,179.6999969482422,177.9336700439453,4728500
2024-02-22,182.4499969482422,184.5500030517578,181.92999267578125,184.2100067138672,182.39935302734375,5078400
2024-02-23,184.89999389648438,186.4600067138672,184.57000732421875,185.72000122070312,183.89450073242188,3433800
2024-02-26,185.60000610351562,186.1300048828125,184.05999755859375,184.1300048828125,182.3201446533203,4620800
2024-02-27,184.16000366210938,185.1300048828125,182.6199951171875,184.8699951171875,183.0528564453125,3641400
2024-02-28,184.6300048828125,185.3699951171875,183.5500030517578,185.3000030517578,183.4786376953125,3216300
2024-02-29,186.14999389648438,186.85000610351562,184.69000244140625,185.02999877929688,183.21128845214844,6458500
2024-03-01,185.49000549316406,188.3800048828125,185.17999267578125,188.1999969482422,186.35012817382812,4017300
2024-03-04,187.75999450683594,193.89999389648438,187.60000610351562,193.05999755859375,191.162353515625,7938300
2024-03-05,192.0,193.94000244140625,190.57000732421875,191.9499969482422,190.06326293945312,5653600
2024-03-06,193.5,198.1300048828125,192.9600067138672,196.16000366210938,194.2318878173828,6945800
2024-03-07,197.5800018310547,198.72999572753906,196.13999938964844,196.5399932861328,194.60813903808594,4604500
2024-03-08,196.05999755859375,197.77000427246094,194.3800048828125,195.9499969482422,194.02395629882812,3942500
2024-03-11,195.08999633789062,195.3800048828125,190.8800048828125,191.72999572753906,189.84542846679688,4725100
2024-03-12,192.4600067138672,199.17999267578125,192.14999389648438,197.77999877929688,195.83596801757812,5880100
2024-03-13,197.5500030517578,198.10000610351562,195.32000732421875,196.6999969482422,194.76657104492188,3993300
2024-03-14,196.9499969482422,197.75,192.1199951171875,193.42999267578125,191.52871704101562,4109600
2024-03-15,191.99000549316406,193.05999755859375,190.6999969482422,191.07000732421875,189.19192504882812,8827900
2024-03-18,191.6999969482422,193.22999572753906,190.32000732421875,191.69000244140625,189.8058319091797,5410600
2024-03-19,191.49000549316406,193.5800018310547,190.27999877929688,193.33999633789062,191.43960571289062,5317300
2024-03-20,192.8699951171875,193.97999572753906,191.30999755859375,193.9600067138672,192.0535125732422,3238600
2024-03-21,193.0,193.3699951171875,190.00999450683594,191.89999389648438,190.0137481689453,6013600
2024-03-22,192.0,192.99000549316406,190.50999450683594,190.83999633789062,188.96417236328125,3987700
2024-03-25,190.25999450683594,190.82000732421875,188.75,188.7899932861328,186.934326171875,3718300
2024-03-26,189.02000427246094,190.0,188.5,188.5,186.64718627929688,4229500
2024-03-27,189.60000610351562,190.9600067138672,188.60000610351562,190.8000030517578,188.92457580566406,3693300
2024-03-28,190.94000244140625,191.92999267578125,190.33999633789062,190.9600067138672,189.0830078125,3742200
2024-04-01,190.0,190.4600067138672,188.52000427246094,189.8300018310547,187.964111328125,2364300
2024-04-02,189.13999938964844,189.8000030517578,187.60000610351562,188.8800048828125,187.02345275878906,2693500
2024-04-03,188.60000610351562,191.35000610351562,188.49000549316406,190.89999389648438,189.02359008789062,2826200
2024-04-04,192.0,193.27999877929688,187.33999633789062,187.94000244140625,186.09268188476562,2983900
2024-04-05,188.58999633789062,190.32000732421875,188.02000427246094,189.13999938964844,187.2808837890625,2013600
2024-04-08,189.24000549316406,190.24000549316406,188.91000366210938,189.82000732421875,187.95420837402344,2678300
2024-04-09,190.5399932861328,191.25,186.66000366210938,189.30999755859375,187.44921875,2794200
2024-04-10,187.4199981689453,187.9199981689453,185.52000427246094,186.0399932861328,184.2113494873047,3081700
2024-04-11,186.0399932861328,186.8000030517578,184.5800018310547,185.89999389648438,184.07272338867188,2861700
2024-04-12,184.0,185.1699981689453,181.69000244140625,182.27000427246094,180.47842407226562,3545100
2024-04-15,185.57000732421875,187.47999572753906,180.8800048828125,181.25,179.46844482421875,3528100
2024-04-16,185.58999633789062,185.7100067138672,182.86000061035156,183.75,181.94386291503906,4473700
2024-04-17,184.16000366210938,184.6699981689453,181.77999877929688,183.10000610351562,181.30026245117188,3003000
2024-04-18,182.35000610351562,183.4600067138672,180.1699981689453,181.47000122070312,179.686279296875,2886700
2024-04-19,182.42999267578125,182.8000030517578,180.57000732421875,181.5800018310547,179.79519653320312,3037600
2024-04-22,182.4499969482422,183.32000732421875,180.4499969482422,181.89999389648438,180.11204528808594,3076500
2024-04-23,182.72999572753906,184.67999267578125,179.0,182.19000244140625,180.39920043945312,5950200
2024-04-24,183.1699981689453,184.2899932861328,181.39999389648438,184.10000610351562,182.29043579101562,7616600
2024-04-25,168.1999969482422,172.4499969482422,165.66000366210938,168.91000366210938,167.24974060058594,16702200
2024-04-26,167.5,167.8699951171875,165.72999572753906,167.1300048828125,165.48724365234375,8983800
2024-04-29,167.39999389648438,168.22000122070312,166.22999572753906,167.42999267578125,165.78427124023438,5242200
2024-04-30,166.49000549316406,166.75999450683594,165.25999450683594,166.1999969482422,164.56637573242188,6011600
2024-05-01,165.69000244140625,166.27000427246094,164.3000030517578,164.42999267578125,162.8137664794922,4029900
2024-05-02,164.35000610351562,164.8800048828125,162.6199951171875,164.69000244140625,163.0712127685547,3829900
2024-05-03,165.0,166.61000061035156,164.9199981689453,165.7100067138672,164.08119201660156,3400400
2024-05-06,166.5,168.6699981689453,166.3800048828125,168.61000061035156,166.9526824951172,4222300
2024-05-07,169.0,169.2899932861328,167.94000244140625,168.3800048828125,166.72494506835938,3155300
2024-05-08,168.00999450683594,170.25999450683594,167.89999389648438,169.89999389648438,168.22999572753906,3522000
2024-05-09,167.5,167.5500030517578,165.8800048828125,166.27000427246094,166.27000427246094,4266600
2024-05-10,167.1300048828125,168.07000732421875,166.32000732421875,167.14999389648438,167.14999389648438,2255400
2024-05-13,167.5,168.05999755859375,166.75999450683594,167.55999755859375,167.55999755859375,2414900
2024-05-14,167.86000061035156,168.1300048828125,166.47999572753906,167.36000061035156,167.36000061035156,2601000
2024-05-15,167.94000244140625,168.35000610351562,167.33999633789062,168.25999450683594,168.25999450683594,4468800
2024-05-16,168.25999450683594,169.6300048828125,167.7899932861328,168.97000122070312,168.97000122070312,3492300
2024-05-17,168.97000122070312,169.11000061035156,167.3300018310547,169.02999877929688,169.02999877929688,2956400
2024-05-20,169.0,170.16000366210938,168.3800048828125,169.9199981689453,169.9199981689453,2726300
2024-05-21,169.94000244140625,174.97000122070312,169.94000244140625,173.47000122070312,173.47000122070312,6459800
2024-05-22,173.38999938964844,174.99000549316406,172.75999450683594,173.69000244140625,173.69000244140625,3294900
2024-05-23,175.38999938964844,175.4600067138672,170.44000244140625,170.6699981689453,170.6699981689453,3341300
2024-05-24,171.47999572753906,172.00999450683594,170.2100067138672,170.88999938964844,170.88999938964844,2587400
2024-05-28,170.44000244140625,171.08999633789062,168.64999389648438,169.66000366210938,169.66000366210938,2629500
2024-05-29,168.0,168.6300048828125,166.2100067138672,167.0500030517578,167.0500030517578,4206600
2024-05-30,165.55999755859375,166.72999572753906,164.22999572753906,165.6300048828125,165.6300048828125,3853000
2024-05-31,165.6999969482422,166.97000122070312,163.83999633789062,166.85000610351562,166.85000610351562,4905000
2024-06-03,166.5399932861328,166.77999877929688,163.52999877929688,165.27999877929688,165.27999877929688,2776100
2024-06-04,164.60000610351562,166.39999389648438,163.8800048828125,165.80999755859375,165.80999755859375,2594200
2024-06-05,166.41000366210938,167.7899932861328,165.77999877929688,167.3800048828125,167.3800048828125,3049400
2024-06-06,167.3800048828125,168.44000244140625,166.8000030517578,168.1999969482422,168.1999969482422,2207100
2024-06-07,168.17999267578125,171.30999755859375,168.05999755859375,170.00999450683594,170.00999450683594,3475500
2024-06-10,169.5500030517578,170.75999450683594,168.8800048828125,170.3800048828125,170.3800048828125,3444700
2024-06-11,169.97999572753906,170.0,166.80999755859375,169.32000732421875,169.32000732421875,2951300
2024-06-12,171.35000610351562,172.47000122070312,168.10000610351562,169.0,169.0,3522700
2024-06-13,169.00999450683594,169.58999633789062,168.33999633789062,169.1199951171875,169.1199951171875,3525700
2024-06-14,168.2899932861328,169.47000122070312,167.22999572753906,169.2100067138672,169.2100067138672,2777700
2024-06-17,168.75999450683594,169.72000122070312,167.5,169.5,169.5,3239800
2024-06-18,170.0,170.75,168.3800048828125,170.5500030517578,170.5500030517578,3386400
2024-06-20,174.0800018310547,174.27999877929688,171.22000122070312,173.9199981689453,173.9199981689453,4723100
2024-06-21,173.97000122070312,174.9600067138672,171.39999389648438,172.4600067138672,172.4600067138672,10182000
2024-06-24,175.0,178.4600067138672,174.14999389648438,175.00999450683594,175.00999450683594,4864700
2024-06-25,175.13999938964844,175.75,171.4199981689453,172.60000610351562,172.60000610351562,4119300
2024-06-26,171.27999877929688,172.67999267578125,170.41000366210938,171.8699951171875,171.8699951171875,2779000
2024-06-27,171.1199951171875,172.5,170.47999572753906,170.85000610351562,170.85000610351562,2894000
2024-06-28,170.85000610351562,173.4600067138672,170.52999877929688,172.9499969482422,172.9499969482422,4193300
